ISO-10303-21;
HEADER;
FILE_DESCRIPTION(('ViewDefinition[DesignTransferView]'),'2;1');
FILE_NAME('s04-activity.ifc','2026-10-05T22:39:23+08:00',(''),(''),'IfcOpenShell 0.8.5-post1','Bonsai 0.8.5-post1','Nobody');
FILE_SCHEMA(('IFC4'));
ENDSEC;
DATA;
#1=IFCPROJECT('1Vtc6nH5rE4xCTsgFeQ3w5',$,'My Project',$,$,$,$,(#10,#22),#5);
#2=IFCSIUNIT(*,.LENGTHUNIT.,$,.METRE.);
#3=IFCSIUNIT(*,.AREAUNIT.,$,.SQUARE_METRE.);
#4=IFCSIUNIT(*,.VOLUMEUNIT.,$,.CUBIC_METRE.);
#5=IFCUNITASSIGNMENT((#4,#2,#3));
#6=IFCCARTESIANPOINT((0.,0.,0.));
#7=IFCDIRECTION((0.,0.,1.));
#8=IFCDIRECTION((1.,0.,0.));
#9=IFCAXIS2PLACEMENT3D(#6,#7,#8);
#10=IFCGEOMETRICREPRESENTATIONCONTEXT($,'Model',3,1.0000000000000001E-05,#9,$);
#11=IFCGEOMETRICREPRESENTATIONSUBCONTEXT('Body','Model',*,*,*,*,#10,$,.MODEL_VIEW.,$);
#12=IFCGEOMETRICREPRESENTATIONSUBCONTEXT('Axis','Model',*,*,*,*,#10,$,.GRAPH_VIEW.,$);
#13=IFCGEOMETRICREPRESENTATIONSUBCONTEXT('Box','Model',*,*,*,*,#10,$,.MODEL_VIEW.,$);
#14=IFCGEOMETRICREPRESENTATIONSUBCONTEXT('Annotation','Model',*,*,*,*,#10,$,.SECTION_VIEW.,$);
#15=IFCGEOMETRICREPRESENTATIONSUBCONTEXT('Annotation','Model',*,*,*,*,#10,$,.ELEVATION_VIEW.,$);
#16=IFCGEOMETRICREPRESENTATIONSUBCONTEXT('Annotation','Model',*,*,*,*,#10,$,.MODEL_VIEW.,$);
#17=IFCGEOMETRICREPRESENTATIONSUBCONTEXT('Annotation','Model',*,*,*,*,#10,$,.PLAN_VIEW.,$);
#18=IFCGEOMETRICREPRESENTATIONSUBCONTEXT('Profile','Model',*,*,*,*,#10,$,.ELEVATION_VIEW.,$);
#19=IFCCARTESIANPOINT((0.,0.));
#20=IFCDIRECTION((1.,0.));
#21=IFCAXIS2PLACEMENT2D(#19,#20);
#22=IFCGEOMETRICREPRESENTATIONCONTEXT($,'Plan',2,1.0000000000000001E-05,#21,$);
#23=IFCGEOMETRICREPRESENTATIONSUBCONTEXT('Axis','Plan',*,*,*,*,#22,$,.GRAPH_VIEW.,$);
#24=IFCGEOMETRICREPRESENTATIONSUBCONTEXT('Body','Plan',*,*,*,*,#22,$,.PLAN_VIEW.,$);
#25=IFCGEOMETRICREPRESENTATIONSUBCONTEXT('Annotation','Plan',*,*,*,*,#22,$,.PLAN_VIEW.,$);
#26=IFCGEOMETRICREPRESENTATIONSUBCONTEXT('Annotation','Plan',*,*,*,*,#22,$,.REFLECTED_PLAN_VIEW.,$);
#27=IFCSITE('1$Fjf3lLPB4OvExBGcjlv0',$,'My Site',$,$,#50,$,$,$,$,$,$,$,$);
#33=IFCBUILDING('08eGIKvrf6_Bj4aFsPNp0S',$,'My Building',$,$,#56,$,$,$,$,$,$);
#39=IFCBUILDINGSTOREY('2qartLwbTCMxUZO3aRLixk',$,'GF',$,$,#62,$,$,$,$);
#45=IFCRELAGGREGATES('2hhGZqcF57HQR3wyMR31u$',$,$,$,#1,(#27));
#46=IFCCARTESIANPOINT((0.,0.,0.));
#47=IFCDIRECTION((0.,0.,1.));
#48=IFCDIRECTION((1.,0.,0.));
#49=IFCAXIS2PLACEMENT3D(#46,#47,#48);
#50=IFCLOCALPLACEMENT($,#49);
#51=IFCRELAGGREGATES('33_OzASuzEJvWOkaCGccw0',$,$,$,#27,(#33));
#52=IFCCARTESIANPOINT((0.,0.,0.));
#53=IFCDIRECTION((0.,0.,1.));
#54=IFCDIRECTION((1.,0.,0.));
#55=IFCAXIS2PLACEMENT3D(#52,#53,#54);
#56=IFCLOCALPLACEMENT(#50,#55);
#57=IFCRELAGGREGATES('24VEWZWMn7X9Xb0UCZIKuW',$,$,$,#33,(#39,#10927,#92));
#58=IFCCARTESIANPOINT((0.,0.,0.));
#59=IFCDIRECTION((0.,0.,1.));
#60=IFCDIRECTION((1.,0.,0.));
#61=IFCAXIS2PLACEMENT3D(#58,#59,#60);
#62=IFCLOCALPLACEMENT(#56,#61);
#92=IFCBUILDINGSTOREY('0HpModR058aBaAZeZiauJC',$,'2F',$,$,#5698,$,$,$,$);
#109=IFCWALLTYPE('3dCVod1916cQt0rCijfvDi',$,'Wall-GF',$,$,(#114),$,$,$,.SOLIDWALL.);
#110=IFCMATERIAL('Unknown',$,$);
#111=IFCMATERIALLAYERSET((#113),$,$);
#112=IFCRELASSOCIATESMATERIAL('1U_Vh4d6L4SfVXiZqE9573',$,$,$,(#109),#111);
#113=IFCMATERIALLAYER(#110,0.10000000000000001,$,$,$,$,$);
#114=IFCPROPERTYSET('26DvEndGXE4Rd9d40WB5ek',$,'EPset_Parametric',$,(#115));
#115=IFCPROPERTYSINGLEVALUE('LayerSetDirection',$,IFCLABEL('AXIS2'),$);
#116=IFCWALL('1_j_adfiXEAAuwEn2Ep6AG',$,'Wall',$,$,#1823,#124,$,$);
#117=IFCRELCONTAINEDINSPATIALSTRUCTURE('2utsrG7WPARQXkLuaTp9hv',$,$,$,(#1301,#1475,#874,#3995,#5489,#3638,#1862,#12453,#924,#12983,#13432,#11383,#849,#11453,#3072,#1276,#11572,#116,#631,#5233,#1993,#4575,#12573,#1608,#2475,#1238,#899,#12150,#12271,#12843,#1583,#606,#13830),#39);
#118=IFCRELDEFINESBYTYPE('0FxoFmQcD5iuLy7FJErSBF',$,$,$,(#849,#1608,#1276,#899,#1238,#606,#631,#1475,#116,#874,#1583,#1301,#924),#109);
#119=IFCMATERIALLAYERSETUSAGE(#111,.AXIS2.,.POSITIVE.,0.,$);
#120=IFCRELASSOCIATESMATERIAL('0$wcWfQ$T40wlNiOAyhy6M',$,$,$,(#116),#119);
#124=IFCPRODUCTDEFINITIONSHAPE($,$,(#1855,#1852));
#140=IFCPROPERTYSET('3jcQA1rK18YB3s$fWRcY_J',$,'EPset_Parametric',$,(#142));
#141=IFCRELDEFINESBYPROPERTIES('0o1$SXZJb5ueTMXQULZbuX',$,$,$,(#116),#140);
#142=IFCPROPERTYSINGLEVALUE('Engine',$,IFCLABEL('Bonsai.DumbLayer2'),$);
#606=IFCWALL('2IL_eSJDv8lxU_76JS1C3D',$,'Wall',$,$,#1842,#612,$,$);
#607=IFCMATERIALLAYERSETUSAGE(#111,.AXIS2.,.POSITIVE.,0.,$);
#608=IFCRELASSOCIATESMATERIAL('11VClLnpT23v_S0Vz7b5an',$,$,$,(#606),#607);
#612=IFCPRODUCTDEFINITIONSHAPE($,$,(#1837,#1834));
#628=IFCPROPERTYSET('3f7b8EHq10Ugg$aMF_Fv2H',$,'EPset_Parametric',$,(#630));
#629=IFCRELDEFINESBYPROPERTIES('2Oxxz4iYPAew$rVAQRi234',$,$,$,(#606),#628);
#630=IFCPROPERTYSINGLEVALUE('Engine',$,IFCLABEL('Bonsai.DumbLayer2'),$);
#631=IFCWALL('3cjpxXq35168SulDblO2eg',$,'Wall',$,$,#776,#637,$,$);
#632=IFCMATERIALLAYERSETUSAGE(#111,.AXIS2.,.POSITIVE.,0.,$);
#633=IFCRELASSOCIATESMATERIAL('2mAM0YBi9AGAiRZhQ22wBv',$,$,$,(#631),#632);
#637=IFCPRODUCTDEFINITIONSHAPE($,$,(#821,#818));
#653=IFCPROPERTYSET('0Yy11Nwtr6yQ2F9CS7Irmw',$,'EPset_Parametric',$,(#655));
#654=IFCRELDEFINESBYPROPERTIES('0VLMZhKeXD0un51tW_6Iev',$,$,$,(#631),#653);
#655=IFCPROPERTYSINGLEVALUE('Engine',$,IFCLABEL('Bonsai.DumbLayer2'),$);
#758=IFCRELCONNECTSPATHELEMENTS('34UXD61ir3DxWYgNAc2G1R',$,$,$,$,#631,#606,(),(),.ATEND.,.ATSTART.);
#772=IFCCARTESIANPOINT((4.2283489399234124,6.509969711303742,0.));
#773=IFCDIRECTION((0.,0.,1.));
#774=IFCDIRECTION((-0.99999999999998868,-1.5099580252808492E-07,0.));
#775=IFCAXIS2PLACEMENT3D(#772,#773,#774);
#776=IFCLOCALPLACEMENT(#62,#775);
#809=IFCCARTESIANPOINTLIST2D(((0.,0.),(0.10000002264937295,0.10000000000000001),(3.3600002536255822,0.10000000000000001),(3.4600002460757922,0.)));
#810=IFCINDEXEDPOLYCURVE(#809,(IFCLINEINDEX((1,2,3,4,1))),$);
#811=IFCARBITRARYCLOSEDPROFILEDEF(.AREA.,$,#810);
#812=IFCCARTESIANPOINT((0.,0.,0.));
#813=IFCDIRECTION((0.,0.,1.));
#814=IFCDIRECTION((1.,0.,0.));
#815=IFCAXIS2PLACEMENT3D(#812,#813,#814);
#816=IFCDIRECTION((0.,0.,1.));
#817=IFCEXTRUDEDAREASOLID(#811,#815,#816,3.);
#818=IFCSHAPEREPRESENTATION(#11,'Body','SweptSolid',(#817));
#819=IFCCARTESIANPOINTLIST2D(((0.,0.),(3.4600002460757922,0.)));
#820=IFCINDEXEDPOLYCURVE(#819,$,$);
#821=IFCSHAPEREPRESENTATION(#23,'Axis','Curve2D',(#820));
#849=IFCWALL('12T8uqdDb0rhAqLjyHoIHp',$,'Wall',$,$,#860,#855,$,$);
#850=IFCMATERIALLAYERSETUSAGE(#111,.AXIS2.,.POSITIVE.,0.,$);
#851=IFCRELASSOCIATESMATERIAL('3_sdJbp_rDhers35PtoVm5',$,$,$,(#849),#850);
#855=IFCPRODUCTDEFINITIONSHAPE($,$,(#1065,#1062));
#856=IFCCARTESIANPOINT((0.76834845542907715,6.5099692344665527,0.));
#857=IFCDIRECTION((0.,0.,1.));
#858=IFCDIRECTION((7.5497901264043109E-08,-0.99999999999999711,0.));
#859=IFCAXIS2PLACEMENT3D(#856,#857,#858);
#860=IFCLOCALPLACEMENT(#62,#859);
#871=IFCPROPERTYSET('2YZMJAAC9ASgcZD0Mg9_Wl',$,'EPset_Parametric',$,(#873));
#872=IFCRELDEFINESBYPROPERTIES('0R9jUONzH9dPkw0OI69oel',$,$,$,(#849),#871);
#873=IFCPROPERTYSINGLEVALUE('Engine',$,IFCLABEL('Bonsai.DumbLayer2'),$);
#874=IFCWALL('0Il9ToIPjC49P7J8FFjRIM',$,'Wall',$,$,#885,#880,$,$);
#875=IFCMATERIALLAYERSETUSAGE(#111,.AXIS2.,.POSITIVE.,0.,$);
#876=IFCRELASSOCIATESMATERIAL('16w2IWW85DaxyX219eUFzp',$,$,$,(#874),#875);
#880=IFCPRODUCTDEFINITIONSHAPE($,$,(#1759,#1756));
#881=IFCCARTESIANPOINT((0.7683485746383667,5.0399694442749023,0.));
#882=IFCDIRECTION((0.,0.,1.));
#883=IFCDIRECTION((-0.99999999999992428,3.8941436741876494E-07,0.));
#884=IFCAXIS2PLACEMENT3D(#881,#882,#883);
#885=IFCLOCALPLACEMENT(#62,#884);
#896=IFCPROPERTYSET('2z6YPX29T0ah_HIUJhWYGC',$,'EPset_Parametric',$,(#898));
#897=IFCRELDEFINESBYPROPERTIES('29bO$CDUjFouiHq7Xx3JM4',$,$,$,(#874),#896);
#898=IFCPROPERTYSINGLEVALUE('Engine',$,IFCLABEL('Bonsai.DumbLayer2'),$);
#899=IFCWALL('1pvZzIVrjEzgsXIexwPAbP',$,'Wall',$,$,#1084,#905,$,$);
#900=IFCMATERIALLAYERSETUSAGE(#111,.AXIS2.,.POSITIVE.,0.,$);
#901=IFCRELASSOCIATESMATERIAL('3fc6KbGjb8QwgyCJScO3zc',$,$,$,(#899),#900);
#905=IFCPRODUCTDEFINITIONSHAPE($,$,(#1474,#1471));
#921=IFCPROPERTYSET('18yG3S_XnAgPIIaNbSq_$i',$,'EPset_Parametric',$,(#923));
#922=IFCRELDEFINESBYPROPERTIES('1PwENeIZf7lwF7gb9JuImg',$,$,$,(#899),#921);
#923=IFCPROPERTYSINGLEVALUE('Engine',$,IFCLABEL('Bonsai.DumbLayer2'),$);
#924=IFCWALL('3JNSPHNvf5sOfgaQYmt3PQ',$,'Wall',$,$,#1116,#930,$,$);
#925=IFCMATERIALLAYERSETUSAGE(#111,.AXIS2.,.POSITIVE.,0.,$);
#926=IFCRELASSOCIATESMATERIAL('3q1dFwv1D4EwVQb4VebzA7',$,$,$,(#924),#925);
#930=IFCPRODUCTDEFINITIONSHAPE($,$,(#1161,#1158));
#946=IFCPROPERTYSET('3b4k$Y4mn5jf_cWNq5Niai',$,'EPset_Parametric',$,(#948));
#947=IFCRELDEFINESBYPROPERTIES('29RCaeH9H4JfRw8gHmV1er',$,$,$,(#924),#946);
#948=IFCPROPERTYSINGLEVALUE('Engine',$,IFCLABEL('Bonsai.DumbLayer2'),$);
#1039=IFCRELCONNECTSPATHELEMENTS('1uqrkubLj4wArs2muoxUVX',$,$,$,$,#874,#849,(),(),.ATEND.,.ATSTART.);
#1053=IFCCARTESIANPOINTLIST2D(((0.,0.),(0.,0.10000000000000001),(1.5699998366828878,0.10000000000000001),(1.4699997901916502,0.)));
#1054=IFCINDEXEDPOLYCURVE(#1053,(IFCLINEINDEX((1,2,3,4,1))),$);
#1055=IFCARBITRARYCLOSEDPROFILEDEF(.AREA.,$,#1054);
#1056=IFCCARTESIANPOINT((0.,0.,0.));
#1057=IFCDIRECTION((0.,0.,1.));
#1058=IFCDIRECTION((1.,0.,0.));
#1059=IFCAXIS2PLACEMENT3D(#1056,#1057,#1058);
#1060=IFCDIRECTION((0.,0.,1.));
#1061=IFCEXTRUDEDAREASOLID(#1055,#1059,#1060,3.);
#1062=IFCSHAPEREPRESENTATION(#11,'Body','SweptSolid',(#1061));
#1063=IFCCARTESIANPOINTLIST2D(((0.,0.),(1.4699997901916502,0.)));
#1064=IFCINDEXEDPOLYCURVE(#1063,$,$);
#1065=IFCSHAPEREPRESENTATION(#23,'Axis','Curve2D',(#1064));
#1066=IFCRELCONNECTSPATHELEMENTS('28$RwrCtvAhedz$ynv9uRN',$,$,$,$,#899,#874,(),(),.ATEND.,.ATSTART.);
#1080=IFCCARTESIANPOINT((-2.7816514968872754,5.0399708266959351,0.));
#1081=IFCDIRECTION((0.,0.,1.));
#1082=IFCDIRECTION((7.5497901264043123E-08,-0.99999999999999722,0.));
#1083=IFCAXIS2PLACEMENT3D(#1080,#1081,#1082);
#1084=IFCLOCALPLACEMENT(#62,#1083);
#1098=IFCRELCONNECTSPATHELEMENTS('0aY2Pm8ArFWedO5EpbtsIR',$,$,$,$,#924,#899,(),(),.ATEND.,.ATSTART.);
#1112=IFCCARTESIANPOINT((-2.7816511088280045,-0.10002994537353516,0.));
#1113=IFCDIRECTION((0.,0.,1.));
#1114=IFCDIRECTION((1.,0.,0.));
#1115=IFCAXIS2PLACEMENT3D(#1112,#1113,#1114);
#1116=IFCLOCALPLACEMENT(#62,#1115);
#1149=IFCCARTESIANPOINTLIST2D(((0.,0.),(0.099999992450210171,0.10000000000000001),(3.100000033544589,0.10000000000000001),(3.0000000887780791,0.)));
#1150=IFCINDEXEDPOLYCURVE(#1149,(IFCLINEINDEX((1,2,3,4,1))),$);
#1151=IFCARBITRARYCLOSEDPROFILEDEF(.AREA.,$,#1150);
#1152=IFCCARTESIANPOINT((0.,0.,0.));
#1153=IFCDIRECTION((0.,0.,1.));
#1154=IFCDIRECTION((1.,0.,0.));
#1155=IFCAXIS2PLACEMENT3D(#1152,#1153,#1154);
#1156=IFCDIRECTION((0.,0.,1.));
#1157=IFCEXTRUDEDAREASOLID(#1151,#1155,#1156,3.);
#1158=IFCSHAPEREPRESENTATION(#11,'Body','SweptSolid',(#1157));
#1159=IFCCARTESIANPOINTLIST2D(((0.,0.),(3.0000000887780791,0.)));
#1160=IFCINDEXEDPOLYCURVE(#1159,$,$);
#1161=IFCSHAPEREPRESENTATION(#23,'Axis','Curve2D',(#1160));
#1238=IFCWALL('0CSoebChD6zQE_0HfWA_Uy',$,'Wall',$,$,#1249,#1244,$,$);
#1239=IFCMATERIALLAYERSETUSAGE(#111,.AXIS2.,.POSITIVE.,0.,$);
#1240=IFCRELASSOCIATESMATERIAL('2Pc81qfaDFNPMbwsBURKax',$,$,$,(#1238),#1239);
#1244=IFCPRODUCTDEFINITIONSHAPE($,$,(#1805,#1802));
#1245=IFCCARTESIANPOINT((0.21759122610092163,-2.9943883419036865E-05,0.));
#1246=IFCDIRECTION((0.,0.,1.));
#1247=IFCDIRECTION((0.0041287583303324842,-0.99999147664100108,0.));
#1248=IFCAXIS2PLACEMENT3D(#1245,#1246,#1247);
#1249=IFCLOCALPLACEMENT(#62,#1248);
#1260=IFCPROPERTYSET('1SEHSqkLHFkAENS8s40$Fw',$,'EPset_Parametric',$,(#1262));
#1261=IFCRELDEFINESBYPROPERTIES('0aE9faOqXFGekhYjkld2e2',$,$,$,(#1238),#1260);
#1262=IFCPROPERTYSINGLEVALUE('Engine',$,IFCLABEL('Bonsai.DumbLayer2'),$);
#1276=IFCWALL('0T_Ex_OTr0buk8Rx3ts8ks',$,'Wall',$,$,#1287,#1282,$,$);
#1277=IFCMATERIALLAYERSETUSAGE(#111,.AXIS2.,.POSITIVE.,0.,$);
#1278=IFCRELASSOCIATESMATERIAL('3$5gMpztfEMg0jKf2jUlBd',$,$,$,(#1276),#1277);
#1282=IFCPRODUCTDEFINITIONSHAPE($,$,(#1378,#1375));
#1283=IFCCARTESIANPOINT((0.3175903856754303,0.00038294386467896402,0.));
#1284=IFCDIRECTION((0.,0.,1.));
#1285=IFCDIRECTION((7.5497901264043109E-08,0.99999999999999711,0.));
#1286=IFCAXIS2PLACEMENT3D(#1283,#1284,#1285);
#1287=IFCLOCALPLACEMENT(#62,#1286);
#1298=IFCPROPERTYSET('2ZbSs$JgnED8lF$KTsCg33',$,'EPset_Parametric',$,(#1300));
#1299=IFCRELDEFINESBYPROPERTIES('3zfKPxySL0bPsgB2QIBR$D',$,$,$,(#1276),#1298);
#1300=IFCPROPERTYSINGLEVALUE('Engine',$,IFCLABEL('Bonsai.DumbLayer2'),$);
#1301=IFCWALL('3Zws218$P4JA$AFmDM6OEr',$,'Wall',$,$,#1312,#1307,$,$);
#1302=IFCMATERIALLAYERSETUSAGE(#111,.AXIS2.,.POSITIVE.,0.,$);
#1303=IFCRELASSOCIATESMATERIAL('1PU8vl7nLCNxJ9Oe3xLad1',$,$,$,(#1301),#1302);
#1307=IFCPRODUCTDEFINITIONSHAPE($,$,(#1461,#1458));
#1308=IFCCARTESIANPOINT((0.31759059429168701,2.6503829956054688,0.));
#1309=IFCDIRECTION((0.,0.,1.));
#1310=IFCDIRECTION((-0.99999999999998868,-1.5099580252808492E-07,0.));
#1311=IFCAXIS2PLACEMENT3D(#1308,#1309,#1310);
#1312=IFCLOCALPLACEMENT(#62,#1311);
#1323=IFCPROPERTYSET('0kdvZT3LD4WvqnKL3rr5$q',$,'EPset_Parametric',$,(#1325));
#1324=IFCRELDEFINESBYPROPERTIES('3YTWPh8bPDoR4g7GuLhibP',$,$,$,(#1301),#1323);
#1325=IFCPROPERTYSINGLEVALUE('Engine',$,IFCLABEL('Bonsai.DumbLayer2'),$);
#1352=IFCRELCONNECTSPATHELEMENTS('2_vgRHBer7PgCXgC1T9hyd',$,$,$,$,#1301,#1276,(),(),.ATEND.,.ATSTART.);
#1366=IFCCARTESIANPOINTLIST2D(((0.,0.),(0.,0.10000000000000001),(2.5500000290914229,0.10000000000000001),(2.650000051740796,0.)));
#1367=IFCINDEXEDPOLYCURVE(#1366,(IFCLINEINDEX((1,2,3,4,1))),$);
#1368=IFCARBITRARYCLOSEDPROFILEDEF(.AREA.,$,#1367);
#1369=IFCCARTESIANPOINT((0.,0.,0.));
#1370=IFCDIRECTION((0.,0.,1.));
#1371=IFCDIRECTION((1.,0.,0.));
#1372=IFCAXIS2PLACEMENT3D(#1369,#1370,#1371);
#1373=IFCDIRECTION((0.,0.,1.));
#1374=IFCEXTRUDEDAREASOLID(#1368,#1372,#1373,3.);
#1375=IFCSHAPEREPRESENTATION(#11,'Body','SweptSolid',(#1374));
#1376=IFCCARTESIANPOINTLIST2D(((0.,0.),(2.650000051740796,0.)));
#1377=IFCINDEXEDPOLYCURVE(#1376,$,$);
#1378=IFCSHAPEREPRESENTATION(#23,'Axis','Curve2D',(#1377));
#1448=IFCRELCONNECTSPATHELEMENTS('35tKAYxEf7OwCwgyqCYPBf',$,$,$,$,#1301,#899,(),(),.ATPATH.,.ATEND.);
#1449=IFCCARTESIANPOINTLIST2D(((0.,0.),(0.10000002264937295,0.10000000000000001),(2.9992419097730711,0.10000000000000001),(2.999241902223281,0.)));
#1450=IFCINDEXEDPOLYCURVE(#1449,(IFCLINEINDEX((1,2,3,4,1))),$);
#1451=IFCARBITRARYCLOSEDPROFILEDEF(.AREA.,$,#1450);
#1452=IFCCARTESIANPOINT((0.,0.,0.));
#1453=IFCDIRECTION((0.,0.,1.));
#1454=IFCDIRECTION((1.,0.,0.));
#1455=IFCAXIS2PLACEMENT3D(#1452,#1453,#1454);
#1456=IFCDIRECTION((0.,0.,1.));
#1457=IFCEXTRUDEDAREASOLID(#1451,#1455,#1456,3.);
#1458=IFCSHAPEREPRESENTATION(#11,'Body','SweptSolid',(#1457));
#1459=IFCCARTESIANPOINTLIST2D(((0.,0.),(3.0992419022232816,0.)));
#1460=IFCINDEXEDPOLYCURVE(#1459,$,$);
#1461=IFCSHAPEREPRESENTATION(#23,'Axis','Curve2D',(#1460));
#1462=IFCCARTESIANPOINTLIST2D(((0.,0.),(0.10000004649123768,0.10000000000000001),(5.0400007796192741,0.10000000000000001),(5.1400007720694845,0.)));
#1463=IFCINDEXEDPOLYCURVE(#1462,(IFCLINEINDEX((1,2,3,4,1))),$);
#1464=IFCARBITRARYCLOSEDPROFILEDEF(.AREA.,$,#1463);
#1465=IFCCARTESIANPOINT((0.,0.,0.));
#1466=IFCDIRECTION((0.,0.,1.));
#1467=IFCDIRECTION((1.,0.,0.));
#1468=IFCAXIS2PLACEMENT3D(#1465,#1466,#1467);
#1469=IFCDIRECTION((0.,0.,1.));
#1470=IFCEXTRUDEDAREASOLID(#1464,#1468,#1469,3.);
#1471=IFCSHAPEREPRESENTATION(#11,'Body','SweptSolid',(#1470));
#1472=IFCCARTESIANPOINTLIST2D(((0.,0.),(5.1400007720694845,0.)));
#1473=IFCINDEXEDPOLYCURVE(#1472,$,$);
#1474=IFCSHAPEREPRESENTATION(#23,'Axis','Curve2D',(#1473));
#1475=IFCWALL('0vBJMAqlr8R8lRMv$LJbWU',$,'Wall',$,$,#1517,#1481,$,$);
#1476=IFCMATERIALLAYERSETUSAGE(#111,.AXIS2.,.POSITIVE.,0.,$);
#1477=IFCRELASSOCIATESMATERIAL('1549FxOAD7YxFzQGFRDw53',$,$,$,(#1475),#1476);
#1481=IFCPRODUCTDEFINITIONSHAPE($,$,(#1722,#1719));
#1497=IFCPROPERTYSET('3rmMDdewj4_xLBx_wfQVVp',$,'EPset_Parametric',$,(#1499));
#1498=IFCRELDEFINESBYPROPERTIES('2XktLos$T3CxmHmFESowIe',$,$,$,(#1475),#1497);
#1499=IFCPROPERTYSINGLEVALUE('Engine',$,IFCLABEL('Bonsai.DumbLayer2'),$);
#1513=IFCCARTESIANPOINT((-1.1804498434066772,2.6503829956054688,0.));
#1514=IFCDIRECTION((0.,0.,1.));
#1515=IFCDIRECTION((1.9470718370939353E-07,0.99999999999998113,0.));
#1516=IFCAXIS2PLACEMENT3D(#1513,#1514,#1515);
#1517=IFCLOCALPLACEMENT(#62,#1516);
#1518=IFCRELCONNECTSPATHELEMENTS('34iNhUiQPD9x99NyeN$hn5',$,$,$,$,#1475,#874,(),(),.ATPATH.,.ATEND.);
#1583=IFCWALL('1McC23buf8I8eEGV_2e6so',$,'Wall',$,$,#1746,#1589,$,$);
#1584=IFCMATERIALLAYERSETUSAGE(#111,.AXIS2.,.POSITIVE.,0.,$);
#1585=IFCRELASSOCIATESMATERIAL('0RqLMxHr9FuPFp6Eqd_EAy',$,$,$,(#1583),#1584);
#1589=IFCPRODUCTDEFINITIONSHAPE($,$,(#1773,#1770));
#1605=IFCPROPERTYSET('2m$vSGE9jDOAHoYGD0CEMY',$,'EPset_Parametric',$,(#1607));
#1606=IFCRELDEFINESBYPROPERTIES('2yAParM69AX8L$S80xGG52',$,$,$,(#1583),#1605);
#1607=IFCPROPERTYSINGLEVALUE('Engine',$,IFCLABEL('Bonsai.DumbLayer2'),$);
#1608=IFCWALL('35zHPdeU9AwfAjg_1Dbp8E',$,'Wall',$,$,#1791,#1614,$,$);
#1609=IFCMATERIALLAYERSETUSAGE(#111,.AXIS2.,.POSITIVE.,0.,$);
#1610=IFCRELASSOCIATESMATERIAL('1TdSMxYmf0eeRcLAEpr3fm',$,$,$,(#1608),#1609);
#1614=IFCPRODUCTDEFINITIONSHAPE($,$,(#1786,#1783));
#1630=IFCPROPERTYSET('1XIPxWrwX4kRXzEmXlbvoo',$,'EPset_Parametric',$,(#1632));
#1631=IFCRELDEFINESBYPROPERTIES('1HuGNxMb97nxFD9goMoN40',$,$,$,(#1608),#1630);
#1632=IFCPROPERTYSINGLEVALUE('Engine',$,IFCLABEL('Bonsai.DumbLayer2'),$);
#1691=IFCRELCONNECTSPATHELEMENTS('3eQB89vZDFOh6mQ3RlcL8I',$,$,$,$,#1608,#1475,(),(),.ATPATH.,.ATEND.);
#1710=IFCCARTESIANPOINTLIST2D(((0.,0.),(0.,0.10000000000000001),(2.2895872270301165,0.10000000000000001),(2.2895872075593982,0.)));
#1711=IFCINDEXEDPOLYCURVE(#1710,(IFCLINEINDEX((1,2,3,4,1))),$);
#1712=IFCARBITRARYCLOSEDPROFILEDEF(.AREA.,$,#1711);
#1713=IFCCARTESIANPOINT((0.,0.,0.));
#1714=IFCDIRECTION((0.,0.,1.));
#1715=IFCDIRECTION((1.,0.,0.));
#1716=IFCAXIS2PLACEMENT3D(#1713,#1714,#1715);
#1717=IFCDIRECTION((0.,0.,1.));
#1718=IFCEXTRUDEDAREASOLID(#1712,#1716,#1717,3.);
#1719=IFCSHAPEREPRESENTATION(#11,'Body','SweptSolid',(#1718));
#1720=IFCCARTESIANPOINTLIST2D(((0.,0.),(2.3895872075594005,0.)));
#1721=IFCINDEXEDPOLYCURVE(#1720,$,$);
#1722=IFCSHAPEREPRESENTATION(#23,'Axis','Curve2D',(#1721));
#1728=IFCRELCONNECTSPATHELEMENTS('1vbdCBaD9FovcyK0jAD7I8',$,$,$,$,#1583,#874,(),(),.ATPATH.,.ATSTART.);
#1742=IFCCARTESIANPOINT((0.76834857609944673,5.0399694442749023,0.));
#1743=IFCDIRECTION((0.,0.,1.));
#1744=IFCDIRECTION((1.9470718370939353E-07,-0.99999999999998113,0.));
#1745=IFCAXIS2PLACEMENT3D(#1742,#1743,#1744);
#1746=IFCLOCALPLACEMENT(#62,#1745);
#1747=IFCCARTESIANPOINTLIST2D(((0.,0.),(-0.10000004649123767,0.10000000000000001),(3.450000016807282,0.10000000000000001),(3.5500000632985196,0.)));
#1748=IFCINDEXEDPOLYCURVE(#1747,(IFCLINEINDEX((1,2,3,4,1))),$);
#1749=IFCARBITRARYCLOSEDPROFILEDEF(.AREA.,$,#1748);
#1750=IFCCARTESIANPOINT((0.,0.,0.));
#1751=IFCDIRECTION((0.,0.,1.));
#1752=IFCDIRECTION((1.,0.,0.));
#1753=IFCAXIS2PLACEMENT3D(#1750,#1751,#1752);
#1754=IFCDIRECTION((0.,0.,1.));
#1755=IFCEXTRUDEDAREASOLID(#1749,#1753,#1754,3.);
#1756=IFCSHAPEREPRESENTATION(#11,'Body','SweptSolid',(#1755));
#1757=IFCCARTESIANPOINTLIST2D(((0.,0.),(3.5500000632985196,0.)));
#1758=IFCINDEXEDPOLYCURVE(#1757,$,$);
#1759=IFCSHAPEREPRESENTATION(#23,'Axis','Curve2D',(#1758));
#1760=IFCRELCONNECTSPATHELEMENTS('2wMxlcVkXF_RO8ebSASsl5',$,$,$,$,#1583,#1608,(),(),.ATSTART.,.ATEND.);
#1761=IFCCARTESIANPOINTLIST2D(((0.10000000000001708,0.),(0.10000005841217219,0.10000000000000001),(1.582496081590367,0.10000000000000001),(1.4824960231781947,0.)));
#1762=IFCINDEXEDPOLYCURVE(#1761,(IFCLINEINDEX((1,2,3,4,1))),$);
#1763=IFCARBITRARYCLOSEDPROFILEDEF(.AREA.,$,#1762);
#1764=IFCCARTESIANPOINT((0.,0.,0.));
#1765=IFCDIRECTION((0.,0.,1.));
#1766=IFCDIRECTION((1.,0.,0.));
#1767=IFCAXIS2PLACEMENT3D(#1764,#1765,#1766);
#1768=IFCDIRECTION((0.,0.,1.));
#1769=IFCEXTRUDEDAREASOLID(#1763,#1767,#1768,3.);
#1770=IFCSHAPEREPRESENTATION(#11,'Body','SweptSolid',(#1769));
#1771=IFCCARTESIANPOINTLIST2D(((0.,0.),(1.4824960231781947,0.)));
#1772=IFCINDEXEDPOLYCURVE(#1771,$,$);
#1773=IFCSHAPEREPRESENTATION(#23,'Axis','Curve2D',(#1772));
#1774=IFCCARTESIANPOINTLIST2D(((0.,0.),(-0.10000005841217217,0.10000000000000001),(1.9487985120710087,0.10000000000000001),(1.9487985315417271,0.)));
#1775=IFCINDEXEDPOLYCURVE(#1774,(IFCLINEINDEX((1,2,3,4,1))),$);
#1776=IFCARBITRARYCLOSEDPROFILEDEF(.AREA.,$,#1775);
#1777=IFCCARTESIANPOINT((0.,0.,0.));
#1778=IFCDIRECTION((0.,0.,1.));
#1779=IFCDIRECTION((1.,0.,0.));
#1780=IFCAXIS2PLACEMENT3D(#1777,#1778,#1779);
#1781=IFCDIRECTION((0.,0.,1.));
#1782=IFCEXTRUDEDAREASOLID(#1776,#1780,#1781,3.);
#1783=IFCSHAPEREPRESENTATION(#11,'Body','SweptSolid',(#1782));
#1784=IFCCARTESIANPOINTLIST2D(((0.,0.),(1.9487985315417271,0.)));
#1785=IFCINDEXEDPOLYCURVE(#1784,$,$);
#1786=IFCSHAPEREPRESENTATION(#23,'Axis','Curve2D',(#1785));
#1787=IFCCARTESIANPOINT((0.7683488647520722,3.5574734210967351,0.));
#1788=IFCDIRECTION((0.,0.,1.));
#1789=IFCDIRECTION((-0.99999999999992428,3.8941436741876494E-07,0.));
#1790=IFCAXIS2PLACEMENT3D(#1787,#1788,#1789);
#1791=IFCLOCALPLACEMENT(#62,#1790);
#1792=IFCRELCONNECTSPATHELEMENTS('2ZPmUF8WjCQf25XI38K8rj',$,$,$,$,#1238,#116,(),(),.ATSTART.,.ATEND.);
#1793=IFCCARTESIANPOINTLIST2D(((0.,0.),(0.,0.10000000000000001),(2.5104342651188913,0.10000000000000001),(2.6100222381099036,0.)));
#1794=IFCINDEXEDPOLYCURVE(#1793,(IFCLINEINDEX((1,2,3,4,1))),$);
#1795=IFCARBITRARYCLOSEDPROFILEDEF(.AREA.,$,#1794);
#1796=IFCCARTESIANPOINT((0.,0.,0.));
#1797=IFCDIRECTION((0.,0.,1.));
#1798=IFCDIRECTION((1.,0.,0.));
#1799=IFCAXIS2PLACEMENT3D(#1796,#1797,#1798);
#1800=IFCDIRECTION((0.,0.,1.));
#1801=IFCEXTRUDEDAREASOLID(#1795,#1799,#1800,3.);
#1802=IFCSHAPEREPRESENTATION(#11,'Body','SweptSolid',(#1801));
#1803=IFCCARTESIANPOINTLIST2D(((0.,0.),(2.6100222381099036,0.)));
#1804=IFCINDEXEDPOLYCURVE(#1803,$,$);
#1805=IFCSHAPEREPRESENTATION(#23,'Axis','Curve2D',(#1804));
#1819=IFCCARTESIANPOINT((0.22836737715887093,-2.610029935836792,0.));
#1820=IFCDIRECTION((0.,0.,1.));
#1821=IFCDIRECTION((1.,0.,0.));
#1822=IFCAXIS2PLACEMENT3D(#1819,#1820,#1821);
#1823=IFCLOCALPLACEMENT(#62,#1822);
#1824=IFCRELCONNECTSPATHELEMENTS('0rUo9dY0fFIPsFIojxj0gE',$,$,$,$,#606,#116,(),(),.ATEND.,.ATSTART.);
#1825=IFCCARTESIANPOINTLIST2D(((0.,0.),(0.099999992450210157,0.10000000000000001),(9.0199996244911862,0.10000000000000001),(9.1199996471405598,0.)));
#1826=IFCINDEXEDPOLYCURVE(#1825,(IFCLINEINDEX((1,2,3,4,1))),$);
#1827=IFCARBITRARYCLOSEDPROFILEDEF(.AREA.,$,#1826);
#1828=IFCCARTESIANPOINT((0.,0.,0.));
#1829=IFCDIRECTION((0.,0.,1.));
#1830=IFCDIRECTION((1.,0.,0.));
#1831=IFCAXIS2PLACEMENT3D(#1828,#1829,#1830);
#1832=IFCDIRECTION((0.,0.,1.));
#1833=IFCEXTRUDEDAREASOLID(#1827,#1831,#1832,3.);
#1834=IFCSHAPEREPRESENTATION(#11,'Body','SweptSolid',(#1833));
#1835=IFCCARTESIANPOINTLIST2D(((0.,0.),(9.1199996471405598,0.)));
#1836=IFCINDEXEDPOLYCURVE(#1835,$,$);
#1837=IFCSHAPEREPRESENTATION(#23,'Axis','Curve2D',(#1836));
#1838=IFCCARTESIANPOINT((4.2283482513825792,-2.610029935836792,0.));
#1839=IFCDIRECTION((0.,0.,1.));
#1840=IFCDIRECTION((7.5497901264043123E-08,0.99999999999999722,0.));
#1841=IFCAXIS2PLACEMENT3D(#1838,#1839,#1840);
#1842=IFCLOCALPLACEMENT(#62,#1841);
#1843=IFCCARTESIANPOINTLIST2D(((0.,0.),(0.099587972991012547,0.10000000000000001),(3.8999808817734984,0.10000000000000001),(3.9999808742237084,0.)));
#1844=IFCINDEXEDPOLYCURVE(#1843,(IFCLINEINDEX((1,2,3,4,1))),$);
#1845=IFCARBITRARYCLOSEDPROFILEDEF(.AREA.,$,#1844);
#1846=IFCCARTESIANPOINT((0.,0.,0.));
#1847=IFCDIRECTION((0.,0.,1.));
#1848=IFCDIRECTION((1.,0.,0.));
#1849=IFCAXIS2PLACEMENT3D(#1846,#1847,#1848);
#1850=IFCDIRECTION((0.,0.,1.));
#1851=IFCEXTRUDEDAREASOLID(#1845,#1849,#1850,3.);
#1852=IFCSHAPEREPRESENTATION(#11,'Body','SweptSolid',(#1851));
#1853=IFCCARTESIANPOINTLIST2D(((0.,0.),(3.9999808742237084,0.)));
#1854=IFCINDEXEDPOLYCURVE(#1853,$,$);
#1855=IFCSHAPEREPRESENTATION(#23,'Axis','Curve2D',(#1854));
#1856=IFCSLABTYPE('1oCm5eFsTD$uLFQVNXmBCF',$,'Slab-GF',$,$,(#1860),$,$,$,.FLOOR.);
#1857=IFCMATERIALLAYERSET((#1859),$,$);
#1858=IFCRELASSOCIATESMATERIAL('05y96jimLDGxdOhRSMd_sC',$,$,$,(#1856),#1857);
#1859=IFCMATERIALLAYER(#110,0.10000000000000001,$,$,$,$,$);
#1860=IFCPROPERTYSET('0ItIwZYPDC9PyszuS63R4L',$,'EPset_Parametric',$,(#1861));
#1861=IFCPROPERTYSINGLEVALUE('LayerSetDirection',$,IFCLABEL('AXIS3'),$);
#1862=IFCSLAB('3yFqguBl9Boh$Hwv9J4juh',$,'Slab',$,$,#1870,#1877,$,$);
#1863=IFCRELDEFINESBYTYPE('2FpMJJRwj7RPJVK3MPwtEG',$,$,$,(#1862),#1856);
#1864=IFCMATERIALLAYERSETUSAGE(#1857,.AXIS3.,.POSITIVE.,-0.10000000149011612,$);
#1865=IFCRELASSOCIATESMATERIAL('3nnf66Rxv3O9j7ZVkExmtQ',$,$,$,(#1862),#1864);
#1866=IFCCARTESIANPOINT((4.2283482551574707,-2.610029935836792,0.));
#1867=IFCDIRECTION((0.,0.,1.));
#1868=IFCDIRECTION((1.,0.,0.));
#1869=IFCAXIS2PLACEMENT3D(#1866,#1867,#1868);
#1870=IFCLOCALPLACEMENT(#62,#1869);
#1871=IFCCARTESIANPOINTLIST2D(((0.,0.),(1.9073486328125E-06,9.119999885559082),(-3.4599997997283936,9.1199989318847656),(-3.4599995613098145,7.6499996185302734),(-7.0099997520446777,7.6500005722045898),(-7.0099992752075195,2.5099999904632568),(-4.007267951965332,2.5105936527252197),(-3.9999804496765137,-2.384185791015625E-07),(0.,0.)));
#1872=IFCINDEXEDPOLYCURVE(#1871,$,$);
#1873=IFCDIRECTION((0.,0.,1.));
#1874=IFCARBITRARYCLOSEDPROFILEDEF(.AREA.,$,#1872);
#1875=IFCEXTRUDEDAREASOLID(#1874,#1884,#1873,0.10000000000000001);
#1876=IFCSHAPEREPRESENTATION(#11,'Body','SweptSolid',(#1875));
#1877=IFCPRODUCTDEFINITIONSHAPE($,$,(#1876));
#1878=IFCPROPERTYSET('24AeJk8PTEHe0aQlAxw9b7',$,'EPset_Parametric',$,(#1880));
#1879=IFCRELDEFINESBYPROPERTIES('1VVMDFvdr2uRh_HCNLuRN9',$,$,$,(#1862),#1878);
#1880=IFCPROPERTYSINGLEVALUE('Engine',$,IFCLABEL('Bonsai.DumbLayer3'),$);
#1881=IFCCARTESIANPOINT((-0.,-0.,-0.10000000149011612));
#1882=IFCDIRECTION((0.,0.,1.));
#1883=IFCDIRECTION((1.,0.,0.));
#1884=IFCAXIS2PLACEMENT3D(#1881,#1882,#1883);
#1885=IFCDOORTYPE('3LpuUjt4rC4fCjsfZA6vOh',$,'Main-GF',$,$,(#1886),(#1895,#1973,#1992),$,$,.DOOR.,.SINGLE_SWING_LEFT.,$,$);
#1886=IFCPROPERTYSET('0FMEzxmn50xhMo86ZipmCO',$,'BBIM_Door',$,(#1887));
#1887=IFCPROPERTYSINGLEVALUE('Data',$,IFCTEXT('{"door_type": "SINGLE_SWING_LEFT", "overall_height": 2.0, "overall_width": 0.7480300664901733, "lining_properties": {"lining_depth": 0.05000000074505806, "lining_thickness": 0.05000000074505806, "lining_offset": 0.0, "lining_to_panel_offset_x": 0.02500000037252903, "lining_to_panel_offset_y": 0.02500000037252903, "transom_thickness": 0.0, "casing_thickness": 0.07500000298023224, "casing_depth": 0.004999999888241291, "threshold_thickness": 0.02500000037252903, "threshold_depth": 0.10000000149011612, "threshold_offset": 0.0}, "panel_properties": {"panel_depth": 0.03500000014901161, "panel_width_ratio": 1.0}}'),$);
#1891=IFCCARTESIANPOINT((0.,0.,0.));
#1892=IFCDIRECTION((1.,0.,0.));
#1893=IFCDIRECTION((0.,0.,1.));
#1894=IFCAXIS2PLACEMENT3D(#1891,#1893,#1892);
#1895=IFCREPRESENTATIONMAP(#1894,#3402);
#1969=IFCCARTESIANPOINT((0.,0.,0.));
#1970=IFCDIRECTION((1.,0.,0.));
#1971=IFCDIRECTION((0.,0.,1.));
#1972=IFCAXIS2PLACEMENT3D(#1969,#1971,#1970);
#1973=IFCREPRESENTATIONMAP(#1972,#3475);
#1988=IFCCARTESIANPOINT((0.,0.,0.));
#1989=IFCDIRECTION((1.,0.,0.));
#1990=IFCDIRECTION((0.,0.,1.));
#1991=IFCAXIS2PLACEMENT3D(#1988,#1990,#1989);
#1992=IFCREPRESENTATIONMAP(#1991,#3489);
#1993=IFCDOOR('2HbrK36DH6AfPyC67A0pJJ',$,'Door',$,$,#3529,#2002,$,2.,0.74803006649017334,$,$,$);
#1994=IFCRELDEFINESBYTYPE('3R1TnT8TH4a9cVZyOHBiW9',$,$,$,(#3072,#1993),#1885);
#1995=IFCCARTESIANPOINT((0.,0.,0.));
#1996=IFCDIRECTION((1.,0.,0.));
#1997=IFCDIRECTION((0.,1.,0.));
#1998=IFCDIRECTION((0.,0.,1.));
#1999=IFCCARTESIANTRANSFORMATIONOPERATOR3D(#1996,#1997,#1995,1.,#1998);
#2000=IFCMAPPEDITEM(#1895,#1999);
#2001=IFCSHAPEREPRESENTATION(#18,'Profile','MappedRepresentation',(#2000));
#2002=IFCPRODUCTDEFINITIONSHAPE($,$,(#2001,#2009,#2016));
#2003=IFCCARTESIANPOINT((0.,0.,0.));
#2004=IFCDIRECTION((1.,0.,0.));
#2005=IFCDIRECTION((0.,1.,0.));
#2006=IFCDIRECTION((0.,0.,1.));
#2007=IFCCARTESIANTRANSFORMATIONOPERATOR3D(#2004,#2005,#2003,1.,#2006);
#2008=IFCMAPPEDITEM(#1973,#2007);
#2009=IFCSHAPEREPRESENTATION(#11,'Body','MappedRepresentation',(#2008));
#2010=IFCCARTESIANPOINT((0.,0.,0.));
#2011=IFCDIRECTION((1.,0.,0.));
#2012=IFCDIRECTION((0.,1.,0.));
#2013=IFCDIRECTION((0.,0.,1.));
#2014=IFCCARTESIANTRANSFORMATIONOPERATOR3D(#2011,#2012,#2010,1.,#2013);
#2015=IFCMAPPEDITEM(#1992,#2014);
#2016=IFCSHAPEREPRESENTATION(#24,'Body','MappedRepresentation',(#2015));
#2017=IFCOPENINGELEMENT('0_vrvvDLD1395$qV7jMr6h',$,'Opening',$,$,#3524,#2045,$,.OPENING.);
#2033=IFCCARTESIANPOINT((0.,0.,0.));
#2034=IFCDIRECTION((1.,0.,0.));
#2035=IFCDIRECTION((0.,0.,1.));
#2036=IFCAXIS2PLACEMENT3D(#2033,#2035,#2034);
#2037=IFCREPRESENTATIONMAP(#2036,#3499);
#2038=IFCCARTESIANPOINT((0.,0.,0.));
#2039=IFCDIRECTION((1.,0.,0.));
#2040=IFCDIRECTION((0.,1.,0.));
#2041=IFCDIRECTION((0.,0.,1.));
#2042=IFCCARTESIANTRANSFORMATIONOPERATOR3D(#2039,#2040,#2038,1.,#2041);
#2043=IFCMAPPEDITEM(#2037,#2042);
#2044=IFCSHAPEREPRESENTATION(#11,'Body','MappedRepresentation',(#2043));
#2045=IFCPRODUCTDEFINITIONSHAPE($,$,(#2044));
#2046=IFCRELVOIDSELEMENT('3_qHIXIcz3UuQvKpT3ZNpk',$,$,$,#116,#2017);
#2052=IFCRELFILLSELEMENT('1GaseX_Aj7HAbbMHTVKDAI',$,$,$,#2017,#1993);
#2073=IFCDOORTYPE('2bP55UAZ9DveZ$nnWjag48',$,'Guest-GF',$,$,(#2074),(#2076,#2084,#2162),$,$,.DOOR.,.SINGLE_SWING_LEFT.,$,$);
#2074=IFCPROPERTYSET('0KUE8xDazA8ukk8vwrOCOk',$,'BBIM_Door',$,(#2075));
#2075=IFCPROPERTYSINGLEVALUE('Data',$,IFCTEXT('{"door_type": "SINGLE_SWING_RIGHT", "overall_height": 2.0, "overall_width": 0.8045604228973389, "lining_properties": {"lining_depth": 0.05000000074505806, "lining_thickness": 0.05000000074505806, "lining_offset": 0.0, "lining_to_panel_offset_x": 0.02500000037252903, "lining_to_panel_offset_y": 0.02500000037252903, "transom_thickness": 0.0, "casing_thickness": 0.07500000298023224, "casing_depth": 0.004999999888241291, "threshold_thickness": 0.02500000037252903, "threshold_depth": 0.10000000149011612, "threshold_offset": 0.0}, "panel_properties": {"panel_depth": 0.03500000014901161, "panel_width_ratio": 1.0}}'),$);
#2076=IFCREPRESENTATIONMAP(#2077,#2851);
#2077=IFCAXIS2PLACEMENT3D(#2078,#2079,#2080);
#2078=IFCCARTESIANPOINT((0.,0.,0.));
#2079=IFCDIRECTION((0.,0.,1.));
#2080=IFCDIRECTION((1.,0.,0.));
#2084=IFCREPRESENTATIONMAP(#2085,#2924);
#2085=IFCAXIS2PLACEMENT3D(#2086,#2087,#2088);
#2086=IFCCARTESIANPOINT((0.,0.,0.));
#2087=IFCDIRECTION((0.,0.,1.));
#2088=IFCDIRECTION((1.,0.,0.));
#2162=IFCREPRESENTATIONMAP(#2163,#2938);
#2163=IFCAXIS2PLACEMENT3D(#2164,#2165,#2166);
#2164=IFCCARTESIANPOINT((0.,0.,0.));
#2165=IFCDIRECTION((0.,0.,1.));
#2166=IFCDIRECTION((1.,0.,0.));
#2475=IFCDOOR('3Rf3ot4Jv6LeoO4KkuCIS4',$,'Door',$,$,#2963,#2484,$,2.,0.80456042289733887,$,.SINGLE_SWING_RIGHT.,$);
#2476=IFCRELDEFINESBYTYPE('1d95jMHWDEBR7kKCwFn0b8',$,$,$,(#2475),#2073);
#2477=IFCCARTESIANPOINT((0.,0.,0.));
#2478=IFCDIRECTION((1.,0.,0.));
#2479=IFCDIRECTION((0.,1.,0.));
#2480=IFCDIRECTION((0.,0.,1.));
#2481=IFCCARTESIANTRANSFORMATIONOPERATOR3D(#2478,#2479,#2477,1.,#2480);
#2482=IFCMAPPEDITEM(#2076,#2481);
#2483=IFCSHAPEREPRESENTATION(#18,'Profile','MappedRepresentation',(#2482));
#2484=IFCPRODUCTDEFINITIONSHAPE($,$,(#2483,#2491,#2498));
#2485=IFCCARTESIANPOINT((0.,0.,0.));
#2486=IFCDIRECTION((1.,0.,0.));
#2487=IFCDIRECTION((0.,1.,0.));
#2488=IFCDIRECTION((0.,0.,1.));
#2489=IFCCARTESIANTRANSFORMATIONOPERATOR3D(#2486,#2487,#2485,1.,#2488);
#2490=IFCMAPPEDITEM(#2084,#2489);
#2491=IFCSHAPEREPRESENTATION(#11,'Body','MappedRepresentation',(#2490));
#2492=IFCCARTESIANPOINT((0.,0.,0.));
#2493=IFCDIRECTION((1.,0.,0.));
#2494=IFCDIRECTION((0.,1.,0.));
#2495=IFCDIRECTION((0.,0.,1.));
#2496=IFCCARTESIANTRANSFORMATIONOPERATOR3D(#2493,#2494,#2492,1.,#2495);
#2497=IFCMAPPEDITEM(#2162,#2496);
#2498=IFCSHAPEREPRESENTATION(#24,'Body','MappedRepresentation',(#2497));
#2499=IFCOPENINGELEMENT('2cyYJqVG159Od4Jv4U8Zkn',$,'Opening',$,$,#2958,#2527,$,.OPENING.);
#2515=IFCCARTESIANPOINT((0.,0.,0.));
#2516=IFCDIRECTION((1.,0.,0.));
#2517=IFCDIRECTION((0.,0.,1.));
#2518=IFCAXIS2PLACEMENT3D(#2515,#2517,#2516);
#2519=IFCREPRESENTATIONMAP(#2518,#2948);
#2520=IFCCARTESIANPOINT((0.,0.,0.));
#2521=IFCDIRECTION((1.,0.,0.));
#2522=IFCDIRECTION((0.,1.,0.));
#2523=IFCDIRECTION((0.,0.,1.));
#2524=IFCCARTESIANTRANSFORMATIONOPERATOR3D(#2521,#2522,#2520,1.,#2523);
#2525=IFCMAPPEDITEM(#2519,#2524);
#2526=IFCSHAPEREPRESENTATION(#11,'Body','MappedRepresentation',(#2525));
#2527=IFCPRODUCTDEFINITIONSHAPE($,$,(#2526));
#2528=IFCRELVOIDSELEMENT('1I8trzfTbAaAjy1rwzU2Sf',$,$,$,#1276,#2499);
#2534=IFCRELFILLSELEMENT('2aDswkadH3AwosebyZpLMC',$,$,$,#2499,#2475);
#2573=IFCCARTESIANPOINTLIST2D(((0.,0.),(0.,2.),(0.812744140625,2.),(0.812744140625,0.),(0.78774414025247097,0.),(0.78774414025247097,1.974999999627471),(0.02500000037252903,1.974999999627471),(0.02500000037252903,0.)));
#2574=IFCINDEXEDPOLYCURVE(#2573,(IFCLINEINDEX((1,2,3,4,5,6,7,8,1))),$);
#2575=IFCARBITRARYCLOSEDPROFILEDEF(.AREA.,$,#2574);
#2576=IFCCARTESIANPOINT((0.,0.02500000037252903,0.));
#2577=IFCDIRECTION((0.,-1.,0.));
#2578=IFCDIRECTION((1.,0.,0.));
#2579=IFCAXIS2PLACEMENT3D(#2576,#2577,#2578);
#2580=IFCDIRECTION((0.,0.,-1.));
#2581=IFCEXTRUDEDAREASOLID(#2575,#2579,#2580,0.02500000037252903);
#2582=IFCCARTESIANPOINTLIST2D(((0.,0.),(0.,2.),(0.812744140625,2.),(0.812744140625,0.),(0.76274413987994194,0.),(0.76274413987994194,1.9499999992549419),(0.05000000074505806,1.9499999992549419),(0.05000000074505806,0.)));
#2583=IFCINDEXEDPOLYCURVE(#2582,(IFCLINEINDEX((1,2,3,4,5,6,7,8,1))),$);
#2584=IFCARBITRARYCLOSEDPROFILEDEF(.AREA.,$,#2583);
#2585=IFCCARTESIANPOINT((0.,0.,0.));
#2586=IFCDIRECTION((0.,-1.,0.));
#2587=IFCDIRECTION((1.,0.,0.));
#2588=IFCAXIS2PLACEMENT3D(#2585,#2586,#2587);
#2589=IFCDIRECTION((0.,0.,-1.));
#2590=IFCEXTRUDEDAREASOLID(#2584,#2588,#2589,0.02500000037252903);
#2591=IFCCARTESIANPOINTLIST2D(((0.,0.),(0.71274413913488388,0.),(0.71274413913488388,0.10000000149011612),(0.,0.10000000149011612)));
#2592=IFCINDEXEDPOLYCURVE(#2591,(IFCLINEINDEX((1,2,3,4,1))),$);
#2593=IFCARBITRARYCLOSEDPROFILEDEF(.AREA.,$,#2592);
#2594=IFCCARTESIANPOINT((0.05000000074505806,0.,0.));
#2595=IFCDIRECTION((0.,0.,1.));
#2596=IFCDIRECTION((1.,0.,0.));
#2597=IFCAXIS2PLACEMENT3D(#2594,#2595,#2596);
#2598=IFCDIRECTION((0.,0.,1.));
#2599=IFCEXTRUDEDAREASOLID(#2593,#2597,#2598,0.02500000037252903);
#2600=IFCCARTESIANPOINTLIST2D(((0.,0.),(0.,2.0250000022351742),(0.86274414509534836,2.0250000022351742),(0.86274414509534836,0.),(0.78774414211511612,0.),(0.78774414211511612,1.9499999992549419),(0.075000002980232239,1.9499999992549419),(0.075000002980232239,0.)));
#2601=IFCINDEXEDPOLYCURVE(#2600,(IFCLINEINDEX((1,2,3,4,5,6,7,8,1))),$);
#2602=IFCARBITRARYCLOSEDPROFILEDEF(.AREA.,$,#2601);
#2603=IFCCARTESIANPOINT((-0.025000002235174179,-0.004999999888241291,0.));
#2604=IFCDIRECTION((0.,-1.,0.));
#2605=IFCDIRECTION((1.,0.,0.));
#2606=IFCAXIS2PLACEMENT3D(#2603,#2604,#2605);
#2607=IFCDIRECTION((0.,0.,-1.));
#2608=IFCEXTRUDEDAREASOLID(#2602,#2606,#2607,0.004999999888241291);
#2609=IFCCARTESIANPOINTLIST2D(((0.,0.),(0.,2.0250000022351742),(0.86274414509534836,2.0250000022351742),(0.86274414509534836,0.),(0.81274414248764515,0.),(0.81274414248764515,1.974999999627471),(0.050000002607703209,1.974999999627471),(0.050000002607703209,0.)));
#2610=IFCINDEXEDPOLYCURVE(#2609,(IFCLINEINDEX((1,2,3,4,5,6,7,8,1))),$);
#2611=IFCARBITRARYCLOSEDPROFILEDEF(.AREA.,$,#2610);
#2612=IFCCARTESIANPOINT((-0.025000002235174179,0.05000000074505806,0.));
#2613=IFCDIRECTION((0.,-1.,0.));
#2614=IFCDIRECTION((1.,0.,0.));
#2615=IFCAXIS2PLACEMENT3D(#2612,#2613,#2614);
#2616=IFCDIRECTION((0.,0.,-1.));
#2617=IFCEXTRUDEDAREASOLID(#2611,#2615,#2616,0.004999999888241291);
#2618=IFCCARTESIANPOINTLIST2D(((0.,0.),(0.76274413987994194,0.),(0.76274413987994194,0.035000000149011612),(0.,0.035000000149011612)));
#2619=IFCINDEXEDPOLYCURVE(#2618,(IFCLINEINDEX((1,2,3,4,1))),$);
#2620=IFCARBITRARYCLOSEDPROFILEDEF(.AREA.,$,#2619);
#2621=IFCCARTESIANPOINT((0.02500000037252903,0.02500000037252903,0.02500000037252903));
#2622=IFCDIRECTION((0.,0.,1.));
#2623=IFCDIRECTION((1.,0.,0.));
#2624=IFCAXIS2PLACEMENT3D(#2621,#2622,#2623);
#2625=IFCDIRECTION((0.,0.,1.));
#2626=IFCEXTRUDEDAREASOLID(#2620,#2624,#2625,1.9499999992549419);
#2627=IFCCARTESIANPOINTLIST2D(((0.,0.),(0.,-0.040000000000000001),(0.12,-0.040000000000000001),(0.12,-0.02),(0.02,-0.02),(0.02,0.)));
#2628=IFCINDEXEDPOLYCURVE(#2627,(IFCLINEINDEX((1,2,3,4,5,6,1))),$);
#2629=IFCARBITRARYCLOSEDPROFILEDEF(.AREA.,$,#2628);
#2630=IFCCARTESIANPOINT((0.075000000372529033,0.02500000037252903,1.015000000372529));
#2631=IFCDIRECTION((0.,0.,1.));
#2632=IFCDIRECTION((1.,0.,0.));
#2633=IFCAXIS2PLACEMENT3D(#2630,#2631,#2632);
#2634=IFCDIRECTION((0.,0.,1.));
#2635=IFCEXTRUDEDAREASOLID(#2629,#2633,#2634,0.02);
#2636=IFCEXTRUDEDAREASOLID(#2637,#2640,#2644,0.02);
#2637=IFCARBITRARYCLOSEDPROFILEDEF(.AREA.,$,#2638);
#2638=IFCINDEXEDPOLYCURVE(#2639,(IFCLINEINDEX((1,2,3,4,5,6,1))),$);
#2639=IFCCARTESIANPOINTLIST2D(((0.,0.),(0.,0.040000000000000008),(0.11999999999999998,0.040000000000000008),(0.11999999999999998,0.020000000000000004),(0.020000000000000004,0.020000000000000004),(0.020000000000000004,0.)));
#2640=IFCAXIS2PLACEMENT3D(#2641,#2642,#2643);
#2641=IFCCARTESIANPOINT((0.075000000372529033,0.060000000521540642,1.015000000372529));
#2642=IFCDIRECTION((0.,0.,1.));
#2643=IFCDIRECTION((1.,0.,0.));
#2644=IFCDIRECTION((0.,0.,1.));
#2646=IFCSHAPEREPRESENTATION(#11,'Body','SweptSolid',(#2718,#2581,#2709,#2617,#2896,#2887,#2700,#2608,#2727,#2860,#2869,#2878,#2599,#2736,#2590));
#2647=IFCSHAPEASPECT((#2646),'Lining',$,.T.,#2484);
#2648=IFCSHAPEREPRESENTATION(#11,'Body','SweptSolid',(#2915,#2626,#2754,#2914,#2635,#2755,#2636,#2745,#2905));
#2649=IFCSHAPEASPECT((#2648),'Framing',$,.T.,#2484);
#2692=IFCCARTESIANPOINTLIST2D(((0.,0.),(0.,2.),(0.80456042289733887,2.),(0.80456042289733887,0.),(0.77956042252480984,0.),(0.77956042252480984,1.974999999627471),(0.02500000037252903,1.974999999627471),(0.02500000037252903,0.)));
#2693=IFCINDEXEDPOLYCURVE(#2692,(IFCLINEINDEX((1,2,3,4,5,6,7,8,1))),$);
#2694=IFCARBITRARYCLOSEDPROFILEDEF(.AREA.,$,#2693);
#2695=IFCCARTESIANPOINT((0.,0.02500000037252903,0.));
#2696=IFCDIRECTION((0.,-1.,0.));
#2697=IFCDIRECTION((1.,0.,0.));
#2698=IFCAXIS2PLACEMENT3D(#2695,#2696,#2697);
#2699=IFCDIRECTION((0.,0.,-1.));
#2700=IFCEXTRUDEDAREASOLID(#2694,#2698,#2699,0.02500000037252903);
#2701=IFCCARTESIANPOINTLIST2D(((0.,0.),(0.,2.),(0.80456042289733887,2.),(0.80456042289733887,0.),(0.75456042215228081,0.),(0.75456042215228081,1.9499999992549419),(0.05000000074505806,1.9499999992549419),(0.05000000074505806,0.)));
#2702=IFCINDEXEDPOLYCURVE(#2701,(IFCLINEINDEX((1,2,3,4,5,6,7,8,1))),$);
#2703=IFCARBITRARYCLOSEDPROFILEDEF(.AREA.,$,#2702);
#2704=IFCCARTESIANPOINT((0.,0.,0.));
#2705=IFCDIRECTION((0.,-1.,0.));
#2706=IFCDIRECTION((1.,0.,0.));
#2707=IFCAXIS2PLACEMENT3D(#2704,#2705,#2706);
#2708=IFCDIRECTION((0.,0.,-1.));
#2709=IFCEXTRUDEDAREASOLID(#2703,#2707,#2708,0.02500000037252903);
#2710=IFCCARTESIANPOINTLIST2D(((0.,0.),(0.70456042140722275,0.),(0.70456042140722275,0.10000000149011612),(0.,0.10000000149011612)));
#2711=IFCINDEXEDPOLYCURVE(#2710,(IFCLINEINDEX((1,2,3,4,1))),$);
#2712=IFCARBITRARYCLOSEDPROFILEDEF(.AREA.,$,#2711);
#2713=IFCCARTESIANPOINT((0.05000000074505806,0.,0.));
#2714=IFCDIRECTION((0.,0.,1.));
#2715=IFCDIRECTION((1.,0.,0.));
#2716=IFCAXIS2PLACEMENT3D(#2713,#2714,#2715);
#2717=IFCDIRECTION((0.,0.,1.));
#2718=IFCEXTRUDEDAREASOLID(#2712,#2716,#2717,0.02500000037252903);
#2719=IFCCARTESIANPOINTLIST2D(((0.,0.),(0.,2.0250000022351742),(0.85456042736768723,2.0250000022351742),(0.85456042736768723,0.),(0.77956042438745499,0.),(0.77956042438745499,1.9499999992549419),(0.075000002980232239,1.9499999992549419),(0.075000002980232239,0.)));
#2720=IFCINDEXEDPOLYCURVE(#2719,(IFCLINEINDEX((1,2,3,4,5,6,7,8,1))),$);
#2721=IFCARBITRARYCLOSEDPROFILEDEF(.AREA.,$,#2720);
#2722=IFCCARTESIANPOINT((-0.025000002235174179,-0.004999999888241291,0.));
#2723=IFCDIRECTION((0.,-1.,0.));
#2724=IFCDIRECTION((1.,0.,0.));
#2725=IFCAXIS2PLACEMENT3D(#2722,#2723,#2724);
#2726=IFCDIRECTION((0.,0.,-1.));
#2727=IFCEXTRUDEDAREASOLID(#2721,#2725,#2726,0.004999999888241291);
#2728=IFCCARTESIANPOINTLIST2D(((0.,0.),(0.,2.0250000022351742),(0.85456042736768723,2.0250000022351742),(0.85456042736768723,0.),(0.80456042475998402,0.),(0.80456042475998402,1.974999999627471),(0.050000002607703209,1.974999999627471),(0.050000002607703209,0.)));
#2729=IFCINDEXEDPOLYCURVE(#2728,(IFCLINEINDEX((1,2,3,4,5,6,7,8,1))),$);
#2730=IFCARBITRARYCLOSEDPROFILEDEF(.AREA.,$,#2729);
#2731=IFCCARTESIANPOINT((-0.025000002235174179,0.05000000074505806,0.));
#2732=IFCDIRECTION((0.,-1.,0.));
#2733=IFCDIRECTION((1.,0.,0.));
#2734=IFCAXIS2PLACEMENT3D(#2731,#2732,#2733);
#2735=IFCDIRECTION((0.,0.,-1.));
#2736=IFCEXTRUDEDAREASOLID(#2730,#2734,#2735,0.004999999888241291);
#2737=IFCCARTESIANPOINTLIST2D(((0.,0.),(0.75456042215228081,0.),(0.75456042215228081,0.035000000149011612),(0.,0.035000000149011612)));
#2738=IFCINDEXEDPOLYCURVE(#2737,(IFCLINEINDEX((1,2,3,4,1))),$);
#2739=IFCARBITRARYCLOSEDPROFILEDEF(.AREA.,$,#2738);
#2740=IFCCARTESIANPOINT((0.02500000037252903,0.02500000037252903,0.02500000037252903));
#2741=IFCDIRECTION((0.,0.,1.));
#2742=IFCDIRECTION((1.,0.,0.));
#2743=IFCAXIS2PLACEMENT3D(#2740,#2741,#2742);
#2744=IFCDIRECTION((0.,0.,1.));
#2745=IFCEXTRUDEDAREASOLID(#2739,#2743,#2744,1.9499999992549419);
#2746=IFCCARTESIANPOINTLIST2D(((0.,0.),(0.,-0.040000000000000001),(-0.11999999999999988,-0.040000000000000001),(-0.11999999999999988,-0.02),(-0.020000000000000018,-0.02),(-0.020000000000000018,0.)));
#2747=IFCINDEXEDPOLYCURVE(#2746,(IFCLINEINDEX((1,2,3,4,5,6,1))),$);
#2748=IFCARBITRARYCLOSEDPROFILEDEF(.AREA.,$,#2747);
#2749=IFCCARTESIANPOINT((0.72956042252480979,0.02500000037252903,1.015000000372529));
#2750=IFCDIRECTION((0.,0.,1.));
#2751=IFCDIRECTION((1.,0.,0.));
#2752=IFCAXIS2PLACEMENT3D(#2749,#2750,#2751);
#2753=IFCDIRECTION((0.,0.,1.));
#2754=IFCEXTRUDEDAREASOLID(#2748,#2752,#2753,0.02);
#2755=IFCEXTRUDEDAREASOLID(#2756,#2759,#2763,0.02);
#2756=IFCARBITRARYCLOSEDPROFILEDEF(.AREA.,$,#2757);
#2757=IFCINDEXEDPOLYCURVE(#2758,(IFCLINEINDEX((1,2,3,4,5,6,1))),$);
#2758=IFCCARTESIANPOINTLIST2D(((0.,0.),(0.,0.040000000000000008),(-0.11999999999999988,0.040000000000000008),(-0.11999999999999988,0.020000000000000004),(-0.020000000000000018,0.020000000000000004),(-0.020000000000000018,0.)));
#2759=IFCAXIS2PLACEMENT3D(#2760,#2761,#2762);
#2760=IFCCARTESIANPOINT((0.72956042252480979,0.060000000521540642,1.015000000372529));
#2761=IFCDIRECTION((0.,0.,1.));
#2762=IFCDIRECTION((1.,0.,0.));
#2763=IFCDIRECTION((0.,0.,1.));
#2849=IFCCARTESIANPOINTLIST3D(((0.,0.,0.),(0.80456042289733887,0.,0.),(0.80456042289733887,0.,2.),(0.,0.,2.)));
#2850=IFCINDEXEDPOLYCURVE(#2849,(IFCLINEINDEX((1,2,3,4,1))),$);
#2851=IFCSHAPEREPRESENTATION(#18,'Profile','Curve3D',(#2850));
#2852=IFCCARTESIANPOINTLIST2D(((0.,0.),(0.,2.),(0.80456042289733887,2.),(0.80456042289733887,0.),(0.77956042252480984,0.),(0.77956042252480984,1.974999999627471),(0.02500000037252903,1.974999999627471),(0.02500000037252903,0.)));
#2853=IFCINDEXEDPOLYCURVE(#2852,(IFCLINEINDEX((1,2,3,4,5,6,7,8,1))),$);
#2854=IFCARBITRARYCLOSEDPROFILEDEF(.AREA.,$,#2853);
#2855=IFCCARTESIANPOINT((0.,0.02500000037252903,0.));
#2856=IFCDIRECTION((0.,-1.,0.));
#2857=IFCDIRECTION((1.,0.,0.));
#2858=IFCAXIS2PLACEMENT3D(#2855,#2856,#2857);
#2859=IFCDIRECTION((0.,0.,-1.));
#2860=IFCEXTRUDEDAREASOLID(#2854,#2858,#2859,0.02500000037252903);
#2861=IFCCARTESIANPOINTLIST2D(((0.,0.),(0.,2.),(0.80456042289733887,2.),(0.80456042289733887,0.),(0.75456042215228081,0.),(0.75456042215228081,1.9499999992549419),(0.05000000074505806,1.9499999992549419),(0.05000000074505806,0.)));
#2862=IFCINDEXEDPOLYCURVE(#2861,(IFCLINEINDEX((1,2,3,4,5,6,7,8,1))),$);
#2863=IFCARBITRARYCLOSEDPROFILEDEF(.AREA.,$,#2862);
#2864=IFCCARTESIANPOINT((0.,0.,0.));
#2865=IFCDIRECTION((0.,-1.,0.));
#2866=IFCDIRECTION((1.,0.,0.));
#2867=IFCAXIS2PLACEMENT3D(#2864,#2865,#2866);
#2868=IFCDIRECTION((0.,0.,-1.));
#2869=IFCEXTRUDEDAREASOLID(#2863,#2867,#2868,0.02500000037252903);
#2870=IFCCARTESIANPOINTLIST2D(((0.,0.),(0.70456042140722275,0.),(0.70456042140722275,0.10000000149011612),(0.,0.10000000149011612)));
#2871=IFCINDEXEDPOLYCURVE(#2870,(IFCLINEINDEX((1,2,3,4,1))),$);
#2872=IFCARBITRARYCLOSEDPROFILEDEF(.AREA.,$,#2871);
#2873=IFCCARTESIANPOINT((0.05000000074505806,0.,0.));
#2874=IFCDIRECTION((0.,0.,1.));
#2875=IFCDIRECTION((1.,0.,0.));
#2876=IFCAXIS2PLACEMENT3D(#2873,#2874,#2875);
#2877=IFCDIRECTION((0.,0.,1.));
#2878=IFCEXTRUDEDAREASOLID(#2872,#2876,#2877,0.02500000037252903);
#2879=IFCCARTESIANPOINTLIST2D(((0.,0.),(0.,2.0250000022351742),(0.85456042736768723,2.0250000022351742),(0.85456042736768723,0.),(0.77956042438745499,0.),(0.77956042438745499,1.9499999992549419),(0.075000002980232239,1.9499999992549419),(0.075000002980232239,0.)));
#2880=IFCINDEXEDPOLYCURVE(#2879,(IFCLINEINDEX((1,2,3,4,5,6,7,8,1))),$);
#2881=IFCARBITRARYCLOSEDPROFILEDEF(.AREA.,$,#2880);
#2882=IFCCARTESIANPOINT((-0.025000002235174179,-0.004999999888241291,0.));
#2883=IFCDIRECTION((0.,-1.,0.));
#2884=IFCDIRECTION((1.,0.,0.));
#2885=IFCAXIS2PLACEMENT3D(#2882,#2883,#2884);
#2886=IFCDIRECTION((0.,0.,-1.));
#2887=IFCEXTRUDEDAREASOLID(#2881,#2885,#2886,0.004999999888241291);
#2888=IFCCARTESIANPOINTLIST2D(((0.,0.),(0.,2.0250000022351742),(0.85456042736768723,2.0250000022351742),(0.85456042736768723,0.),(0.80456042475998402,0.),(0.80456042475998402,1.974999999627471),(0.050000002607703209,1.974999999627471),(0.050000002607703209,0.)));
#2889=IFCINDEXEDPOLYCURVE(#2888,(IFCLINEINDEX((1,2,3,4,5,6,7,8,1))),$);
#2890=IFCARBITRARYCLOSEDPROFILEDEF(.AREA.,$,#2889);
#2891=IFCCARTESIANPOINT((-0.025000002235174179,0.05000000074505806,0.));
#2892=IFCDIRECTION((0.,-1.,0.));
#2893=IFCDIRECTION((1.,0.,0.));
#2894=IFCAXIS2PLACEMENT3D(#2891,#2892,#2893);
#2895=IFCDIRECTION((0.,0.,-1.));
#2896=IFCEXTRUDEDAREASOLID(#2890,#2894,#2895,0.004999999888241291);
#2897=IFCCARTESIANPOINTLIST2D(((0.,0.),(0.75456042215228081,0.),(0.75456042215228081,0.035000000149011612),(0.,0.035000000149011612)));
#2898=IFCINDEXEDPOLYCURVE(#2897,(IFCLINEINDEX((1,2,3,4,1))),$);
#2899=IFCARBITRARYCLOSEDPROFILEDEF(.AREA.,$,#2898);
#2900=IFCCARTESIANPOINT((0.02500000037252903,0.02500000037252903,0.02500000037252903));
#2901=IFCDIRECTION((0.,0.,1.));
#2902=IFCDIRECTION((1.,0.,0.));
#2903=IFCAXIS2PLACEMENT3D(#2900,#2901,#2902);
#2904=IFCDIRECTION((0.,0.,1.));
#2905=IFCEXTRUDEDAREASOLID(#2899,#2903,#2904,1.9499999992549419);
#2906=IFCCARTESIANPOINTLIST2D(((0.,0.),(0.,-0.040000000000000001),(0.12,-0.040000000000000001),(0.12,-0.02),(0.02,-0.02),(0.02,0.)));
#2907=IFCINDEXEDPOLYCURVE(#2906,(IFCLINEINDEX((1,2,3,4,5,6,1))),$);
#2908=IFCARBITRARYCLOSEDPROFILEDEF(.AREA.,$,#2907);
#2909=IFCCARTESIANPOINT((0.075000000372529033,0.02500000037252903,1.015000000372529));
#2910=IFCDIRECTION((0.,0.,1.));
#2911=IFCDIRECTION((1.,0.,0.));
#2912=IFCAXIS2PLACEMENT3D(#2909,#2910,#2911);
#2913=IFCDIRECTION((0.,0.,1.));
#2914=IFCEXTRUDEDAREASOLID(#2908,#2912,#2913,0.02);
#2915=IFCEXTRUDEDAREASOLID(#2916,#2919,#2923,0.02);
#2916=IFCARBITRARYCLOSEDPROFILEDEF(.AREA.,$,#2917);
#2917=IFCINDEXEDPOLYCURVE(#2918,(IFCLINEINDEX((1,2,3,4,5,6,1))),$);
#2918=IFCCARTESIANPOINTLIST2D(((0.,0.),(0.,0.040000000000000008),(0.11999999999999998,0.040000000000000008),(0.11999999999999998,0.020000000000000004),(0.020000000000000004,0.020000000000000004),(0.020000000000000004,0.)));
#2919=IFCAXIS2PLACEMENT3D(#2920,#2921,#2922);
#2920=IFCCARTESIANPOINT((0.075000000372529033,0.060000000521540642,1.015000000372529));
#2921=IFCDIRECTION((0.,0.,1.));
#2922=IFCDIRECTION((1.,0.,0.));
#2923=IFCDIRECTION((0.,0.,1.));
#2924=IFCSHAPEREPRESENTATION(#11,'Body','SweptSolid',(#2860,#2869,#2905,#2914,#2915,#2878,#2887,#2896));
#2925=IFCCARTESIANPOINTLIST2D(((0.,0.),(0.,0.05000000074505806),(0.02500000037252903,0.05000000074505806),(0.02500000037252903,0.02500000037252903),(0.05000000074505806,0.02500000037252903),(0.05000000074505806,0.)));
#2926=IFCINDEXEDPOLYCURVE(#2925,(IFCLINEINDEX((1,2,3,4,5,6,1))),$);
#2927=IFCINDEXEDPOLYCURVE(#2928,(IFCLINEINDEX((1,2,3,4,5,6,1))),$);
#2928=IFCCARTESIANPOINTLIST2D(((0.80456042289733887,0.),(0.80456042289733887,0.05000000074505806),(0.77956042252480984,0.05000000074505806),(0.77956042252480984,0.02500000037252903),(0.75456042215228081,0.02500000037252903),(0.75456042215228081,0.)));
#2929=IFCDIRECTION((1.,0.));
#2930=IFCCARTESIANPOINT((0.74456042237579823,0.05000000074505806));
#2931=IFCAXIS2PLACEMENT2D(#2930,#2929);
#2932=IFCELLIPSE(#2931,0.7195604220032692,0.75456042215228081);
#2933=IFCCARTESIANPOINT((0.74456042237579823,0.80456042289733887));
#2934=IFCCARTESIANPOINT((0.02500000037252903,0.05000000074505806));
#2935=IFCTRIMMEDCURVE(#2932,(#2933),(#2934),.T.,.CARTESIAN.);
#2936=IFCCARTESIANPOINTLIST2D(((0.77956042252480984,0.05000000074505806),(0.74456042237579823,0.05000000074505806),(0.74456042237579823,0.80456042289733887),(0.77956042252480984,0.80456042289733887)));
#2937=IFCINDEXEDPOLYCURVE(#2936,(IFCLINEINDEX((1,2,3,4,1))),$);
#2938=IFCSHAPEREPRESENTATION(#24,'Body','Curve2D',(#2926,#2927,#2935,#2937));
#2939=IFCCARTESIANPOINTLIST2D(((0.,0.),(0.80456042289733887,0.),(0.80456042289733887,2.),(0.,2.)));
#2940=IFCINDEXEDPOLYCURVE(#2939,(IFCLINEINDEX((1,2,3,4,1))),$);
#2941=IFCARBITRARYCLOSEDPROFILEDEF(.AREA.,$,#2940);
#2942=IFCCARTESIANPOINT((0.,-0.60000002384185791,0.));
#2943=IFCDIRECTION((0.,-1.,0.));
#2944=IFCDIRECTION((1.,0.,0.));
#2945=IFCAXIS2PLACEMENT3D(#2942,#2943,#2944);
#2946=IFCDIRECTION((0.,0.,-1.));
#2947=IFCEXTRUDEDAREASOLID(#2941,#2945,#2946,1.2);
#2948=IFCSHAPEREPRESENTATION(#11,'Body','SweptSolid',(#2947));
#2954=IFCCARTESIANPOINT((1.5704533617535577,7.1461238054792986E-07,0.));
#2955=IFCDIRECTION((0.,0.,1.));
#2956=IFCDIRECTION((0.99999999999997147,-2.384185719961227E-07,0.));
#2957=IFCAXIS2PLACEMENT3D(#2954,#2955,#2956);
#2958=IFCLOCALPLACEMENT(#1287,#2957);
#2959=IFCCARTESIANPOINT((-4.4408920985006262E-16,5.5511151231257827E-17,0.));
#2960=IFCDIRECTION((0.,0.,1.));
#2961=IFCDIRECTION((1.,5.2939559203393771E-23,0.));
#2962=IFCAXIS2PLACEMENT3D(#2959,#2960,#2961);
#2963=IFCLOCALPLACEMENT(#2958,#2962);
#2964=IFCDOORTYPE('0Ppb0HtvH5ARjp5gfEhtva',$,'Bathroom-GF',$,$,(#2965),(#2967,#2975,#3053),$,$,.DOOR.,.SINGLE_SWING_LEFT.,$,$);
#2965=IFCPROPERTYSET('3tv4g4kbP8uviqTd2X9BHm',$,'BBIM_Door',$,(#2966));
#2966=IFCPROPERTYSINGLEVALUE('Data',$,IFCTEXT('{"door_type": "SINGLE_SWING_RIGHT", "overall_height": 2.0, "overall_width": 0.8045604228973389, "lining_properties": {"lining_depth": 0.05000000074505806, "lining_thickness": 0.05000000074505806, "lining_offset": 0.0, "lining_to_panel_offset_x": 0.02500000037252903, "lining_to_panel_offset_y": 0.02500000037252903, "transom_thickness": 0.0, "casing_thickness": 0.07500000298023224, "casing_depth": 0.004999999888241291, "threshold_thickness": 0.02500000037252903, "threshold_depth": 0.10000000149011612, "threshold_offset": 0.0}, "panel_properties": {"panel_depth": 0.03500000014901161, "panel_width_ratio": 1.0}}'),$);
#2967=IFCREPRESENTATIONMAP(#2968,#2972);
#2968=IFCAXIS2PLACEMENT3D(#2969,#2970,#2971);
#2969=IFCCARTESIANPOINT((0.,0.,0.));
#2970=IFCDIRECTION((0.,0.,1.));
#2971=IFCDIRECTION((1.,0.,0.));
#2972=IFCSHAPEREPRESENTATION(#18,'Profile','Curve3D',(#2973));
#2973=IFCINDEXEDPOLYCURVE(#2974,(IFCLINEINDEX((1,2,3,4,1))),$);
#2974=IFCCARTESIANPOINTLIST3D(((0.,0.,0.),(0.80456042289733887,0.,0.),(0.80456042289733887,0.,2.),(0.,0.,2.)));
#2975=IFCREPRESENTATIONMAP(#2976,#2980);
#2976=IFCAXIS2PLACEMENT3D(#2977,#2978,#2979);
#2977=IFCCARTESIANPOINT((0.,0.,0.));
#2978=IFCDIRECTION((0.,0.,1.));
#2979=IFCDIRECTION((1.,0.,0.));
#2980=IFCSHAPEREPRESENTATION(#11,'Body','SweptSolid',(#2981,#2990,#2999,#3008,#3017,#3026,#3035,#3044));
#2981=IFCEXTRUDEDAREASOLID(#2982,#2985,#2989,0.02500000037252903);
#2982=IFCARBITRARYCLOSEDPROFILEDEF(.AREA.,$,#2983);
#2983=IFCINDEXEDPOLYCURVE(#2984,(IFCLINEINDEX((1,2,3,4,5,6,7,8,1))),$);
#2984=IFCCARTESIANPOINTLIST2D(((0.,0.),(0.,2.),(0.80456042289733887,2.),(0.80456042289733887,0.),(0.77956042252480984,0.),(0.77956042252480984,1.974999999627471),(0.02500000037252903,1.974999999627471),(0.02500000037252903,0.)));
#2985=IFCAXIS2PLACEMENT3D(#2986,#2987,#2988);
#2986=IFCCARTESIANPOINT((0.,0.02500000037252903,0.));
#2987=IFCDIRECTION((0.,-1.,0.));
#2988=IFCDIRECTION((1.,0.,0.));
#2989=IFCDIRECTION((0.,0.,-1.));
#2990=IFCEXTRUDEDAREASOLID(#2991,#2994,#2998,0.02500000037252903);
#2991=IFCARBITRARYCLOSEDPROFILEDEF(.AREA.,$,#2992);
#2992=IFCINDEXEDPOLYCURVE(#2993,(IFCLINEINDEX((1,2,3,4,5,6,7,8,1))),$);
#2993=IFCCARTESIANPOINTLIST2D(((0.,0.),(0.,2.),(0.80456042289733887,2.),(0.80456042289733887,0.),(0.75456042215228081,0.),(0.75456042215228081,1.9499999992549419),(0.05000000074505806,1.9499999992549419),(0.05000000074505806,0.)));
#2994=IFCAXIS2PLACEMENT3D(#2995,#2996,#2997);
#2995=IFCCARTESIANPOINT((0.,0.,0.));
#2996=IFCDIRECTION((0.,-1.,0.));
#2997=IFCDIRECTION((1.,0.,0.));
#2998=IFCDIRECTION((0.,0.,-1.));
#2999=IFCEXTRUDEDAREASOLID(#3000,#3003,#3007,1.9499999992549419);
#3000=IFCARBITRARYCLOSEDPROFILEDEF(.AREA.,$,#3001);
#3001=IFCINDEXEDPOLYCURVE(#3002,(IFCLINEINDEX((1,2,3,4,1))),$);
#3002=IFCCARTESIANPOINTLIST2D(((0.,0.),(0.75456042215228081,0.),(0.75456042215228081,0.035000000149011612),(0.,0.035000000149011612)));
#3003=IFCAXIS2PLACEMENT3D(#3004,#3005,#3006);
#3004=IFCCARTESIANPOINT((0.02500000037252903,0.02500000037252903,0.02500000037252903));
#3005=IFCDIRECTION((0.,0.,1.));
#3006=IFCDIRECTION((1.,0.,0.));
#3007=IFCDIRECTION((0.,0.,1.));
#3008=IFCEXTRUDEDAREASOLID(#3009,#3012,#3016,0.02);
#3009=IFCARBITRARYCLOSEDPROFILEDEF(.AREA.,$,#3010);
#3010=IFCINDEXEDPOLYCURVE(#3011,(IFCLINEINDEX((1,2,3,4,5,6,1))),$);
#3011=IFCCARTESIANPOINTLIST2D(((0.,0.),(0.,-0.040000000000000001),(0.12,-0.040000000000000001),(0.12,-0.02),(0.02,-0.02),(0.02,0.)));
#3012=IFCAXIS2PLACEMENT3D(#3013,#3014,#3015);
#3013=IFCCARTESIANPOINT((0.075000000372529033,0.02500000037252903,1.015000000372529));
#3014=IFCDIRECTION((0.,0.,1.));
#3015=IFCDIRECTION((1.,0.,0.));
#3016=IFCDIRECTION((0.,0.,1.));
#3017=IFCEXTRUDEDAREASOLID(#3018,#3021,#3025,0.02);
#3018=IFCARBITRARYCLOSEDPROFILEDEF(.AREA.,$,#3019);
#3019=IFCINDEXEDPOLYCURVE(#3020,(IFCLINEINDEX((1,2,3,4,5,6,1))),$);
#3020=IFCCARTESIANPOINTLIST2D(((0.,0.),(0.,0.040000000000000008),(0.11999999999999998,0.040000000000000008),(0.11999999999999998,0.020000000000000004),(0.020000000000000004,0.020000000000000004),(0.020000000000000004,0.)));
#3021=IFCAXIS2PLACEMENT3D(#3022,#3023,#3024);
#3022=IFCCARTESIANPOINT((0.075000000372529033,0.060000000521540642,1.015000000372529));
#3023=IFCDIRECTION((0.,0.,1.));
#3024=IFCDIRECTION((1.,0.,0.));
#3025=IFCDIRECTION((0.,0.,1.));
#3026=IFCEXTRUDEDAREASOLID(#3027,#3030,#3034,0.02500000037252903);
#3027=IFCARBITRARYCLOSEDPROFILEDEF(.AREA.,$,#3028);
#3028=IFCINDEXEDPOLYCURVE(#3029,(IFCLINEINDEX((1,2,3,4,1))),$);
#3029=IFCCARTESIANPOINTLIST2D(((0.,0.),(0.70456042140722275,0.),(0.70456042140722275,0.10000000149011612),(0.,0.10000000149011612)));
#3030=IFCAXIS2PLACEMENT3D(#3031,#3032,#3033);
#3031=IFCCARTESIANPOINT((0.05000000074505806,0.,0.));
#3032=IFCDIRECTION((0.,0.,1.));
#3033=IFCDIRECTION((1.,0.,0.));
#3034=IFCDIRECTION((0.,0.,1.));
#3035=IFCEXTRUDEDAREASOLID(#3036,#3039,#3043,0.004999999888241291);
#3036=IFCARBITRARYCLOSEDPROFILEDEF(.AREA.,$,#3037);
#3037=IFCINDEXEDPOLYCURVE(#3038,(IFCLINEINDEX((1,2,3,4,5,6,7,8,1))),$);
#3038=IFCCARTESIANPOINTLIST2D(((0.,0.),(0.,2.0250000022351742),(0.85456042736768723,2.0250000022351742),(0.85456042736768723,0.),(0.77956042438745499,0.),(0.77956042438745499,1.9499999992549419),(0.075000002980232239,1.9499999992549419),(0.075000002980232239,0.)));
#3039=IFCAXIS2PLACEMENT3D(#3040,#3041,#3042);
#3040=IFCCARTESIANPOINT((-0.025000002235174179,-0.004999999888241291,0.));
#3041=IFCDIRECTION((0.,-1.,0.));
#3042=IFCDIRECTION((1.,0.,0.));
#3043=IFCDIRECTION((0.,0.,-1.));
#3044=IFCEXTRUDEDAREASOLID(#3045,#3048,#3052,0.004999999888241291);
#3045=IFCARBITRARYCLOSEDPROFILEDEF(.AREA.,$,#3046);
#3046=IFCINDEXEDPOLYCURVE(#3047,(IFCLINEINDEX((1,2,3,4,5,6,7,8,1))),$);
#3047=IFCCARTESIANPOINTLIST2D(((0.,0.),(0.,2.0250000022351742),(0.85456042736768723,2.0250000022351742),(0.85456042736768723,0.),(0.80456042475998402,0.),(0.80456042475998402,1.974999999627471),(0.050000002607703209,1.974999999627471),(0.050000002607703209,0.)));
#3048=IFCAXIS2PLACEMENT3D(#3049,#3050,#3051);
#3049=IFCCARTESIANPOINT((-0.025000002235174179,0.05000000074505806,0.));
#3050=IFCDIRECTION((0.,-1.,0.));
#3051=IFCDIRECTION((1.,0.,0.));
#3052=IFCDIRECTION((0.,0.,-1.));
#3053=IFCREPRESENTATIONMAP(#3054,#3058);
#3054=IFCAXIS2PLACEMENT3D(#3055,#3056,#3057);
#3055=IFCCARTESIANPOINT((0.,0.,0.));
#3056=IFCDIRECTION((0.,0.,1.));
#3057=IFCDIRECTION((1.,0.,0.));
#3058=IFCSHAPEREPRESENTATION(#24,'Body','Curve2D',(#3059,#3061,#3063,#3070));
#3059=IFCINDEXEDPOLYCURVE(#3060,(IFCLINEINDEX((1,2,3,4,5,6,1))),$);
#3060=IFCCARTESIANPOINTLIST2D(((0.,0.),(0.,0.05000000074505806),(0.02500000037252903,0.05000000074505806),(0.02500000037252903,0.02500000037252903),(0.05000000074505806,0.02500000037252903),(0.05000000074505806,0.)));
#3061=IFCINDEXEDPOLYCURVE(#3062,(IFCLINEINDEX((1,2,3,4,5,6,1))),$);
#3062=IFCCARTESIANPOINTLIST2D(((0.80456042289733887,0.),(0.80456042289733887,0.05000000074505806),(0.77956042252480984,0.05000000074505806),(0.77956042252480984,0.02500000037252903),(0.75456042215228081,0.02500000037252903),(0.75456042215228081,0.)));
#3063=IFCTRIMMEDCURVE(#3064,(#3068),(#3069),.T.,.CARTESIAN.);
#3064=IFCELLIPSE(#3065,0.7195604220032692,0.75456042215228081);
#3065=IFCAXIS2PLACEMENT2D(#3066,#3067);
#3066=IFCCARTESIANPOINT((0.74456042237579823,0.05000000074505806));
#3067=IFCDIRECTION((1.,0.));
#3068=IFCCARTESIANPOINT((0.74456042237579823,0.80456042289733887));
#3069=IFCCARTESIANPOINT((0.02500000037252903,0.05000000074505806));
#3070=IFCINDEXEDPOLYCURVE(#3071,(IFCLINEINDEX((1,2,3,4,1))),$);
#3071=IFCCARTESIANPOINTLIST2D(((0.77956042252480984,0.05000000074505806),(0.74456042237579823,0.05000000074505806),(0.74456042237579823,0.80456042289733887),(0.77956042252480984,0.80456042289733887)));
#3072=IFCDOOR('3ewMgR_lnCpfU9Uw2ZmaC1',$,'Door',$,$,#3514,#3080,$,2.,0.74803006649017334,$,.SINGLE_SWING_LEFT.,$);
#3073=IFCCARTESIANPOINT((0.,0.,0.));
#3074=IFCDIRECTION((1.,0.,0.));
#3075=IFCDIRECTION((0.,1.,0.));
#3076=IFCDIRECTION((0.,0.,1.));
#3077=IFCCARTESIANTRANSFORMATIONOPERATOR3D(#3074,#3075,#3073,1.,#3076);
#3078=IFCMAPPEDITEM(#1895,#3077);
#3079=IFCSHAPEREPRESENTATION(#18,'Profile','MappedRepresentation',(#3078));
#3080=IFCPRODUCTDEFINITIONSHAPE($,$,(#3079,#3087,#3094));
#3081=IFCCARTESIANPOINT((0.,0.,0.));
#3082=IFCDIRECTION((1.,0.,0.));
#3083=IFCDIRECTION((0.,1.,0.));
#3084=IFCDIRECTION((0.,0.,1.));
#3085=IFCCARTESIANTRANSFORMATIONOPERATOR3D(#3082,#3083,#3081,1.,#3084);
#3086=IFCMAPPEDITEM(#1973,#3085);
#3087=IFCSHAPEREPRESENTATION(#11,'Body','MappedRepresentation',(#3086));
#3088=IFCCARTESIANPOINT((0.,0.,0.));
#3089=IFCDIRECTION((1.,0.,0.));
#3090=IFCDIRECTION((0.,1.,0.));
#3091=IFCDIRECTION((0.,0.,1.));
#3092=IFCCARTESIANTRANSFORMATIONOPERATOR3D(#3089,#3090,#3088,1.,#3091);
#3093=IFCMAPPEDITEM(#1992,#3092);
#3094=IFCSHAPEREPRESENTATION(#24,'Body','MappedRepresentation',(#3093));
#3095=IFCOPENINGELEMENT('0zKkCIeD92AfbVizkev731',$,'Opening',$,$,#3509,#3108,$,.OPENING.);
#3101=IFCCARTESIANPOINT((0.,0.,0.));
#3102=IFCDIRECTION((1.,0.,0.));
#3103=IFCDIRECTION((0.,1.,0.));
#3104=IFCDIRECTION((0.,0.,1.));
#3105=IFCCARTESIANTRANSFORMATIONOPERATOR3D(#3102,#3103,#3101,1.,#3104);
#3106=IFCMAPPEDITEM(#2037,#3105);
#3107=IFCSHAPEREPRESENTATION(#11,'Body','MappedRepresentation',(#3106));
#3108=IFCPRODUCTDEFINITIONSHAPE($,$,(#3107));
#3109=IFCRELVOIDSELEMENT('1GRMxP8f9ENwYapAYxQs4$',$,$,$,#1475,#3095);
#3115=IFCRELFILLSELEMENT('3FZdUULzv2nR0P2dLFTikw',$,$,$,#3095,#3072);
#3139=IFCCARTESIANPOINTLIST2D(((0.,0.),(0.,2.),(0.7135850191116333,2.),(0.7135850191116333,0.),(0.68858501873910427,0.),(0.68858501873910427,1.974999999627471),(0.02500000037252903,1.974999999627471),(0.02500000037252903,0.)));
#3140=IFCINDEXEDPOLYCURVE(#3139,(IFCLINEINDEX((1,2,3,4,5,6,7,8,1))),$);
#3141=IFCARBITRARYCLOSEDPROFILEDEF(.AREA.,$,#3140);
#3142=IFCCARTESIANPOINT((0.,0.02500000037252903,0.));
#3143=IFCDIRECTION((0.,-1.,0.));
#3144=IFCDIRECTION((1.,0.,0.));
#3145=IFCAXIS2PLACEMENT3D(#3142,#3143,#3144);
#3146=IFCDIRECTION((0.,0.,-1.));
#3147=IFCEXTRUDEDAREASOLID(#3141,#3145,#3146,0.02500000037252903);
#3148=IFCCARTESIANPOINTLIST2D(((0.,0.),(0.,2.),(0.7135850191116333,2.),(0.7135850191116333,0.),(0.66358501836657524,0.),(0.66358501836657524,1.9499999992549419),(0.05000000074505806,1.9499999992549419),(0.05000000074505806,0.)));
#3149=IFCINDEXEDPOLYCURVE(#3148,(IFCLINEINDEX((1,2,3,4,5,6,7,8,1))),$);
#3150=IFCARBITRARYCLOSEDPROFILEDEF(.AREA.,$,#3149);
#3151=IFCCARTESIANPOINT((0.,0.,0.));
#3152=IFCDIRECTION((0.,-1.,0.));
#3153=IFCDIRECTION((1.,0.,0.));
#3154=IFCAXIS2PLACEMENT3D(#3151,#3152,#3153);
#3155=IFCDIRECTION((0.,0.,-1.));
#3156=IFCEXTRUDEDAREASOLID(#3150,#3154,#3155,0.02500000037252903);
#3157=IFCCARTESIANPOINTLIST2D(((0.,0.),(0.61358501762151718,0.),(0.61358501762151718,0.10000000149011612),(0.,0.10000000149011612)));
#3158=IFCINDEXEDPOLYCURVE(#3157,(IFCLINEINDEX((1,2,3,4,1))),$);
#3159=IFCARBITRARYCLOSEDPROFILEDEF(.AREA.,$,#3158);
#3160=IFCCARTESIANPOINT((0.05000000074505806,0.,0.));
#3161=IFCDIRECTION((0.,0.,1.));
#3162=IFCDIRECTION((1.,0.,0.));
#3163=IFCAXIS2PLACEMENT3D(#3160,#3161,#3162);
#3164=IFCDIRECTION((0.,0.,1.));
#3165=IFCEXTRUDEDAREASOLID(#3159,#3163,#3164,0.02500000037252903);
#3166=IFCCARTESIANPOINTLIST2D(((0.,0.),(0.,2.0250000022351742),(0.76358502358198166,2.0250000022351742),(0.76358502358198166,0.),(0.68858502060174942,0.),(0.68858502060174942,1.9499999992549419),(0.075000002980232239,1.9499999992549419),(0.075000002980232239,0.)));
#3167=IFCINDEXEDPOLYCURVE(#3166,(IFCLINEINDEX((1,2,3,4,5,6,7,8,1))),$);
#3168=IFCARBITRARYCLOSEDPROFILEDEF(.AREA.,$,#3167);
#3169=IFCCARTESIANPOINT((-0.025000002235174179,-0.004999999888241291,0.));
#3170=IFCDIRECTION((0.,-1.,0.));
#3171=IFCDIRECTION((1.,0.,0.));
#3172=IFCAXIS2PLACEMENT3D(#3169,#3170,#3171);
#3173=IFCDIRECTION((0.,0.,-1.));
#3174=IFCEXTRUDEDAREASOLID(#3168,#3172,#3173,0.004999999888241291);
#3175=IFCCARTESIANPOINTLIST2D(((0.,0.),(0.,2.0250000022351742),(0.76358502358198166,2.0250000022351742),(0.76358502358198166,0.),(0.71358502097427845,0.),(0.71358502097427845,1.974999999627471),(0.050000002607703209,1.974999999627471),(0.050000002607703209,0.)));
#3176=IFCINDEXEDPOLYCURVE(#3175,(IFCLINEINDEX((1,2,3,4,5,6,7,8,1))),$);
#3177=IFCARBITRARYCLOSEDPROFILEDEF(.AREA.,$,#3176);
#3178=IFCCARTESIANPOINT((-0.025000002235174179,0.05000000074505806,0.));
#3179=IFCDIRECTION((0.,-1.,0.));
#3180=IFCDIRECTION((1.,0.,0.));
#3181=IFCAXIS2PLACEMENT3D(#3178,#3179,#3180);
#3182=IFCDIRECTION((0.,0.,-1.));
#3183=IFCEXTRUDEDAREASOLID(#3177,#3181,#3182,0.004999999888241291);
#3184=IFCCARTESIANPOINTLIST2D(((0.,0.),(0.66358501836657524,0.),(0.66358501836657524,0.035000000149011612),(0.,0.035000000149011612)));
#3185=IFCINDEXEDPOLYCURVE(#3184,(IFCLINEINDEX((1,2,3,4,1))),$);
#3186=IFCARBITRARYCLOSEDPROFILEDEF(.AREA.,$,#3185);
#3187=IFCCARTESIANPOINT((0.02500000037252903,0.02500000037252903,0.02500000037252903));
#3188=IFCDIRECTION((0.,0.,1.));
#3189=IFCDIRECTION((1.,0.,0.));
#3190=IFCAXIS2PLACEMENT3D(#3187,#3188,#3189);
#3191=IFCDIRECTION((0.,0.,1.));
#3192=IFCEXTRUDEDAREASOLID(#3186,#3190,#3191,1.9499999992549419);
#3193=IFCCARTESIANPOINTLIST2D(((0.,0.),(0.,-0.040000000000000001),(0.12,-0.040000000000000001),(0.12,-0.02),(0.02,-0.02),(0.02,0.)));
#3194=IFCINDEXEDPOLYCURVE(#3193,(IFCLINEINDEX((1,2,3,4,5,6,1))),$);
#3195=IFCARBITRARYCLOSEDPROFILEDEF(.AREA.,$,#3194);
#3196=IFCCARTESIANPOINT((0.075000000372529033,0.02500000037252903,1.015000000372529));
#3197=IFCDIRECTION((0.,0.,1.));
#3198=IFCDIRECTION((1.,0.,0.));
#3199=IFCAXIS2PLACEMENT3D(#3196,#3197,#3198);
#3200=IFCDIRECTION((0.,0.,1.));
#3201=IFCEXTRUDEDAREASOLID(#3195,#3199,#3200,0.02);
#3202=IFCEXTRUDEDAREASOLID(#3203,#3206,#3210,0.02);
#3203=IFCARBITRARYCLOSEDPROFILEDEF(.AREA.,$,#3204);
#3204=IFCINDEXEDPOLYCURVE(#3205,(IFCLINEINDEX((1,2,3,4,5,6,1))),$);
#3205=IFCCARTESIANPOINTLIST2D(((0.,0.),(0.,0.040000000000000008),(0.11999999999999998,0.040000000000000008),(0.11999999999999998,0.020000000000000004),(0.020000000000000004,0.020000000000000004),(0.020000000000000004,0.)));
#3206=IFCAXIS2PLACEMENT3D(#3207,#3208,#3209);
#3207=IFCCARTESIANPOINT((0.075000000372529033,0.060000000521540642,1.015000000372529));
#3208=IFCDIRECTION((0.,0.,1.));
#3209=IFCDIRECTION((1.,0.,0.));
#3210=IFCDIRECTION((0.,0.,1.));
#3212=IFCSHAPEREPRESENTATION(#11,'Body','SweptSolid',(#3308,#3429,#3299,#3420,#3290,#3165,#3174,#3147,#3183,#3156,#3281,#3411,#3447,#3438,#3317));
#3213=IFCSHAPEASPECT((#3212),'Lining',$,.T.,#3080);
#3214=IFCSHAPEREPRESENTATION(#11,'Body','SweptSolid',(#3465,#3202,#3192,#3466,#3456,#3335,#3336,#3326,#3201));
#3215=IFCSHAPEASPECT((#3214),'Framing',$,.T.,#3080);
#3273=IFCCARTESIANPOINTLIST2D(((0.,0.),(0.,2.),(0.74803006649017334,2.),(0.74803006649017334,0.),(0.72303006611764431,0.),(0.72303006611764431,1.974999999627471),(0.02500000037252903,1.974999999627471),(0.02500000037252903,0.)));
#3274=IFCINDEXEDPOLYCURVE(#3273,(IFCLINEINDEX((1,2,3,4,5,6,7,8,1))),$);
#3275=IFCARBITRARYCLOSEDPROFILEDEF(.AREA.,$,#3274);
#3276=IFCCARTESIANPOINT((0.,0.02500000037252903,0.));
#3277=IFCDIRECTION((0.,-1.,0.));
#3278=IFCDIRECTION((1.,0.,0.));
#3279=IFCAXIS2PLACEMENT3D(#3276,#3277,#3278);
#3280=IFCDIRECTION((0.,0.,-1.));
#3281=IFCEXTRUDEDAREASOLID(#3275,#3279,#3280,0.02500000037252903);
#3282=IFCCARTESIANPOINTLIST2D(((0.,0.),(0.,2.),(0.74803006649017334,2.),(0.74803006649017334,0.),(0.69803006574511528,0.),(0.69803006574511528,1.9499999992549419),(0.05000000074505806,1.9499999992549419),(0.05000000074505806,0.)));
#3283=IFCINDEXEDPOLYCURVE(#3282,(IFCLINEINDEX((1,2,3,4,5,6,7,8,1))),$);
#3284=IFCARBITRARYCLOSEDPROFILEDEF(.AREA.,$,#3283);
#3285=IFCCARTESIANPOINT((0.,0.,0.));
#3286=IFCDIRECTION((0.,-1.,0.));
#3287=IFCDIRECTION((1.,0.,0.));
#3288=IFCAXIS2PLACEMENT3D(#3285,#3286,#3287);
#3289=IFCDIRECTION((0.,0.,-1.));
#3290=IFCEXTRUDEDAREASOLID(#3284,#3288,#3289,0.02500000037252903);
#3291=IFCCARTESIANPOINTLIST2D(((0.,0.),(0.64803006500005722,0.),(0.64803006500005722,0.10000000149011612),(0.,0.10000000149011612)));
#3292=IFCINDEXEDPOLYCURVE(#3291,(IFCLINEINDEX((1,2,3,4,1))),$);
#3293=IFCARBITRARYCLOSEDPROFILEDEF(.AREA.,$,#3292);
#3294=IFCCARTESIANPOINT((0.05000000074505806,0.,0.));
#3295=IFCDIRECTION((0.,0.,1.));
#3296=IFCDIRECTION((1.,0.,0.));
#3297=IFCAXIS2PLACEMENT3D(#3294,#3295,#3296);
#3298=IFCDIRECTION((0.,0.,1.));
#3299=IFCEXTRUDEDAREASOLID(#3293,#3297,#3298,0.02500000037252903);
#3300=IFCCARTESIANPOINTLIST2D(((0.,0.),(0.,2.0250000022351742),(0.7980300709605217,2.0250000022351742),(0.7980300709605217,0.),(0.72303006798028946,0.),(0.72303006798028946,1.9499999992549419),(0.075000002980232239,1.9499999992549419),(0.075000002980232239,0.)));
#3301=IFCINDEXEDPOLYCURVE(#3300,(IFCLINEINDEX((1,2,3,4,5,6,7,8,1))),$);
#3302=IFCARBITRARYCLOSEDPROFILEDEF(.AREA.,$,#3301);
#3303=IFCCARTESIANPOINT((-0.025000002235174179,-0.004999999888241291,0.));
#3304=IFCDIRECTION((0.,-1.,0.));
#3305=IFCDIRECTION((1.,0.,0.));
#3306=IFCAXIS2PLACEMENT3D(#3303,#3304,#3305);
#3307=IFCDIRECTION((0.,0.,-1.));
#3308=IFCEXTRUDEDAREASOLID(#3302,#3306,#3307,0.004999999888241291);
#3309=IFCCARTESIANPOINTLIST2D(((0.,0.),(0.,2.0250000022351742),(0.7980300709605217,2.0250000022351742),(0.7980300709605217,0.),(0.74803006835281849,0.),(0.74803006835281849,1.974999999627471),(0.050000002607703209,1.974999999627471),(0.050000002607703209,0.)));
#3310=IFCINDEXEDPOLYCURVE(#3309,(IFCLINEINDEX((1,2,3,4,5,6,7,8,1))),$);
#3311=IFCARBITRARYCLOSEDPROFILEDEF(.AREA.,$,#3310);
#3312=IFCCARTESIANPOINT((-0.025000002235174179,0.05000000074505806,0.));
#3313=IFCDIRECTION((0.,-1.,0.));
#3314=IFCDIRECTION((1.,0.,0.));
#3315=IFCAXIS2PLACEMENT3D(#3312,#3313,#3314);
#3316=IFCDIRECTION((0.,0.,-1.));
#3317=IFCEXTRUDEDAREASOLID(#3311,#3315,#3316,0.004999999888241291);
#3318=IFCCARTESIANPOINTLIST2D(((0.,0.),(0.69803006574511528,0.),(0.69803006574511528,0.035000000149011612),(0.,0.035000000149011612)));
#3319=IFCINDEXEDPOLYCURVE(#3318,(IFCLINEINDEX((1,2,3,4,1))),$);
#3320=IFCARBITRARYCLOSEDPROFILEDEF(.AREA.,$,#3319);
#3321=IFCCARTESIANPOINT((0.02500000037252903,0.02500000037252903,0.02500000037252903));
#3322=IFCDIRECTION((0.,0.,1.));
#3323=IFCDIRECTION((1.,0.,0.));
#3324=IFCAXIS2PLACEMENT3D(#3321,#3322,#3323);
#3325=IFCDIRECTION((0.,0.,1.));
#3326=IFCEXTRUDEDAREASOLID(#3320,#3324,#3325,1.9499999992549419);
#3327=IFCCARTESIANPOINTLIST2D(((0.,0.),(0.,-0.040000000000000001),(0.12,-0.040000000000000001),(0.12,-0.02),(0.02,-0.02),(0.02,0.)));
#3328=IFCINDEXEDPOLYCURVE(#3327,(IFCLINEINDEX((1,2,3,4,5,6,1))),$);
#3329=IFCARBITRARYCLOSEDPROFILEDEF(.AREA.,$,#3328);
#3330=IFCCARTESIANPOINT((0.075000000372529033,0.02500000037252903,1.015000000372529));
#3331=IFCDIRECTION((0.,0.,1.));
#3332=IFCDIRECTION((1.,0.,0.));
#3333=IFCAXIS2PLACEMENT3D(#3330,#3331,#3332);
#3334=IFCDIRECTION((0.,0.,1.));
#3335=IFCEXTRUDEDAREASOLID(#3329,#3333,#3334,0.02);
#3336=IFCEXTRUDEDAREASOLID(#3337,#3340,#3344,0.02);
#3337=IFCARBITRARYCLOSEDPROFILEDEF(.AREA.,$,#3338);
#3338=IFCINDEXEDPOLYCURVE(#3339,(IFCLINEINDEX((1,2,3,4,5,6,1))),$);
#3339=IFCCARTESIANPOINTLIST2D(((0.,0.),(0.,0.040000000000000008),(0.11999999999999998,0.040000000000000008),(0.11999999999999998,0.020000000000000004),(0.020000000000000004,0.020000000000000004),(0.020000000000000004,0.)));
#3340=IFCAXIS2PLACEMENT3D(#3341,#3342,#3343);
#3341=IFCCARTESIANPOINT((0.075000000372529033,0.060000000521540642,1.015000000372529));
#3342=IFCDIRECTION((0.,0.,1.));
#3343=IFCDIRECTION((1.,0.,0.));
#3344=IFCDIRECTION((0.,0.,1.));
#3400=IFCCARTESIANPOINTLIST3D(((0.,0.,0.),(0.74803006649017334,0.,0.),(0.74803006649017334,0.,2.),(0.,0.,2.)));
#3401=IFCINDEXEDPOLYCURVE(#3400,(IFCLINEINDEX((1,2,3,4,1))),$);
#3402=IFCSHAPEREPRESENTATION(#18,'Profile','Curve3D',(#3401));
#3403=IFCCARTESIANPOINTLIST2D(((0.,0.),(0.,2.),(0.74803006649017334,2.),(0.74803006649017334,0.),(0.72303006611764431,0.),(0.72303006611764431,1.974999999627471),(0.02500000037252903,1.974999999627471),(0.02500000037252903,0.)));
#3404=IFCINDEXEDPOLYCURVE(#3403,(IFCLINEINDEX((1,2,3,4,5,6,7,8,1))),$);
#3405=IFCARBITRARYCLOSEDPROFILEDEF(.AREA.,$,#3404);
#3406=IFCCARTESIANPOINT((0.,0.02500000037252903,0.));
#3407=IFCDIRECTION((0.,-1.,0.));
#3408=IFCDIRECTION((1.,0.,0.));
#3409=IFCAXIS2PLACEMENT3D(#3406,#3407,#3408);
#3410=IFCDIRECTION((0.,0.,-1.));
#3411=IFCEXTRUDEDAREASOLID(#3405,#3409,#3410,0.02500000037252903);
#3412=IFCCARTESIANPOINTLIST2D(((0.,0.),(0.,2.),(0.74803006649017334,2.),(0.74803006649017334,0.),(0.69803006574511528,0.),(0.69803006574511528,1.9499999992549419),(0.05000000074505806,1.9499999992549419),(0.05000000074505806,0.)));
#3413=IFCINDEXEDPOLYCURVE(#3412,(IFCLINEINDEX((1,2,3,4,5,6,7,8,1))),$);
#3414=IFCARBITRARYCLOSEDPROFILEDEF(.AREA.,$,#3413);
#3415=IFCCARTESIANPOINT((0.,0.,0.));
#3416=IFCDIRECTION((0.,-1.,0.));
#3417=IFCDIRECTION((1.,0.,0.));
#3418=IFCAXIS2PLACEMENT3D(#3415,#3416,#3417);
#3419=IFCDIRECTION((0.,0.,-1.));
#3420=IFCEXTRUDEDAREASOLID(#3414,#3418,#3419,0.02500000037252903);
#3421=IFCCARTESIANPOINTLIST2D(((0.,0.),(0.64803006500005722,0.),(0.64803006500005722,0.10000000149011612),(0.,0.10000000149011612)));
#3422=IFCINDEXEDPOLYCURVE(#3421,(IFCLINEINDEX((1,2,3,4,1))),$);
#3423=IFCARBITRARYCLOSEDPROFILEDEF(.AREA.,$,#3422);
#3424=IFCCARTESIANPOINT((0.05000000074505806,0.,0.));
#3425=IFCDIRECTION((0.,0.,1.));
#3426=IFCDIRECTION((1.,0.,0.));
#3427=IFCAXIS2PLACEMENT3D(#3424,#3425,#3426);
#3428=IFCDIRECTION((0.,0.,1.));
#3429=IFCEXTRUDEDAREASOLID(#3423,#3427,#3428,0.02500000037252903);
#3430=IFCCARTESIANPOINTLIST2D(((0.,0.),(0.,2.0250000022351742),(0.7980300709605217,2.0250000022351742),(0.7980300709605217,0.),(0.72303006798028946,0.),(0.72303006798028946,1.9499999992549419),(0.075000002980232239,1.9499999992549419),(0.075000002980232239,0.)));
#3431=IFCINDEXEDPOLYCURVE(#3430,(IFCLINEINDEX((1,2,3,4,5,6,7,8,1))),$);
#3432=IFCARBITRARYCLOSEDPROFILEDEF(.AREA.,$,#3431);
#3433=IFCCARTESIANPOINT((-0.025000002235174179,-0.004999999888241291,0.));
#3434=IFCDIRECTION((0.,-1.,0.));
#3435=IFCDIRECTION((1.,0.,0.));
#3436=IFCAXIS2PLACEMENT3D(#3433,#3434,#3435);
#3437=IFCDIRECTION((0.,0.,-1.));
#3438=IFCEXTRUDEDAREASOLID(#3432,#3436,#3437,0.004999999888241291);
#3439=IFCCARTESIANPOINTLIST2D(((0.,0.),(0.,2.0250000022351742),(0.7980300709605217,2.0250000022351742),(0.7980300709605217,0.),(0.74803006835281849,0.),(0.74803006835281849,1.974999999627471),(0.050000002607703209,1.974999999627471),(0.050000002607703209,0.)));
#3440=IFCINDEXEDPOLYCURVE(#3439,(IFCLINEINDEX((1,2,3,4,5,6,7,8,1))),$);
#3441=IFCARBITRARYCLOSEDPROFILEDEF(.AREA.,$,#3440);
#3442=IFCCARTESIANPOINT((-0.025000002235174179,0.05000000074505806,0.));
#3443=IFCDIRECTION((0.,-1.,0.));
#3444=IFCDIRECTION((1.,0.,0.));
#3445=IFCAXIS2PLACEMENT3D(#3442,#3443,#3444);
#3446=IFCDIRECTION((0.,0.,-1.));
#3447=IFCEXTRUDEDAREASOLID(#3441,#3445,#3446,0.004999999888241291);
#3448=IFCCARTESIANPOINTLIST2D(((0.,0.),(0.69803006574511528,0.),(0.69803006574511528,0.035000000149011612),(0.,0.035000000149011612)));
#3449=IFCINDEXEDPOLYCURVE(#3448,(IFCLINEINDEX((1,2,3,4,1))),$);
#3450=IFCARBITRARYCLOSEDPROFILEDEF(.AREA.,$,#3449);
#3451=IFCCARTESIANPOINT((0.02500000037252903,0.02500000037252903,0.02500000037252903));
#3452=IFCDIRECTION((0.,0.,1.));
#3453=IFCDIRECTION((1.,0.,0.));
#3454=IFCAXIS2PLACEMENT3D(#3451,#3452,#3453);
#3455=IFCDIRECTION((0.,0.,1.));
#3456=IFCEXTRUDEDAREASOLID(#3450,#3454,#3455,1.9499999992549419);
#3457=IFCCARTESIANPOINTLIST2D(((0.,0.),(0.,-0.040000000000000001),(-0.11999999999999988,-0.040000000000000001),(-0.11999999999999988,-0.02),(-0.020000000000000018,-0.02),(-0.020000000000000018,0.)));
#3458=IFCINDEXEDPOLYCURVE(#3457,(IFCLINEINDEX((1,2,3,4,5,6,1))),$);
#3459=IFCARBITRARYCLOSEDPROFILEDEF(.AREA.,$,#3458);
#3460=IFCCARTESIANPOINT((0.67303006611764427,0.02500000037252903,1.015000000372529));
#3461=IFCDIRECTION((0.,0.,1.));
#3462=IFCDIRECTION((1.,0.,0.));
#3463=IFCAXIS2PLACEMENT3D(#3460,#3461,#3462);
#3464=IFCDIRECTION((0.,0.,1.));
#3465=IFCEXTRUDEDAREASOLID(#3459,#3463,#3464,0.02);
#3466=IFCEXTRUDEDAREASOLID(#3467,#3470,#3474,0.02);
#3467=IFCARBITRARYCLOSEDPROFILEDEF(.AREA.,$,#3468);
#3468=IFCINDEXEDPOLYCURVE(#3469,(IFCLINEINDEX((1,2,3,4,5,6,1))),$);
#3469=IFCCARTESIANPOINTLIST2D(((0.,0.),(0.,0.040000000000000008),(-0.11999999999999988,0.040000000000000008),(-0.11999999999999988,0.020000000000000004),(-0.020000000000000018,0.020000000000000004),(-0.020000000000000018,0.)));
#3470=IFCAXIS2PLACEMENT3D(#3471,#3472,#3473);
#3471=IFCCARTESIANPOINT((0.67303006611764427,0.060000000521540642,1.015000000372529));
#3472=IFCDIRECTION((0.,0.,1.));
#3473=IFCDIRECTION((1.,0.,0.));
#3474=IFCDIRECTION((0.,0.,1.));
#3475=IFCSHAPEREPRESENTATION(#11,'Body','SweptSolid',(#3411,#3420,#3456,#3465,#3466,#3429,#3438,#3447));
#3476=IFCCARTESIANPOINTLIST2D(((0.,0.),(0.,0.05000000074505806),(0.02500000037252903,0.05000000074505806),(0.02500000037252903,0.02500000037252903),(0.05000000074505806,0.02500000037252903),(0.05000000074505806,0.)));
#3477=IFCINDEXEDPOLYCURVE(#3476,(IFCLINEINDEX((1,2,3,4,5,6,1))),$);
#3478=IFCINDEXEDPOLYCURVE(#3479,(IFCLINEINDEX((1,2,3,4,5,6,1))),$);
#3479=IFCCARTESIANPOINTLIST2D(((0.74803006649017334,0.),(0.74803006649017334,0.05000000074505806),(0.72303006611764431,0.05000000074505806),(0.72303006611764431,0.02500000037252903),(0.69803006574511528,0.02500000037252903),(0.69803006574511528,0.)));
#3480=IFCDIRECTION((1.,0.));
#3481=IFCCARTESIANPOINT((0.060000000521540642,0.05000000074505806));
#3482=IFCAXIS2PLACEMENT2D(#3481,#3480);
#3483=IFCELLIPSE(#3482,0.66303006559610367,0.69803006574511528);
#3484=IFCCARTESIANPOINT((0.72303006611764431,0.05000000074505806));
#3485=IFCCARTESIANPOINT((0.060000000521540642,0.74803006649017334));
#3486=IFCTRIMMEDCURVE(#3483,(#3484),(#3485),.T.,.CARTESIAN.);
#3487=IFCCARTESIANPOINTLIST2D(((0.02500000037252903,0.05000000074505806),(0.060000000521540642,0.05000000074505806),(0.060000000521540642,0.74803006649017334),(0.02500000037252903,0.74803006649017334)));
#3488=IFCINDEXEDPOLYCURVE(#3487,(IFCLINEINDEX((1,2,3,4,1))),$);
#3489=IFCSHAPEREPRESENTATION(#24,'Body','Curve2D',(#3477,#3478,#3486,#3488));
#3490=IFCCARTESIANPOINTLIST2D(((0.,0.),(0.74803006649017334,0.),(0.74803006649017334,2.),(0.,2.)));
#3491=IFCINDEXEDPOLYCURVE(#3490,(IFCLINEINDEX((1,2,3,4,1))),$);
#3492=IFCARBITRARYCLOSEDPROFILEDEF(.AREA.,$,#3491);
#3493=IFCCARTESIANPOINT((0.,-0.60000002384185791,0.));
#3494=IFCDIRECTION((0.,-1.,0.));
#3495=IFCDIRECTION((1.,0.,0.));
#3496=IFCAXIS2PLACEMENT3D(#3493,#3494,#3495);
#3497=IFCDIRECTION((0.,0.,-1.));
#3498=IFCEXTRUDEDAREASOLID(#3492,#3496,#3497,1.2);
#3499=IFCSHAPEREPRESENTATION(#11,'Body','SweptSolid',(#3498));
#3505=IFCCARTESIANPOINT((0.030562400817823576,2.4436929813020924E-07,0.));
#3506=IFCDIRECTION((0.,0.,1.));
#3507=IFCDIRECTION((0.99999999999999289,-1.1920928955077312E-07,0.));
#3508=IFCAXIS2PLACEMENT3D(#3505,#3506,#3507);
#3509=IFCLOCALPLACEMENT(#1517,#3508);
#3510=IFCCARTESIANPOINT((-4.4408920985006262E-16,0.,0.));
#3511=IFCDIRECTION((0.,0.,1.));
#3512=IFCDIRECTION((1.,0.,0.));
#3513=IFCAXIS2PLACEMENT3D(#3510,#3511,#3512);
#3514=IFCLOCALPLACEMENT(#3509,#3513);
#3520=IFCCARTESIANPOINT((0.34138948834253291,4.76837158203125E-07,0.));
#3521=IFCDIRECTION((0.,0.,1.));
#3522=IFCDIRECTION((0.99999999999997158,-2.3841857910155572E-07,0.));
#3523=IFCAXIS2PLACEMENT3D(#3520,#3521,#3522);
#3524=IFCLOCALPLACEMENT(#1823,#3523);
#3525=IFCCARTESIANPOINT((0.,0.,0.));
#3526=IFCDIRECTION((0.,0.,1.));
#3527=IFCDIRECTION((1.,0.,0.));
#3528=IFCAXIS2PLACEMENT3D(#3525,#3526,#3527);
#3529=IFCLOCALPLACEMENT(#3524,#3528);
#3530=IFCDOORTYPE('2GJAgJ2oz9sQ8gouLNplSi',$,'Maids-GF',$,$,(#3531),(#3533,#3541,#3619,#3881),$,$,.DOOR.,.SINGLE_SWING_LEFT.,$,$);
#3531=IFCPROPERTYSET('1CLrKlWaL00xwVUEtld2DI',$,'BBIM_Door',$,(#3532));
#3532=IFCPROPERTYSINGLEVALUE('Data',$,IFCTEXT('{"door_type": "SLIDING_TO_RIGHT", "overall_height": 2.0, "overall_width": 1.330927848815918, "lining_properties": {"lining_depth": 0.05000000074505806, "lining_thickness": 0.05000000074505806, "lining_offset": 0.0, "transom_thickness": 0.0, "casing_thickness": 0.07500000298023224, "casing_depth": 0.004999999888241291, "threshold_thickness": 0.02500000037252903, "threshold_depth": 0.10000000149011612, "threshold_offset": 0.0}, "panel_properties": {"panel_depth": 0.03500000014901161, "panel_width_ratio": 1.0}}'),$);
#3533=IFCREPRESENTATIONMAP(#3534,#3796);
#3534=IFCAXIS2PLACEMENT3D(#3535,#3536,#3537);
#3535=IFCCARTESIANPOINT((0.,0.,0.));
#3536=IFCDIRECTION((0.,0.,1.));
#3537=IFCDIRECTION((1.,0.,0.));
#3541=IFCREPRESENTATIONMAP(#3542,#3860);
#3542=IFCAXIS2PLACEMENT3D(#3543,#3544,#3545);
#3543=IFCCARTESIANPOINT((0.,0.,0.));
#3544=IFCDIRECTION((0.,0.,1.));
#3545=IFCDIRECTION((1.,0.,0.));
#3619=IFCREPRESENTATIONMAP(#3620,#3871);
#3620=IFCAXIS2PLACEMENT3D(#3621,#3622,#3623);
#3621=IFCCARTESIANPOINT((0.,0.,0.));
#3622=IFCDIRECTION((0.,0.,1.));
#3623=IFCDIRECTION((1.,0.,0.));
#3638=IFCDOOR('3ucJySbZbBnwsGr6AyA3S1',$,'Door',$,$,#3913,#3648,$,2.,1.330927848815918,$,.SLIDING_TO_RIGHT.,$);
#3640=IFCRELDEFINESBYTYPE('1uHEVuhZT88A0Gr4K1lLch',$,$,$,(#3638),#3530);
#3641=IFCCARTESIANPOINT((0.,0.,0.));
#3642=IFCDIRECTION((1.,0.,0.));
#3643=IFCDIRECTION((0.,1.,0.));
#3644=IFCDIRECTION((0.,0.,1.));
#3645=IFCCARTESIANTRANSFORMATIONOPERATOR3D(#3642,#3643,#3641,1.,#3644);
#3646=IFCMAPPEDITEM(#3533,#3645);
#3647=IFCSHAPEREPRESENTATION(#18,'Profile','MappedRepresentation',(#3646));
#3648=IFCPRODUCTDEFINITIONSHAPE($,$,(#3647,#3655,#3662,#3888));
#3649=IFCCARTESIANPOINT((0.,0.,0.));
#3650=IFCDIRECTION((1.,0.,0.));
#3651=IFCDIRECTION((0.,1.,0.));
#3652=IFCDIRECTION((0.,0.,1.));
#3653=IFCCARTESIANTRANSFORMATIONOPERATOR3D(#3650,#3651,#3649,1.,#3652);
#3654=IFCMAPPEDITEM(#3541,#3653);
#3655=IFCSHAPEREPRESENTATION(#11,'Body','MappedRepresentation',(#3654));
#3656=IFCCARTESIANPOINT((0.,0.,0.));
#3657=IFCDIRECTION((1.,0.,0.));
#3658=IFCDIRECTION((0.,1.,0.));
#3659=IFCDIRECTION((0.,0.,1.));
#3660=IFCCARTESIANTRANSFORMATIONOPERATOR3D(#3657,#3658,#3656,1.,#3659);
#3661=IFCMAPPEDITEM(#3619,#3660);
#3662=IFCSHAPEREPRESENTATION(#24,'Body','MappedRepresentation',(#3661));
#3663=IFCOPENINGELEMENT('3kL4_ckDD1EvPfVlSq9zse',$,'Opening',$,$,#3908,#3691,$,.OPENING.);
#3679=IFCCARTESIANPOINT((0.,0.,0.));
#3680=IFCDIRECTION((1.,0.,0.));
#3681=IFCDIRECTION((0.,0.,1.));
#3682=IFCAXIS2PLACEMENT3D(#3679,#3681,#3680);
#3683=IFCREPRESENTATIONMAP(#3682,#3898);
#3684=IFCCARTESIANPOINT((0.,0.,0.));
#3685=IFCDIRECTION((1.,0.,0.));
#3686=IFCDIRECTION((0.,1.,0.));
#3687=IFCDIRECTION((0.,0.,1.));
#3688=IFCCARTESIANTRANSFORMATIONOPERATOR3D(#3685,#3686,#3684,1.,#3687);
#3689=IFCMAPPEDITEM(#3683,#3688);
#3690=IFCSHAPEREPRESENTATION(#11,'Body','MappedRepresentation',(#3689));
#3691=IFCPRODUCTDEFINITIONSHAPE($,$,(#3690));
#3692=IFCRELVOIDSELEMENT('1BDKBs18r3Mx6UwY02$XBo',$,$,$,#1608,#3663);
#3698=IFCRELFILLSELEMENT('18yr_Ubr59xAQn4nbBaMCE',$,$,$,#3663,#3638);
#3794=IFCCARTESIANPOINTLIST3D(((0.,0.,0.),(1.330927848815918,0.,0.),(1.330927848815918,0.,2.),(0.,0.,2.)));
#3795=IFCINDEXEDPOLYCURVE(#3794,(IFCLINEINDEX((1,2,3,4,1))),$);
#3796=IFCSHAPEREPRESENTATION(#18,'Profile','Curve3D',(#3795));
#3797=IFCCARTESIANPOINTLIST2D(((0.,0.),(0.,2.),(1.330927848815918,2.),(1.330927848815918,0.),(1.2809278480708599,0.),(1.2809278480708599,1.9499999992549419),(0.05000000074505806,1.9499999992549419),(0.05000000074505806,0.)));
#3798=IFCINDEXEDPOLYCURVE(#3797,(IFCLINEINDEX((1,2,3,4,5,6,7,8,1))),$);
#3799=IFCARBITRARYCLOSEDPROFILEDEF(.AREA.,$,#3798);
#3800=IFCCARTESIANPOINT((0.,0.,0.));
#3801=IFCDIRECTION((0.,-1.,0.));
#3802=IFCDIRECTION((1.,0.,0.));
#3803=IFCAXIS2PLACEMENT3D(#3800,#3801,#3802);
#3804=IFCDIRECTION((0.,0.,-1.));
#3805=IFCEXTRUDEDAREASOLID(#3799,#3803,#3804,0.05000000074505806);
#3806=IFCCARTESIANPOINTLIST2D(((0.,0.),(1.2309278473258018,0.),(1.2309278473258018,0.10000000149011612),(0.,0.10000000149011612)));
#3807=IFCINDEXEDPOLYCURVE(#3806,(IFCLINEINDEX((1,2,3,4,1))),$);
#3808=IFCARBITRARYCLOSEDPROFILEDEF(.AREA.,$,#3807);
#3809=IFCCARTESIANPOINT((0.05000000074505806,0.,0.));
#3810=IFCDIRECTION((0.,0.,1.));
#3811=IFCDIRECTION((1.,0.,0.));
#3812=IFCAXIS2PLACEMENT3D(#3809,#3810,#3811);
#3813=IFCDIRECTION((0.,0.,1.));
#3814=IFCEXTRUDEDAREASOLID(#3808,#3812,#3813,0.02500000037252903);
#3815=IFCCARTESIANPOINTLIST2D(((0.,0.),(0.,2.0250000022351742),(1.3809278532862663,2.0250000022351742),(1.3809278532862663,0.),(1.3059278503060341,0.),(1.3059278503060341,1.9499999992549419),(0.075000002980232239,1.9499999992549419),(0.075000002980232239,0.)));
#3816=IFCINDEXEDPOLYCURVE(#3815,(IFCLINEINDEX((1,2,3,4,5,6,7,8,1))),$);
#3817=IFCARBITRARYCLOSEDPROFILEDEF(.AREA.,$,#3816);
#3818=IFCCARTESIANPOINT((-0.025000002235174179,-0.004999999888241291,0.));
#3819=IFCDIRECTION((0.,-1.,0.));
#3820=IFCDIRECTION((1.,0.,0.));
#3821=IFCAXIS2PLACEMENT3D(#3818,#3819,#3820);
#3822=IFCDIRECTION((0.,0.,-1.));
#3823=IFCEXTRUDEDAREASOLID(#3817,#3821,#3822,0.004999999888241291);
#3824=IFCCARTESIANPOINTLIST2D(((0.,0.),(0.,2.0250000022351742),(1.3809278532862663,2.0250000022351742),(1.3809278532862663,0.),(1.3059278503060341,0.),(1.3059278503060341,1.9499999992549419),(0.075000002980232239,1.9499999992549419),(0.075000002980232239,0.)));
#3825=IFCINDEXEDPOLYCURVE(#3824,(IFCLINEINDEX((1,2,3,4,5,6,7,8,1))),$);
#3826=IFCARBITRARYCLOSEDPROFILEDEF(.AREA.,$,#3825);
#3827=IFCCARTESIANPOINT((-0.025000002235174179,0.05000000074505806,0.));
#3828=IFCDIRECTION((0.,-1.,0.));
#3829=IFCDIRECTION((1.,0.,0.));
#3830=IFCAXIS2PLACEMENT3D(#3827,#3828,#3829);
#3831=IFCDIRECTION((0.,0.,-1.));
#3832=IFCEXTRUDEDAREASOLID(#3826,#3830,#3831,0.004999999888241291);
#3833=IFCCARTESIANPOINTLIST2D(((0.,0.),(1.2309278473258018,0.),(1.2309278473258018,0.035000000149011612),(0.,0.035000000149011612)));
#3834=IFCINDEXEDPOLYCURVE(#3833,(IFCLINEINDEX((1,2,3,4,1))),$);
#3835=IFCARBITRARYCLOSEDPROFILEDEF(.AREA.,$,#3834);
#3836=IFCCARTESIANPOINT((0.05000000074505806,-0.035000000149011612,0.02500000037252903));
#3837=IFCDIRECTION((0.,0.,1.));
#3838=IFCDIRECTION((1.,0.,0.));
#3839=IFCAXIS2PLACEMENT3D(#3836,#3837,#3838);
#3840=IFCDIRECTION((0.,0.,1.));
#3841=IFCEXTRUDEDAREASOLID(#3835,#3839,#3840,1.9249999988824129);
#3842=IFCCARTESIANPOINTLIST2D(((0.,0.),(0.,-0.040000000000000001),(0.12,-0.040000000000000001),(0.12,-0.02),(0.02,-0.02),(0.02,0.)));
#3843=IFCINDEXEDPOLYCURVE(#3842,(IFCLINEINDEX((1,2,3,4,5,6,1))),$);
#3844=IFCARBITRARYCLOSEDPROFILEDEF(.AREA.,$,#3843);
#3845=IFCCARTESIANPOINT((0.10000000074505806,-0.035000000149011612,1.015000000372529));
#3846=IFCDIRECTION((0.,0.,1.));
#3847=IFCDIRECTION((1.,0.,0.));
#3848=IFCAXIS2PLACEMENT3D(#3845,#3846,#3847);
#3849=IFCDIRECTION((0.,0.,1.));
#3850=IFCEXTRUDEDAREASOLID(#3844,#3848,#3849,0.02);
#3851=IFCEXTRUDEDAREASOLID(#3852,#3855,#3859,0.02);
#3852=IFCARBITRARYCLOSEDPROFILEDEF(.AREA.,$,#3853);
#3853=IFCINDEXEDPOLYCURVE(#3854,(IFCLINEINDEX((1,2,3,4,5,6,1))),$);
#3854=IFCCARTESIANPOINTLIST2D(((0.,0.),(0.,0.040000000000000008),(0.11999999999999998,0.040000000000000008),(0.11999999999999998,0.020000000000000004),(0.020000000000000004,0.020000000000000004),(0.020000000000000004,0.)));
#3855=IFCAXIS2PLACEMENT3D(#3856,#3857,#3858);
#3856=IFCCARTESIANPOINT((0.10000000074505806,0.,1.015000000372529));
#3857=IFCDIRECTION((0.,0.,1.));
#3858=IFCDIRECTION((1.,0.,0.));
#3859=IFCDIRECTION((0.,0.,1.));
#3860=IFCSHAPEREPRESENTATION(#11,'Body','SweptSolid',(#3805,#3841,#3850,#3851,#3814,#3823,#3832));
#3861=IFCSHAPEREPRESENTATION(#11,'Body','SweptSolid',(#3805,#3814,#3823,#3832));
#3862=IFCSHAPEASPECT((#3861),'Lining',$,.T.,#3648);
#3863=IFCSHAPEREPRESENTATION(#11,'Body','SweptSolid',(#3841,#3850,#3851));
#3864=IFCSHAPEASPECT((#3863),'Framing',$,.T.,#3648);
#3865=IFCCARTESIANPOINTLIST2D(((0.,0.),(0.05000000074505806,0.),(0.05000000074505806,0.05000000074505806),(0.,0.05000000074505806)));
#3866=IFCINDEXEDPOLYCURVE(#3865,(IFCLINEINDEX((1,2,3,4,1))),$);
#3867=IFCINDEXEDPOLYCURVE(#3868,(IFCLINEINDEX((1,2,3,4,1))),$);
#3868=IFCCARTESIANPOINTLIST2D(((1.330927848815918,0.),(1.2809278480708599,0.),(1.2809278480708599,0.05000000074505806),(1.330927848815918,0.05000000074505806)));
#3869=IFCCARTESIANPOINTLIST2D(((1.8963917717337608,-0.035000000149011612),(0.66546392440795898,-0.035000000149011612),(0.66546392440795898,0.),(1.8963917717337608,0.)));
#3870=IFCINDEXEDPOLYCURVE(#3869,(IFCLINEINDEX((1,2,3,4,1))),$);
#3871=IFCSHAPEREPRESENTATION(#24,'Body','Curve2D',(#3866,#3867,#3870));
#3872=IFCCARTESIANPOINTLIST2D(((0.4808247473090887,-0.081587428267465345),(0.85010310150682933,-0.081587428267465345)));
#3873=IFCINDEXEDPOLYCURVE(#3872,$,$);
#3874=IFCCARTESIANPOINTLIST2D(((0.51082474730908867,-0.050529142855162856),(0.4808247473090887,-0.081587428267465345),(0.51082474730908867,-0.11264571367976783)));
#3875=IFCINDEXEDPOLYCURVE(#3874,$,$);
#3876=IFCSHAPEREPRESENTATION(#25,'Annotation','Curve2D',(#3873,#3875));
#3877=IFCCARTESIANPOINT((0.,0.,0.));
#3878=IFCDIRECTION((1.,0.,0.));
#3879=IFCDIRECTION((0.,0.,1.));
#3880=IFCAXIS2PLACEMENT3D(#3877,#3879,#3878);
#3881=IFCREPRESENTATIONMAP(#3880,#3876);
#3882=IFCCARTESIANPOINT((0.,0.,0.));
#3883=IFCDIRECTION((1.,0.,0.));
#3884=IFCDIRECTION((0.,1.,0.));
#3885=IFCDIRECTION((0.,0.,1.));
#3886=IFCCARTESIANTRANSFORMATIONOPERATOR3D(#3883,#3884,#3882,1.,#3885);
#3887=IFCMAPPEDITEM(#3881,#3886);
#3888=IFCSHAPEREPRESENTATION(#25,'Annotation','MappedRepresentation',(#3887));
#3889=IFCCARTESIANPOINTLIST2D(((0.,0.),(1.330927848815918,0.),(1.330927848815918,2.),(0.,2.)));
#3890=IFCINDEXEDPOLYCURVE(#3889,(IFCLINEINDEX((1,2,3,4,1))),$);
#3891=IFCARBITRARYCLOSEDPROFILEDEF(.AREA.,$,#3890);
#3892=IFCCARTESIANPOINT((0.,-0.60000002384185791,0.));
#3893=IFCDIRECTION((0.,-1.,0.));
#3894=IFCDIRECTION((1.,0.,0.));
#3895=IFCAXIS2PLACEMENT3D(#3892,#3893,#3894);
#3896=IFCDIRECTION((0.,0.,-1.));
#3897=IFCEXTRUDEDAREASOLID(#3891,#3895,#3896,1.2);
#3898=IFCSHAPEREPRESENTATION(#11,'Body','SweptSolid',(#3897));
#3904=IFCCARTESIANPOINT((0.082363051411615262,0.025002511626513346,0.));
#3905=IFCDIRECTION((0.,0.,1.));
#3906=IFCDIRECTION((0.99999999999928935,-1.1920928955062311E-06,0.));
#3907=IFCAXIS2PLACEMENT3D(#3904,#3905,#3906);
#3908=IFCLOCALPLACEMENT(#1791,#3907);
#3909=IFCCARTESIANPOINT((-1.1102230246251565E-16,0.,0.));
#3910=IFCDIRECTION((0.,0.,1.));
#3911=IFCDIRECTION((1.,2.1175823681357508E-22,0.));
#3912=IFCAXIS2PLACEMENT3D(#3909,#3910,#3911);
#3913=IFCLOCALPLACEMENT(#3908,#3912);
#3914=IFCWINDOWTYPE('3p44xijKTEAeFV34pboPni',$,'Living-GF',$,$,(#3915),(#3924,#3972,#3994),$,$,.WINDOW.,.SINGLE_PANEL.,$,$);
#3915=IFCPROPERTYSET('3kUXx3bbf3NRiAZ_9niDbG',$,'BBIM_Window',$,(#3916));
#3916=IFCPROPERTYSINGLEVALUE('Data',$,IFCTEXT('{"window_type": "SINGLE_PANEL", "overall_height": 0.8999999761581421, "overall_width": 0.7006973028182983, "lining_properties": {"lining_depth": 0.05000000074505806, "lining_thickness": 0.05000000074505806, "lining_offset": 0.05000000074505806, "lining_to_panel_offset_x": 0.02500000037252903, "lining_to_panel_offset_y": 0.02500000037252903}, "panel_properties": {"frame_depth": [0.03500000014901161, 0.03500000014901161, 0.03500000014901161], "frame_thickness": [0.03500000014901161, 0.03500000014901161, 0.03500000014901161]}}'),$);
#3920=IFCCARTESIANPOINT((0.,0.,0.));
#3921=IFCDIRECTION((1.,0.,0.));
#3922=IFCDIRECTION((0.,0.,1.));
#3923=IFCAXIS2PLACEMENT3D(#3920,#3922,#3921);
#3924=IFCREPRESENTATIONMAP(#3923,#4408);
#3968=IFCCARTESIANPOINT((0.,0.,0.));
#3969=IFCDIRECTION((1.,0.,0.));
#3970=IFCDIRECTION((0.,0.,1.));
#3971=IFCAXIS2PLACEMENT3D(#3968,#3970,#3969);
#3972=IFCREPRESENTATIONMAP(#3971,#4451);
#3990=IFCCARTESIANPOINT((0.,0.,0.));
#3991=IFCDIRECTION((1.,0.,0.));
#3992=IFCDIRECTION((0.,0.,1.));
#3993=IFCAXIS2PLACEMENT3D(#3990,#3992,#3991);
#3994=IFCREPRESENTATIONMAP(#3993,#4468);
#3995=IFCWINDOW('1WV2fIgJf40PNwdRWsND7p',$,'Window',$,$,#4493,#4005,$,0.89999997615814209,0.70069730281829834,$,.SINGLE_PANEL.,$);
#3997=IFCRELDEFINESBYTYPE('05w7mSsjj23PogKo2Z08TK',$,$,$,(#3995),#3914);
#3998=IFCCARTESIANPOINT((0.,0.,0.));
#3999=IFCDIRECTION((1.,0.,0.));
#4000=IFCDIRECTION((0.,1.,0.));
#4001=IFCDIRECTION((0.,0.,1.));
#4002=IFCCARTESIANTRANSFORMATIONOPERATOR3D(#3999,#4000,#3998,1.,#4001);
#4003=IFCMAPPEDITEM(#3924,#4002);
#4004=IFCSHAPEREPRESENTATION(#18,'Profile','MappedRepresentation',(#4003));
#4005=IFCPRODUCTDEFINITIONSHAPE($,$,(#4004,#4012,#4019));
#4006=IFCCARTESIANPOINT((0.,0.,0.));
#4007=IFCDIRECTION((1.,0.,0.));
#4008=IFCDIRECTION((0.,1.,0.));
#4009=IFCDIRECTION((0.,0.,1.));
#4010=IFCCARTESIANTRANSFORMATIONOPERATOR3D(#4007,#4008,#4006,1.,#4009);
#4011=IFCMAPPEDITEM(#3972,#4010);
#4012=IFCSHAPEREPRESENTATION(#11,'Body','MappedRepresentation',(#4011));
#4013=IFCCARTESIANPOINT((0.,0.,0.));
#4014=IFCDIRECTION((1.,0.,0.));
#4015=IFCDIRECTION((0.,1.,0.));
#4016=IFCDIRECTION((0.,0.,1.));
#4017=IFCCARTESIANTRANSFORMATIONOPERATOR3D(#4014,#4015,#4013,1.,#4016);
#4018=IFCMAPPEDITEM(#3994,#4017);
#4019=IFCSHAPEREPRESENTATION(#24,'Body','MappedRepresentation',(#4018));
#4020=IFCOPENINGELEMENT('1OGu9scQn6hQswrOuZDBK9',$,'Opening',$,$,#4488,#4048,$,.OPENING.);
#4036=IFCCARTESIANPOINT((0.,0.,0.));
#4037=IFCDIRECTION((1.,0.,0.));
#4038=IFCDIRECTION((0.,0.,1.));
#4039=IFCAXIS2PLACEMENT3D(#4036,#4038,#4037);
#4040=IFCREPRESENTATIONMAP(#4039,#4478);
#4041=IFCCARTESIANPOINT((0.,0.,0.));
#4042=IFCDIRECTION((1.,0.,0.));
#4043=IFCDIRECTION((0.,1.,0.));
#4044=IFCDIRECTION((0.,0.,1.));
#4045=IFCCARTESIANTRANSFORMATIONOPERATOR3D(#4042,#4043,#4041,1.,#4044);
#4046=IFCMAPPEDITEM(#4040,#4045);
#4047=IFCSHAPEREPRESENTATION(#11,'Body','MappedRepresentation',(#4046));
#4048=IFCPRODUCTDEFINITIONSHAPE($,$,(#4047));
#4049=IFCRELVOIDSELEMENT('3rBZtfYSPFB8jmq2hZSn42',$,$,$,#116,#4020);
#4055=IFCRELFILLSELEMENT('3SWD6rF7PDK8N6kO5mYw86',$,$,$,#4020,#3995);
#4094=IFCCARTESIANPOINTLIST2D(((0.,0.),(0.70069742202758789,0.),(0.70069742202758789,0.89999997615814209),(0.,0.89999997615814209)));
#4095=IFCINDEXEDPOLYCURVE(#4094,(IFCLINEINDEX((1,2,3,4,1))),$);
#4096=IFCCARTESIANPOINTLIST2D(((0.02500000037252903,0.02500000037252903),(0.67569742165505886,0.02500000037252903),(0.67569742165505886,0.87499997578561306),(0.02500000037252903,0.87499997578561306)));
#4097=IFCINDEXEDPOLYCURVE(#4096,(IFCLINEINDEX((1,2,3,4,1))),$);
#4098=IFCARBITRARYPROFILEDEFWITHVOIDS(.AREA.,$,#4095,(#4097));
#4099=IFCCARTESIANPOINT((0.,0.090000001713633537,0.));
#4100=IFCDIRECTION((0.,-1.,0.));
#4101=IFCDIRECTION((1.,0.,0.));
#4102=IFCAXIS2PLACEMENT3D(#4099,#4100,#4101);
#4103=IFCDIRECTION((0.,0.,-1.));
#4104=IFCEXTRUDEDAREASOLID(#4098,#4102,#4103,0.0099999997764825821);
#4105=IFCCARTESIANPOINTLIST2D(((0.,0.),(0.70069742202758789,0.),(0.70069742202758789,0.89999997615814209),(0.,0.89999997615814209)));
#4106=IFCINDEXEDPOLYCURVE(#4105,(IFCLINEINDEX((1,2,3,4,1))),$);
#4107=IFCCARTESIANPOINTLIST2D(((0.05000000074505806,0.05000000074505806),(0.65069742128252983,0.05000000074505806),(0.65069742128252983,0.84999997541308403),(0.05000000074505806,0.84999997541308403)));
#4108=IFCINDEXEDPOLYCURVE(#4107,(IFCLINEINDEX((1,2,3,4,1))),$);
#4109=IFCARBITRARYPROFILEDEFWITHVOIDS(.AREA.,$,#4106,(#4108));
#4110=IFCCARTESIANPOINT((0.,0.05000000074505806,0.));
#4111=IFCDIRECTION((0.,-1.,0.));
#4112=IFCDIRECTION((1.,0.,0.));
#4113=IFCAXIS2PLACEMENT3D(#4110,#4111,#4112);
#4114=IFCDIRECTION((0.,0.,-1.));
#4115=IFCEXTRUDEDAREASOLID(#4109,#4113,#4114,0.040000000968575478);
#4116=IFCCARTESIANPOINTLIST2D(((0.,0.),(0.65069742128252983,0.),(0.65069742128252983,0.84999997541308403),(0.,0.84999997541308403)));
#4117=IFCINDEXEDPOLYCURVE(#4116,(IFCLINEINDEX((1,2,3,4,1))),$);
#4118=IFCCARTESIANPOINTLIST2D(((0.035000000149011612,0.035000000149011612),(0.61569742113351822,0.035000000149011612),(0.61569742113351822,0.81499997526407242),(0.035000000149011612,0.81499997526407242)));
#4119=IFCINDEXEDPOLYCURVE(#4118,(IFCLINEINDEX((1,2,3,4,1))),$);
#4120=IFCARBITRARYPROFILEDEFWITHVOIDS(.AREA.,$,#4117,(#4119));
#4121=IFCCARTESIANPOINT((0.02500000037252903,0.090000001713633537,0.02500000037252903));
#4122=IFCDIRECTION((0.,-1.,0.));
#4123=IFCDIRECTION((1.,0.,0.));
#4124=IFCAXIS2PLACEMENT3D(#4121,#4122,#4123);
#4125=IFCDIRECTION((0.,0.,-1.));
#4126=IFCEXTRUDEDAREASOLID(#4120,#4124,#4125,0.035000000149011612);
#4127=IFCINDEXEDPOLYCURVE(#4128,(IFCLINEINDEX((1,2,3,4,1))),$);
#4128=IFCCARTESIANPOINTLIST2D(((0.035000000149011612,0.035000000149011612),(0.61569742113351822,0.035000000149011612),(0.61569742113351822,0.81499997526407242),(0.035000000149011612,0.81499997526407242)));
#4129=IFCARBITRARYCLOSEDPROFILEDEF(.AREA.,$,#4127);
#4130=IFCCARTESIANPOINT((0.02500000037252903,0.10250000178813934,0.02500000037252903));
#4131=IFCDIRECTION((0.,-1.,0.));
#4132=IFCDIRECTION((1.,0.,0.));
#4133=IFCAXIS2PLACEMENT3D(#4130,#4131,#4132);
#4134=IFCDIRECTION((0.,0.,-1.));
#4135=IFCEXTRUDEDAREASOLID(#4129,#4133,#4134,0.01);
#4137=IFCSHAPEREPRESENTATION(#11,'Body','SweptSolid',(#4209,#4419,#4430,#4316,#4115,#4104,#4327,#4198));
#4138=IFCSHAPEASPECT((#4137),'Lining',$,.T.,#4005);
#4139=IFCSHAPEREPRESENTATION(#11,'Body','SweptSolid',(#4126,#4220,#4441,#4338));
#4140=IFCSHAPEASPECT((#4139),'Framing',$,.T.,#4005);
#4141=IFCSHAPEREPRESENTATION(#11,'Body','SweptSolid',(#4347,#4229,#4135,#4450));
#4142=IFCSHAPEASPECT((#4141),'Glazing',$,.T.,#4005);
#4188=IFCCARTESIANPOINTLIST2D(((0.,0.),(0.70069742202758789,0.),(0.70069742202758789,0.89999997615814209),(0.,0.89999997615814209)));
#4189=IFCINDEXEDPOLYCURVE(#4188,(IFCLINEINDEX((1,2,3,4,1))),$);
#4190=IFCCARTESIANPOINTLIST2D(((0.02500000037252903,0.02500000037252903),(0.67569742165505886,0.02500000037252903),(0.67569742165505886,0.87499997578561306),(0.02500000037252903,0.87499997578561306)));
#4191=IFCINDEXEDPOLYCURVE(#4190,(IFCLINEINDEX((1,2,3,4,1))),$);
#4192=IFCARBITRARYPROFILEDEFWITHVOIDS(.AREA.,$,#4189,(#4191));
#4193=IFCCARTESIANPOINT((0.,0.090000001713633537,0.));
#4194=IFCDIRECTION((0.,-1.,0.));
#4195=IFCDIRECTION((1.,0.,0.));
#4196=IFCAXIS2PLACEMENT3D(#4193,#4194,#4195);
#4197=IFCDIRECTION((0.,0.,-1.));
#4198=IFCEXTRUDEDAREASOLID(#4192,#4196,#4197,0.0099999997764825821);
#4199=IFCCARTESIANPOINTLIST2D(((0.,0.),(0.70069742202758789,0.),(0.70069742202758789,0.89999997615814209),(0.,0.89999997615814209)));
#4200=IFCINDEXEDPOLYCURVE(#4199,(IFCLINEINDEX((1,2,3,4,1))),$);
#4201=IFCCARTESIANPOINTLIST2D(((0.05000000074505806,0.05000000074505806),(0.65069742128252983,0.05000000074505806),(0.65069742128252983,0.84999997541308403),(0.05000000074505806,0.84999997541308403)));
#4202=IFCINDEXEDPOLYCURVE(#4201,(IFCLINEINDEX((1,2,3,4,1))),$);
#4203=IFCARBITRARYPROFILEDEFWITHVOIDS(.AREA.,$,#4200,(#4202));
#4204=IFCCARTESIANPOINT((0.,0.05000000074505806,0.));
#4205=IFCDIRECTION((0.,-1.,0.));
#4206=IFCDIRECTION((1.,0.,0.));
#4207=IFCAXIS2PLACEMENT3D(#4204,#4205,#4206);
#4208=IFCDIRECTION((0.,0.,-1.));
#4209=IFCEXTRUDEDAREASOLID(#4203,#4207,#4208,0.040000000968575478);
#4210=IFCCARTESIANPOINTLIST2D(((0.,0.),(0.65069742128252983,0.),(0.65069742128252983,0.84999997541308403),(0.,0.84999997541308403)));
#4211=IFCINDEXEDPOLYCURVE(#4210,(IFCLINEINDEX((1,2,3,4,1))),$);
#4212=IFCCARTESIANPOINTLIST2D(((0.035000000149011612,0.035000000149011612),(0.61569742113351822,0.035000000149011612),(0.61569742113351822,0.81499997526407242),(0.035000000149011612,0.81499997526407242)));
#4213=IFCINDEXEDPOLYCURVE(#4212,(IFCLINEINDEX((1,2,3,4,1))),$);
#4214=IFCARBITRARYPROFILEDEFWITHVOIDS(.AREA.,$,#4211,(#4213));
#4215=IFCCARTESIANPOINT((0.02500000037252903,0.090000001713633537,0.02500000037252903));
#4216=IFCDIRECTION((0.,-1.,0.));
#4217=IFCDIRECTION((1.,0.,0.));
#4218=IFCAXIS2PLACEMENT3D(#4215,#4216,#4217);
#4219=IFCDIRECTION((0.,0.,-1.));
#4220=IFCEXTRUDEDAREASOLID(#4214,#4218,#4219,0.035000000149011612);
#4221=IFCINDEXEDPOLYCURVE(#4222,(IFCLINEINDEX((1,2,3,4,1))),$);
#4222=IFCCARTESIANPOINTLIST2D(((0.035000000149011612,0.035000000149011612),(0.61569742113351822,0.035000000149011612),(0.61569742113351822,0.81499997526407242),(0.035000000149011612,0.81499997526407242)));
#4223=IFCARBITRARYCLOSEDPROFILEDEF(.AREA.,$,#4221);
#4224=IFCCARTESIANPOINT((0.02500000037252903,0.10250000178813934,0.02500000037252903));
#4225=IFCDIRECTION((0.,-1.,0.));
#4226=IFCDIRECTION((1.,0.,0.));
#4227=IFCAXIS2PLACEMENT3D(#4224,#4225,#4226);
#4228=IFCDIRECTION((0.,0.,-1.));
#4229=IFCEXTRUDEDAREASOLID(#4223,#4227,#4228,0.01);
#4306=IFCCARTESIANPOINTLIST2D(((0.,0.),(0.70069730281829834,0.),(0.70069730281829834,0.89999997615814209),(0.,0.89999997615814209)));
#4307=IFCINDEXEDPOLYCURVE(#4306,(IFCLINEINDEX((1,2,3,4,1))),$);
#4308=IFCCARTESIANPOINTLIST2D(((0.02500000037252903,0.02500000037252903),(0.67569730244576931,0.02500000037252903),(0.67569730244576931,0.87499997578561306),(0.02500000037252903,0.87499997578561306)));
#4309=IFCINDEXEDPOLYCURVE(#4308,(IFCLINEINDEX((1,2,3,4,1))),$);
#4310=IFCARBITRARYPROFILEDEFWITHVOIDS(.AREA.,$,#4307,(#4309));
#4311=IFCCARTESIANPOINT((0.,0.090000001713633537,0.));
#4312=IFCDIRECTION((0.,-1.,0.));
#4313=IFCDIRECTION((1.,0.,0.));
#4314=IFCAXIS2PLACEMENT3D(#4311,#4312,#4313);
#4315=IFCDIRECTION((0.,0.,-1.));
#4316=IFCEXTRUDEDAREASOLID(#4310,#4314,#4315,0.0099999997764825821);
#4317=IFCCARTESIANPOINTLIST2D(((0.,0.),(0.70069730281829834,0.),(0.70069730281829834,0.89999997615814209),(0.,0.89999997615814209)));
#4318=IFCINDEXEDPOLYCURVE(#4317,(IFCLINEINDEX((1,2,3,4,1))),$);
#4319=IFCCARTESIANPOINTLIST2D(((0.05000000074505806,0.05000000074505806),(0.65069730207324028,0.05000000074505806),(0.65069730207324028,0.84999997541308403),(0.05000000074505806,0.84999997541308403)));
#4320=IFCINDEXEDPOLYCURVE(#4319,(IFCLINEINDEX((1,2,3,4,1))),$);
#4321=IFCARBITRARYPROFILEDEFWITHVOIDS(.AREA.,$,#4318,(#4320));
#4322=IFCCARTESIANPOINT((0.,0.05000000074505806,0.));
#4323=IFCDIRECTION((0.,-1.,0.));
#4324=IFCDIRECTION((1.,0.,0.));
#4325=IFCAXIS2PLACEMENT3D(#4322,#4323,#4324);
#4326=IFCDIRECTION((0.,0.,-1.));
#4327=IFCEXTRUDEDAREASOLID(#4321,#4325,#4326,0.040000000968575478);
#4328=IFCCARTESIANPOINTLIST2D(((0.,0.),(0.65069730207324028,0.),(0.65069730207324028,0.84999997541308403),(0.,0.84999997541308403)));
#4329=IFCINDEXEDPOLYCURVE(#4328,(IFCLINEINDEX((1,2,3,4,1))),$);
#4330=IFCCARTESIANPOINTLIST2D(((0.035000000149011612,0.035000000149011612),(0.61569730192422867,0.035000000149011612),(0.61569730192422867,0.81499997526407242),(0.035000000149011612,0.81499997526407242)));
#4331=IFCINDEXEDPOLYCURVE(#4330,(IFCLINEINDEX((1,2,3,4,1))),$);
#4332=IFCARBITRARYPROFILEDEFWITHVOIDS(.AREA.,$,#4329,(#4331));
#4333=IFCCARTESIANPOINT((0.02500000037252903,0.090000001713633537,0.02500000037252903));
#4334=IFCDIRECTION((0.,-1.,0.));
#4335=IFCDIRECTION((1.,0.,0.));
#4336=IFCAXIS2PLACEMENT3D(#4333,#4334,#4335);
#4337=IFCDIRECTION((0.,0.,-1.));
#4338=IFCEXTRUDEDAREASOLID(#4332,#4336,#4337,0.035000000149011612);
#4339=IFCINDEXEDPOLYCURVE(#4340,(IFCLINEINDEX((1,2,3,4,1))),$);
#4340=IFCCARTESIANPOINTLIST2D(((0.035000000149011612,0.035000000149011612),(0.61569730192422867,0.035000000149011612),(0.61569730192422867,0.81499997526407242),(0.035000000149011612,0.81499997526407242)));
#4341=IFCARBITRARYCLOSEDPROFILEDEF(.AREA.,$,#4339);
#4342=IFCCARTESIANPOINT((0.02500000037252903,0.10250000178813934,0.02500000037252903));
#4343=IFCDIRECTION((0.,-1.,0.));
#4344=IFCDIRECTION((1.,0.,0.));
#4345=IFCAXIS2PLACEMENT3D(#4342,#4343,#4344);
#4346=IFCDIRECTION((0.,0.,-1.));
#4347=IFCEXTRUDEDAREASOLID(#4341,#4345,#4346,0.01);
#4406=IFCCARTESIANPOINTLIST3D(((0.,0.,0.),(0.70069730281829834,0.,0.),(0.70069730281829834,0.,0.89999997615814209),(0.,0.,0.89999997615814209)));
#4407=IFCINDEXEDPOLYCURVE(#4406,(IFCLINEINDEX((1,2,3,4,1))),$);
#4408=IFCSHAPEREPRESENTATION(#18,'Profile','Curve3D',(#4407));
#4409=IFCCARTESIANPOINTLIST2D(((0.,0.),(0.70069730281829834,0.),(0.70069730281829834,0.89999997615814209),(0.,0.89999997615814209)));
#4410=IFCINDEXEDPOLYCURVE(#4409,(IFCLINEINDEX((1,2,3,4,1))),$);
#4411=IFCCARTESIANPOINTLIST2D(((0.02500000037252903,0.02500000037252903),(0.67569730244576931,0.02500000037252903),(0.67569730244576931,0.87499997578561306),(0.02500000037252903,0.87499997578561306)));
#4412=IFCINDEXEDPOLYCURVE(#4411,(IFCLINEINDEX((1,2,3,4,1))),$);
#4413=IFCARBITRARYPROFILEDEFWITHVOIDS(.AREA.,$,#4410,(#4412));
#4414=IFCCARTESIANPOINT((0.,0.090000001713633537,0.));
#4415=IFCDIRECTION((0.,-1.,0.));
#4416=IFCDIRECTION((1.,0.,0.));
#4417=IFCAXIS2PLACEMENT3D(#4414,#4415,#4416);
#4418=IFCDIRECTION((0.,0.,-1.));
#4419=IFCEXTRUDEDAREASOLID(#4413,#4417,#4418,0.0099999997764825821);
#4420=IFCCARTESIANPOINTLIST2D(((0.,0.),(0.70069730281829834,0.),(0.70069730281829834,0.89999997615814209),(0.,0.89999997615814209)));
#4421=IFCINDEXEDPOLYCURVE(#4420,(IFCLINEINDEX((1,2,3,4,1))),$);
#4422=IFCCARTESIANPOINTLIST2D(((0.05000000074505806,0.05000000074505806),(0.65069730207324028,0.05000000074505806),(0.65069730207324028,0.84999997541308403),(0.05000000074505806,0.84999997541308403)));
#4423=IFCINDEXEDPOLYCURVE(#4422,(IFCLINEINDEX((1,2,3,4,1))),$);
#4424=IFCARBITRARYPROFILEDEFWITHVOIDS(.AREA.,$,#4421,(#4423));
#4425=IFCCARTESIANPOINT((0.,0.05000000074505806,0.));
#4426=IFCDIRECTION((0.,-1.,0.));
#4427=IFCDIRECTION((1.,0.,0.));
#4428=IFCAXIS2PLACEMENT3D(#4425,#4426,#4427);
#4429=IFCDIRECTION((0.,0.,-1.));
#4430=IFCEXTRUDEDAREASOLID(#4424,#4428,#4429,0.040000000968575478);
#4431=IFCCARTESIANPOINTLIST2D(((0.,0.),(0.65069730207324028,0.),(0.65069730207324028,0.84999997541308403),(0.,0.84999997541308403)));
#4432=IFCINDEXEDPOLYCURVE(#4431,(IFCLINEINDEX((1,2,3,4,1))),$);
#4433=IFCCARTESIANPOINTLIST2D(((0.035000000149011612,0.035000000149011612),(0.61569730192422867,0.035000000149011612),(0.61569730192422867,0.81499997526407242),(0.035000000149011612,0.81499997526407242)));
#4434=IFCINDEXEDPOLYCURVE(#4433,(IFCLINEINDEX((1,2,3,4,1))),$);
#4435=IFCARBITRARYPROFILEDEFWITHVOIDS(.AREA.,$,#4432,(#4434));
#4436=IFCCARTESIANPOINT((0.02500000037252903,0.090000001713633537,0.02500000037252903));
#4437=IFCDIRECTION((0.,-1.,0.));
#4438=IFCDIRECTION((1.,0.,0.));
#4439=IFCAXIS2PLACEMENT3D(#4436,#4437,#4438);
#4440=IFCDIRECTION((0.,0.,-1.));
#4441=IFCEXTRUDEDAREASOLID(#4435,#4439,#4440,0.035000000149011612);
#4442=IFCINDEXEDPOLYCURVE(#4443,(IFCLINEINDEX((1,2,3,4,1))),$);
#4443=IFCCARTESIANPOINTLIST2D(((0.035000000149011612,0.035000000149011612),(0.61569730192422867,0.035000000149011612),(0.61569730192422867,0.81499997526407242),(0.035000000149011612,0.81499997526407242)));
#4444=IFCARBITRARYCLOSEDPROFILEDEF(.AREA.,$,#4442);
#4445=IFCCARTESIANPOINT((0.02500000037252903,0.10250000178813934,0.02500000037252903));
#4446=IFCDIRECTION((0.,-1.,0.));
#4447=IFCDIRECTION((1.,0.,0.));
#4448=IFCAXIS2PLACEMENT3D(#4445,#4446,#4447);
#4449=IFCDIRECTION((0.,0.,-1.));
#4450=IFCEXTRUDEDAREASOLID(#4444,#4448,#4449,0.01);
#4451=IFCSHAPEREPRESENTATION(#11,'Body','SweptSolid',(#4419,#4430,#4441,#4450));
#4452=IFCCARTESIANPOINTLIST2D(((0.05000000074505806,0.05000000074505806),(0.65069730207324028,0.05000000074505806)));
#4453=IFCINDEXEDPOLYCURVE(#4452,$,$);
#4454=IFCCARTESIANPOINTLIST2D(((0.,0.10000000149011612),(0.02500000037252903,0.10000000149011612),(0.02500000037252903,0.090000001713633537),(0.05000000074505806,0.090000001713633537),(0.05000000074505806,0.05000000074505806),(0.,0.05000000074505806)));
#4455=IFCINDEXEDPOLYCURVE(#4454,(IFCLINEINDEX((1,2,3,4,5,6,1))),$);
#4456=IFCCARTESIANPOINTLIST2D(((0.70069730281829834,0.10000000149011612),(0.67569730244576931,0.10000000149011612),(0.67569730244576931,0.090000001713633537),(0.65069730207324028,0.090000001713633537),(0.65069730207324028,0.05000000074505806),(0.70069730281829834,0.05000000074505806)));
#4457=IFCINDEXEDPOLYCURVE(#4456,(IFCLINEINDEX((1,2,3,4,5,6,1))),$);
#4458=IFCCARTESIANPOINTLIST2D(((0.02500000037252903,0.090000001713633537),(0.060000000521540642,0.090000001713633537),(0.060000000521540642,0.12500000186264515),(0.02500000037252903,0.12500000186264515)));
#4459=IFCINDEXEDPOLYCURVE(#4458,(IFCLINEINDEX((1,2,3,4,1))),$);
#4460=IFCINDEXEDPOLYCURVE(#4461,(IFCLINEINDEX((1,2,3,4,1))),$);
#4461=IFCCARTESIANPOINTLIST2D(((0.67569730244576931,0.090000001713633537),(0.6406973022967577,0.090000001713633537),(0.6406973022967577,0.12500000186264515),(0.67569730244576931,0.12500000186264515)));
#4462=IFCCARTESIANPOINTLIST2D(((0.060000000521540642,0.090000001713633537),(0.6406973022967577,0.090000001713633537)));
#4463=IFCINDEXEDPOLYCURVE(#4462,$,$);
#4464=IFCINDEXEDPOLYCURVE(#4465,$,$);
#4465=IFCCARTESIANPOINTLIST2D(((0.060000000521540642,0.12500000186264515),(0.6406973022967577,0.12500000186264515)));
#4466=IFCINDEXEDPOLYCURVE(#4467,$,$);
#4467=IFCCARTESIANPOINTLIST2D(((0.060000000521540642,0.10750000178813934),(0.6406973022967577,0.10750000178813934)));
#4468=IFCSHAPEREPRESENTATION(#24,'Body','Curve2D',(#4453,#4455,#4457,#4459,#4460,#4463,#4464,#4466));
#4469=IFCCARTESIANPOINTLIST2D(((0.,0.),(0.70069730281829834,0.),(0.70069730281829834,0.89999997615814209),(0.,0.89999997615814209)));
#4470=IFCINDEXEDPOLYCURVE(#4469,(IFCLINEINDEX((1,2,3,4,1))),$);
#4471=IFCARBITRARYCLOSEDPROFILEDEF(.AREA.,$,#4470);
#4472=IFCCARTESIANPOINT((0.,-0.60000002384185791,0.));
#4473=IFCDIRECTION((0.,-1.,0.));
#4474=IFCDIRECTION((1.,0.,0.));
#4475=IFCAXIS2PLACEMENT3D(#4472,#4473,#4474);
#4476=IFCDIRECTION((0.,0.,-1.));
#4477=IFCEXTRUDEDAREASOLID(#4471,#4475,#4476,1.2);
#4478=IFCSHAPEREPRESENTATION(#11,'Body','SweptSolid',(#4477));
#4484=IFCCARTESIANPOINT((1.7940024844439122,1.6689300537109375E-06,1.));
#4485=IFCDIRECTION((0.,0.,1.));
#4486=IFCDIRECTION((0.9999999999997442,-7.1525573730450454E-07,0.));
#4487=IFCAXIS2PLACEMENT3D(#4484,#4485,#4486);
#4488=IFCLOCALPLACEMENT(#1823,#4487);
#4489=IFCCARTESIANPOINT((0.,0.,0.));
#4490=IFCDIRECTION((0.,0.,1.));
#4491=IFCDIRECTION((1.,0.,0.));
#4492=IFCAXIS2PLACEMENT3D(#4489,#4490,#4491);
#4493=IFCLOCALPLACEMENT(#4488,#4492);
#4494=IFCWINDOWTYPE('3eKyiXtab02Py2OOE7_jfG',$,'Guest-1-GF',$,$,(#4495),(#4497,#4505,#4553),$,$,.WINDOW.,.SINGLE_PANEL.,$,$);
#4495=IFCPROPERTYSET('0z7pxOdDz2XR0GnLKx3as9',$,'BBIM_Window',$,(#4496));
#4496=IFCPROPERTYSINGLEVALUE('Data',$,IFCTEXT('{"window_type": "DOUBLE_PANEL_VERTICAL", "overall_height": 0.8999999761581421, "overall_width": 1.224073052406311, "lining_properties": {"lining_depth": 0.05000000074505806, "lining_thickness": 0.05000000074505806, "lining_offset": 0.05000000074505806, "lining_to_panel_offset_x": 0.02500000037252903, "lining_to_panel_offset_y": 0.02500000037252903, "mullion_thickness": 0.05000000074505806, "first_mullion_offset": 0.6225106120109558}, "panel_properties": {"frame_depth": [0.03500000014901161, 0.03500000014901161, 0.03500000014901161], "frame_thickness": [0.03500000014901161, 0.03500000014901161, 0.03500000014901161]}}'),$);
#4497=IFCREPRESENTATIONMAP(#4498,#5012);
#4498=IFCAXIS2PLACEMENT3D(#4499,#4500,#4501);
#4499=IFCCARTESIANPOINT((0.,0.,0.));
#4500=IFCDIRECTION((0.,0.,1.));
#4501=IFCDIRECTION((1.,0.,0.));
#4505=IFCREPRESENTATIONMAP(#4506,#5093);
#4506=IFCAXIS2PLACEMENT3D(#4507,#4508,#4509);
#4507=IFCCARTESIANPOINT((0.,0.,0.));
#4508=IFCDIRECTION((0.,0.,1.));
#4509=IFCDIRECTION((1.,0.,0.));
#4553=IFCREPRESENTATIONMAP(#4554,#5126);
#4554=IFCAXIS2PLACEMENT3D(#4555,#4556,#4557);
#4555=IFCCARTESIANPOINT((0.,0.,0.));
#4556=IFCDIRECTION((0.,0.,1.));
#4557=IFCDIRECTION((1.,0.,0.));
#4575=IFCWINDOW('3m8F7OdzDBHByk2Kx6vxl$',$,'Window',$,$,#5151,#4585,$,0.89999997615814209,1.224073052406311,$,.DOUBLE_PANEL_VERTICAL.,$);
#4577=IFCRELDEFINESBYTYPE('20A_XEfzLFBxBCrJQuANSY',$,$,$,(#4575),#4494);
#4578=IFCCARTESIANPOINT((0.,0.,0.));
#4579=IFCDIRECTION((1.,0.,0.));
#4580=IFCDIRECTION((0.,1.,0.));
#4581=IFCDIRECTION((0.,0.,1.));
#4582=IFCCARTESIANTRANSFORMATIONOPERATOR3D(#4579,#4580,#4578,1.,#4581);
#4583=IFCMAPPEDITEM(#4497,#4582);
#4584=IFCSHAPEREPRESENTATION(#18,'Profile','MappedRepresentation',(#4583));
#4585=IFCPRODUCTDEFINITIONSHAPE($,$,(#4584,#4592,#4599));
#4586=IFCCARTESIANPOINT((0.,0.,0.));
#4587=IFCDIRECTION((1.,0.,0.));
#4588=IFCDIRECTION((0.,1.,0.));
#4589=IFCDIRECTION((0.,0.,1.));
#4590=IFCCARTESIANTRANSFORMATIONOPERATOR3D(#4587,#4588,#4586,1.,#4589);
#4591=IFCMAPPEDITEM(#4505,#4590);
#4592=IFCSHAPEREPRESENTATION(#11,'Body','MappedRepresentation',(#4591));
#4593=IFCCARTESIANPOINT((0.,0.,0.));
#4594=IFCDIRECTION((1.,0.,0.));
#4595=IFCDIRECTION((0.,1.,0.));
#4596=IFCDIRECTION((0.,0.,1.));
#4597=IFCCARTESIANTRANSFORMATIONOPERATOR3D(#4594,#4595,#4593,1.,#4596);
#4598=IFCMAPPEDITEM(#4553,#4597);
#4599=IFCSHAPEREPRESENTATION(#24,'Body','MappedRepresentation',(#4598));
#4600=IFCOPENINGELEMENT('2MpedKIr59hf8nHMc8mdQ_',$,'Opening',$,$,#5146,#4628,$,.OPENING.);
#4616=IFCCARTESIANPOINT((0.,0.,0.));
#4617=IFCDIRECTION((1.,0.,0.));
#4618=IFCDIRECTION((0.,0.,1.));
#4619=IFCAXIS2PLACEMENT3D(#4616,#4618,#4617);
#4620=IFCREPRESENTATIONMAP(#4619,#5136);
#4621=IFCCARTESIANPOINT((0.,0.,0.));
#4622=IFCDIRECTION((1.,0.,0.));
#4623=IFCDIRECTION((0.,1.,0.));
#4624=IFCDIRECTION((0.,0.,1.));
#4625=IFCCARTESIANTRANSFORMATIONOPERATOR3D(#4622,#4623,#4621,1.,#4624);
#4626=IFCMAPPEDITEM(#4620,#4625);
#4627=IFCSHAPEREPRESENTATION(#11,'Body','MappedRepresentation',(#4626));
#4628=IFCPRODUCTDEFINITIONSHAPE($,$,(#4627));
#4629=IFCRELVOIDSELEMENT('1PFj4a$LXCmA2X21y6qz91',$,$,$,#924,#4600);
#4635=IFCRELFILLSELEMENT('3MtQbbuTDFEvWp81zQC6Kj',$,$,$,#4600,#4575);
#4644=IFCCARTESIANPOINTLIST2D(((0.,0.),(1.1775507926940918,0.),(1.1775507926940918,0.89999997615814209),(0.,0.89999997615814209)));
#4645=IFCINDEXEDPOLYCURVE(#4644,(IFCLINEINDEX((1,2,3,4,1))),$);
#4646=IFCCARTESIANPOINTLIST2D(((0.02500000037252903,0.02500000037252903),(1.1525507923215628,0.02500000037252903),(1.1525507923215628,0.87499997578561306),(0.02500000037252903,0.87499997578561306)));
#4647=IFCINDEXEDPOLYCURVE(#4646,(IFCLINEINDEX((1,2,3,4,1))),$);
#4648=IFCARBITRARYPROFILEDEFWITHVOIDS(.AREA.,$,#4645,(#4647));
#4649=IFCCARTESIANPOINT((0.,0.090000001713633537,0.));
#4650=IFCDIRECTION((0.,-1.,0.));
#4651=IFCDIRECTION((1.,0.,0.));
#4652=IFCAXIS2PLACEMENT3D(#4649,#4650,#4651);
#4653=IFCDIRECTION((0.,0.,-1.));
#4654=IFCEXTRUDEDAREASOLID(#4648,#4652,#4653,0.0099999997764825821);
#4655=IFCCARTESIANPOINTLIST2D(((0.,0.),(1.1775507926940918,0.),(1.1775507926940918,0.89999997615814209),(0.,0.89999997615814209)));
#4656=IFCINDEXEDPOLYCURVE(#4655,(IFCLINEINDEX((1,2,3,4,1))),$);
#4657=IFCCARTESIANPOINTLIST2D(((0.05000000074505806,0.05000000074505806),(1.1275507919490337,0.05000000074505806),(1.1275507919490337,0.84999997541308403),(0.05000000074505806,0.84999997541308403)));
#4658=IFCINDEXEDPOLYCURVE(#4657,(IFCLINEINDEX((1,2,3,4,1))),$);
#4659=IFCARBITRARYPROFILEDEFWITHVOIDS(.AREA.,$,#4656,(#4658));
#4660=IFCCARTESIANPOINT((0.,0.05000000074505806,0.));
#4661=IFCDIRECTION((0.,-1.,0.));
#4662=IFCDIRECTION((1.,0.,0.));
#4663=IFCAXIS2PLACEMENT3D(#4660,#4661,#4662);
#4664=IFCDIRECTION((0.,0.,-1.));
#4665=IFCEXTRUDEDAREASOLID(#4659,#4663,#4664,0.040000000968575478);
#4666=IFCCARTESIANPOINTLIST2D(((0.,0.),(1.1275507919490337,0.),(1.1275507919490337,0.84999997541308403),(0.,0.84999997541308403)));
#4667=IFCINDEXEDPOLYCURVE(#4666,(IFCLINEINDEX((1,2,3,4,1))),$);
#4668=IFCCARTESIANPOINTLIST2D(((0.035000000149011612,0.035000000149011612),(1.0925507918000221,0.035000000149011612),(1.0925507918000221,0.81499997526407242),(0.035000000149011612,0.81499997526407242)));
#4669=IFCINDEXEDPOLYCURVE(#4668,(IFCLINEINDEX((1,2,3,4,1))),$);
#4670=IFCARBITRARYPROFILEDEFWITHVOIDS(.AREA.,$,#4667,(#4669));
#4671=IFCCARTESIANPOINT((0.02500000037252903,0.090000001713633537,0.02500000037252903));
#4672=IFCDIRECTION((0.,-1.,0.));
#4673=IFCDIRECTION((1.,0.,0.));
#4674=IFCAXIS2PLACEMENT3D(#4671,#4672,#4673);
#4675=IFCDIRECTION((0.,0.,-1.));
#4676=IFCEXTRUDEDAREASOLID(#4670,#4674,#4675,0.035000000149011612);
#4677=IFCINDEXEDPOLYCURVE(#4678,(IFCLINEINDEX((1,2,3,4,1))),$);
#4678=IFCCARTESIANPOINTLIST2D(((0.035000000149011612,0.035000000149011612),(1.0925507918000221,0.035000000149011612),(1.0925507918000221,0.81499997526407242),(0.035000000149011612,0.81499997526407242)));
#4679=IFCARBITRARYCLOSEDPROFILEDEF(.AREA.,$,#4677);
#4680=IFCCARTESIANPOINT((0.02500000037252903,0.10250000178813934,0.02500000037252903));
#4681=IFCDIRECTION((0.,-1.,0.));
#4682=IFCDIRECTION((1.,0.,0.));
#4683=IFCAXIS2PLACEMENT3D(#4680,#4681,#4682);
#4684=IFCDIRECTION((0.,0.,-1.));
#4685=IFCEXTRUDEDAREASOLID(#4679,#4683,#4684,0.01);
#4687=IFCSHAPEREPRESENTATION(#11,'Body','SweptSolid',(#4654,#5021,#5032,#4930,#4879,#5072,#5061,#4789,#4890,#4665,#4919,#4778));
#4688=IFCSHAPEASPECT((#4687),'Lining',$,.T.,#4585);
#4689=IFCSHAPEREPRESENTATION(#11,'Body','SweptSolid',(#4901,#4676,#5043,#4941,#5083,#4800));
#4690=IFCSHAPEASPECT((#4689),'Framing',$,.T.,#4585);
#4691=IFCSHAPEREPRESENTATION(#11,'Body','SweptSolid',(#4950,#4910,#5092,#4809,#4685,#5052));
#4692=IFCSHAPEASPECT((#4691),'Glazing',$,.T.,#4585);
#4768=IFCCARTESIANPOINTLIST2D(((0.,0.),(1.224073052406311,0.),(1.224073052406311,0.89999997615814209),(0.,0.89999997615814209)));
#4769=IFCINDEXEDPOLYCURVE(#4768,(IFCLINEINDEX((1,2,3,4,1))),$);
#4770=IFCCARTESIANPOINTLIST2D(((0.02500000037252903,0.02500000037252903),(1.199073052033782,0.02500000037252903),(1.199073052033782,0.87499997578561306),(0.02500000037252903,0.87499997578561306)));
#4771=IFCINDEXEDPOLYCURVE(#4770,(IFCLINEINDEX((1,2,3,4,1))),$);
#4772=IFCARBITRARYPROFILEDEFWITHVOIDS(.AREA.,$,#4769,(#4771));
#4773=IFCCARTESIANPOINT((0.,0.090000001713633537,0.));
#4774=IFCDIRECTION((0.,-1.,0.));
#4775=IFCDIRECTION((1.,0.,0.));
#4776=IFCAXIS2PLACEMENT3D(#4773,#4774,#4775);
#4777=IFCDIRECTION((0.,0.,-1.));
#4778=IFCEXTRUDEDAREASOLID(#4772,#4776,#4777,0.0099999997764825821);
#4779=IFCCARTESIANPOINTLIST2D(((0.,0.),(1.224073052406311,0.),(1.224073052406311,0.89999997615814209),(0.,0.89999997615814209)));
#4780=IFCINDEXEDPOLYCURVE(#4779,(IFCLINEINDEX((1,2,3,4,1))),$);
#4781=IFCCARTESIANPOINTLIST2D(((0.05000000074505806,0.05000000074505806),(1.174073051661253,0.05000000074505806),(1.174073051661253,0.84999997541308403),(0.05000000074505806,0.84999997541308403)));
#4782=IFCINDEXEDPOLYCURVE(#4781,(IFCLINEINDEX((1,2,3,4,1))),$);
#4783=IFCARBITRARYPROFILEDEFWITHVOIDS(.AREA.,$,#4780,(#4782));
#4784=IFCCARTESIANPOINT((0.,0.05000000074505806,0.));
#4785=IFCDIRECTION((0.,-1.,0.));
#4786=IFCDIRECTION((1.,0.,0.));
#4787=IFCAXIS2PLACEMENT3D(#4784,#4785,#4786);
#4788=IFCDIRECTION((0.,0.,-1.));
#4789=IFCEXTRUDEDAREASOLID(#4783,#4787,#4788,0.040000000968575478);
#4790=IFCCARTESIANPOINTLIST2D(((0.,0.),(1.174073051661253,0.),(1.174073051661253,0.84999997541308403),(0.,0.84999997541308403)));
#4791=IFCINDEXEDPOLYCURVE(#4790,(IFCLINEINDEX((1,2,3,4,1))),$);
#4792=IFCCARTESIANPOINTLIST2D(((0.035000000149011612,0.035000000149011612),(1.1390730515122414,0.035000000149011612),(1.1390730515122414,0.81499997526407242),(0.035000000149011612,0.81499997526407242)));
#4793=IFCINDEXEDPOLYCURVE(#4792,(IFCLINEINDEX((1,2,3,4,1))),$);
#4794=IFCARBITRARYPROFILEDEFWITHVOIDS(.AREA.,$,#4791,(#4793));
#4795=IFCCARTESIANPOINT((0.02500000037252903,0.090000001713633537,0.02500000037252903));
#4796=IFCDIRECTION((0.,-1.,0.));
#4797=IFCDIRECTION((1.,0.,0.));
#4798=IFCAXIS2PLACEMENT3D(#4795,#4796,#4797);
#4799=IFCDIRECTION((0.,0.,-1.));
#4800=IFCEXTRUDEDAREASOLID(#4794,#4798,#4799,0.035000000149011612);
#4801=IFCINDEXEDPOLYCURVE(#4802,(IFCLINEINDEX((1,2,3,4,1))),$);
#4802=IFCCARTESIANPOINTLIST2D(((0.035000000149011612,0.035000000149011612),(1.1390730515122414,0.035000000149011612),(1.1390730515122414,0.81499997526407242),(0.035000000149011612,0.81499997526407242)));
#4803=IFCARBITRARYCLOSEDPROFILEDEF(.AREA.,$,#4801);
#4804=IFCCARTESIANPOINT((0.02500000037252903,0.10250000178813934,0.02500000037252903));
#4805=IFCDIRECTION((0.,-1.,0.));
#4806=IFCDIRECTION((1.,0.,0.));
#4807=IFCAXIS2PLACEMENT3D(#4804,#4805,#4806);
#4808=IFCDIRECTION((0.,0.,-1.));
#4809=IFCEXTRUDEDAREASOLID(#4803,#4807,#4808,0.01);
#4871=IFCCARTESIANPOINTLIST2D(((0.30000001192092896,0.),(0.,0.),(0.,0.89999997615814209),(0.30000001192092896,0.89999997615814209),(0.30000001192092896,0.87499997578561306),(0.02500000037252903,0.87499997578561306),(0.02500000037252903,0.02500000037252903),(0.30000001192092896,0.02500000037252903)));
#4872=IFCINDEXEDPOLYCURVE(#4871,(IFCLINEINDEX((1,2,3,4,5,6,7,8,1))),$);
#4873=IFCARBITRARYCLOSEDPROFILEDEF(.AREA.,$,#4872);
#4874=IFCCARTESIANPOINT((0.,0.090000001713633537,0.));
#4875=IFCDIRECTION((0.,-1.,0.));
#4876=IFCDIRECTION((1.,0.,0.));
#4877=IFCAXIS2PLACEMENT3D(#4874,#4875,#4876);
#4878=IFCDIRECTION((0.,0.,-1.));
#4879=IFCEXTRUDEDAREASOLID(#4873,#4877,#4878,0.0099999997764825821);
#4880=IFCCARTESIANPOINTLIST2D(((0.,0.),(0.30000001192092896,0.),(0.30000001192092896,0.89999997615814209),(0.,0.89999997615814209)));
#4881=IFCINDEXEDPOLYCURVE(#4880,(IFCLINEINDEX((1,2,3,4,1))),$);
#4882=IFCCARTESIANPOINTLIST2D(((0.05000000074505806,0.05000000074505806),(0.27500001154839993,0.05000000074505806),(0.27500001154839993,0.84999997541308403),(0.05000000074505806,0.84999997541308403)));
#4883=IFCINDEXEDPOLYCURVE(#4882,(IFCLINEINDEX((1,2,3,4,1))),$);
#4884=IFCARBITRARYPROFILEDEFWITHVOIDS(.AREA.,$,#4881,(#4883));
#4885=IFCCARTESIANPOINT((0.,0.05000000074505806,0.));
#4886=IFCDIRECTION((0.,-1.,0.));
#4887=IFCDIRECTION((1.,0.,0.));
#4888=IFCAXIS2PLACEMENT3D(#4885,#4886,#4887);
#4889=IFCDIRECTION((0.,0.,-1.));
#4890=IFCEXTRUDEDAREASOLID(#4884,#4888,#4889,0.040000000968575478);
#4891=IFCCARTESIANPOINTLIST2D(((0.,0.),(0.27500001154839993,0.),(0.27500001154839993,0.84999997541308403),(0.,0.84999997541308403)));
#4892=IFCINDEXEDPOLYCURVE(#4891,(IFCLINEINDEX((1,2,3,4,1))),$);
#4893=IFCCARTESIANPOINTLIST2D(((0.035000000149011612,0.035000000149011612),(0.24000001139938831,0.035000000149011612),(0.24000001139938831,0.81499997526407242),(0.035000000149011612,0.81499997526407242)));
#4894=IFCINDEXEDPOLYCURVE(#4893,(IFCLINEINDEX((1,2,3,4,1))),$);
#4895=IFCARBITRARYPROFILEDEFWITHVOIDS(.AREA.,$,#4892,(#4894));
#4896=IFCCARTESIANPOINT((0.02500000037252903,0.090000001713633537,0.02500000037252903));
#4897=IFCDIRECTION((0.,-1.,0.));
#4898=IFCDIRECTION((1.,0.,0.));
#4899=IFCAXIS2PLACEMENT3D(#4896,#4897,#4898);
#4900=IFCDIRECTION((0.,0.,-1.));
#4901=IFCEXTRUDEDAREASOLID(#4895,#4899,#4900,0.035000000149011612);
#4902=IFCINDEXEDPOLYCURVE(#4903,(IFCLINEINDEX((1,2,3,4,1))),$);
#4903=IFCCARTESIANPOINTLIST2D(((0.035000000149011612,0.035000000149011612),(0.24000001139938831,0.035000000149011612),(0.24000001139938831,0.81499997526407242),(0.035000000149011612,0.81499997526407242)));
#4904=IFCARBITRARYCLOSEDPROFILEDEF(.AREA.,$,#4902);
#4905=IFCCARTESIANPOINT((0.02500000037252903,0.10250000178813934,0.02500000037252903));
#4906=IFCDIRECTION((0.,-1.,0.));
#4907=IFCDIRECTION((1.,0.,0.));
#4908=IFCAXIS2PLACEMENT3D(#4905,#4906,#4907);
#4909=IFCDIRECTION((0.,0.,-1.));
#4910=IFCEXTRUDEDAREASOLID(#4904,#4908,#4909,0.01);
#4911=IFCCARTESIANPOINTLIST2D(((0.,0.89999997615814209),(0.92407304048538208,0.89999997615814209),(0.92407304048538208,0.),(0.,0.),(0.,0.02500000037252903),(0.89907304011285305,0.02500000037252903),(0.89907304011285305,0.87499997578561306),(0.,0.87499997578561306)));
#4912=IFCINDEXEDPOLYCURVE(#4911,(IFCLINEINDEX((1,2,3,4,5,6,7,8,1))),$);
#4913=IFCARBITRARYCLOSEDPROFILEDEF(.AREA.,$,#4912);
#4914=IFCCARTESIANPOINT((0.30000001192092896,0.090000001713633537,0.));
#4915=IFCDIRECTION((0.,-1.,0.));
#4916=IFCDIRECTION((1.,0.,0.));
#4917=IFCAXIS2PLACEMENT3D(#4914,#4915,#4916);
#4918=IFCDIRECTION((0.,0.,-1.));
#4919=IFCEXTRUDEDAREASOLID(#4913,#4917,#4918,0.0099999997764825821);
#4920=IFCCARTESIANPOINTLIST2D(((0.,0.),(0.92407304048538208,0.),(0.92407304048538208,0.89999997615814209),(0.,0.89999997615814209)));
#4921=IFCINDEXEDPOLYCURVE(#4920,(IFCLINEINDEX((1,2,3,4,1))),$);
#4922=IFCCARTESIANPOINTLIST2D(((0.02500000037252903,0.05000000074505806),(0.87407303974032402,0.05000000074505806),(0.87407303974032402,0.84999997541308403),(0.02500000037252903,0.84999997541308403)));
#4923=IFCINDEXEDPOLYCURVE(#4922,(IFCLINEINDEX((1,2,3,4,1))),$);
#4924=IFCARBITRARYPROFILEDEFWITHVOIDS(.AREA.,$,#4921,(#4923));
#4925=IFCCARTESIANPOINT((0.30000001192092896,0.05000000074505806,0.));
#4926=IFCDIRECTION((0.,-1.,0.));
#4927=IFCDIRECTION((1.,0.,0.));
#4928=IFCAXIS2PLACEMENT3D(#4925,#4926,#4927);
#4929=IFCDIRECTION((0.,0.,-1.));
#4930=IFCEXTRUDEDAREASOLID(#4924,#4928,#4929,0.040000000968575478);
#4931=IFCCARTESIANPOINTLIST2D(((0.,0.),(0.89907304011285305,0.),(0.89907304011285305,0.84999997541308403),(0.,0.84999997541308403)));
#4932=IFCINDEXEDPOLYCURVE(#4931,(IFCLINEINDEX((1,2,3,4,1))),$);
#4933=IFCCARTESIANPOINTLIST2D(((0.035000000149011612,0.035000000149011612),(0.86407303996384144,0.035000000149011612),(0.86407303996384144,0.81499997526407242),(0.035000000149011612,0.81499997526407242)));
#4934=IFCINDEXEDPOLYCURVE(#4933,(IFCLINEINDEX((1,2,3,4,1))),$);
#4935=IFCARBITRARYPROFILEDEFWITHVOIDS(.AREA.,$,#4932,(#4934));
#4936=IFCCARTESIANPOINT((0.30000001192092896,0.090000001713633537,0.02500000037252903));
#4937=IFCDIRECTION((0.,-1.,0.));
#4938=IFCDIRECTION((1.,0.,0.));
#4939=IFCAXIS2PLACEMENT3D(#4936,#4937,#4938);
#4940=IFCDIRECTION((0.,0.,-1.));
#4941=IFCEXTRUDEDAREASOLID(#4935,#4939,#4940,0.035000000149011612);
#4942=IFCINDEXEDPOLYCURVE(#4943,(IFCLINEINDEX((1,2,3,4,1))),$);
#4943=IFCCARTESIANPOINTLIST2D(((0.035000000149011612,0.035000000149011612),(0.86407303996384144,0.035000000149011612),(0.86407303996384144,0.81499997526407242),(0.035000000149011612,0.81499997526407242)));
#4944=IFCARBITRARYCLOSEDPROFILEDEF(.AREA.,$,#4942);
#4945=IFCCARTESIANPOINT((0.30000001192092896,0.10250000178813934,0.02500000037252903));
#4946=IFCDIRECTION((0.,-1.,0.));
#4947=IFCDIRECTION((1.,0.,0.));
#4948=IFCAXIS2PLACEMENT3D(#4945,#4946,#4947);
#4949=IFCDIRECTION((0.,0.,-1.));
#4950=IFCEXTRUDEDAREASOLID(#4944,#4948,#4949,0.01);
#5010=IFCCARTESIANPOINTLIST3D(((0.,0.,0.),(1.224073052406311,0.,0.),(1.224073052406311,0.,0.89999997615814209),(0.,0.,0.89999997615814209)));
#5011=IFCINDEXEDPOLYCURVE(#5010,(IFCLINEINDEX((1,2,3,4,1))),$);
#5012=IFCSHAPEREPRESENTATION(#18,'Profile','Curve3D',(#5011));
#5013=IFCCARTESIANPOINTLIST2D(((0.62251061201095581,0.),(0.,0.),(0.,0.89999997615814209),(0.62251061201095581,0.89999997615814209),(0.62251061201095581,0.87499997578561306),(0.02500000037252903,0.87499997578561306),(0.02500000037252903,0.02500000037252903),(0.62251061201095581,0.02500000037252903)));
#5014=IFCINDEXEDPOLYCURVE(#5013,(IFCLINEINDEX((1,2,3,4,5,6,7,8,1))),$);
#5015=IFCARBITRARYCLOSEDPROFILEDEF(.AREA.,$,#5014);
#5016=IFCCARTESIANPOINT((0.,0.090000001713633537,0.));
#5017=IFCDIRECTION((0.,-1.,0.));
#5018=IFCDIRECTION((1.,0.,0.));
#5019=IFCAXIS2PLACEMENT3D(#5016,#5017,#5018);
#5020=IFCDIRECTION((0.,0.,-1.));
#5021=IFCEXTRUDEDAREASOLID(#5015,#5019,#5020,0.0099999997764825821);
#5022=IFCCARTESIANPOINTLIST2D(((0.,0.),(0.62251061201095581,0.),(0.62251061201095581,0.89999997615814209),(0.,0.89999997615814209)));
#5023=IFCINDEXEDPOLYCURVE(#5022,(IFCLINEINDEX((1,2,3,4,1))),$);
#5024=IFCCARTESIANPOINTLIST2D(((0.05000000074505806,0.05000000074505806),(0.59751061163842678,0.05000000074505806),(0.59751061163842678,0.84999997541308403),(0.05000000074505806,0.84999997541308403)));
#5025=IFCINDEXEDPOLYCURVE(#5024,(IFCLINEINDEX((1,2,3,4,1))),$);
#5026=IFCARBITRARYPROFILEDEFWITHVOIDS(.AREA.,$,#5023,(#5025));
#5027=IFCCARTESIANPOINT((0.,0.05000000074505806,0.));
#5028=IFCDIRECTION((0.,-1.,0.));
#5029=IFCDIRECTION((1.,0.,0.));
#5030=IFCAXIS2PLACEMENT3D(#5027,#5028,#5029);
#5031=IFCDIRECTION((0.,0.,-1.));
#5032=IFCEXTRUDEDAREASOLID(#5026,#5030,#5031,0.040000000968575478);
#5033=IFCCARTESIANPOINTLIST2D(((0.,0.),(0.59751061163842678,0.),(0.59751061163842678,0.84999997541308403),(0.,0.84999997541308403)));
#5034=IFCINDEXEDPOLYCURVE(#5033,(IFCLINEINDEX((1,2,3,4,1))),$);
#5035=IFCCARTESIANPOINTLIST2D(((0.035000000149011612,0.035000000149011612),(0.56251061148941517,0.035000000149011612),(0.56251061148941517,0.81499997526407242),(0.035000000149011612,0.81499997526407242)));
#5036=IFCINDEXEDPOLYCURVE(#5035,(IFCLINEINDEX((1,2,3,4,1))),$);
#5037=IFCARBITRARYPROFILEDEFWITHVOIDS(.AREA.,$,#5034,(#5036));
#5038=IFCCARTESIANPOINT((0.02500000037252903,0.090000001713633537,0.02500000037252903));
#5039=IFCDIRECTION((0.,-1.,0.));
#5040=IFCDIRECTION((1.,0.,0.));
#5041=IFCAXIS2PLACEMENT3D(#5038,#5039,#5040);
#5042=IFCDIRECTION((0.,0.,-1.));
#5043=IFCEXTRUDEDAREASOLID(#5037,#5041,#5042,0.035000000149011612);
#5044=IFCINDEXEDPOLYCURVE(#5045,(IFCLINEINDEX((1,2,3,4,1))),$);
#5045=IFCCARTESIANPOINTLIST2D(((0.035000000149011612,0.035000000149011612),(0.56251061148941517,0.035000000149011612),(0.56251061148941517,0.81499997526407242),(0.035000000149011612,0.81499997526407242)));
#5046=IFCARBITRARYCLOSEDPROFILEDEF(.AREA.,$,#5044);
#5047=IFCCARTESIANPOINT((0.02500000037252903,0.10250000178813934,0.02500000037252903));
#5048=IFCDIRECTION((0.,-1.,0.));
#5049=IFCDIRECTION((1.,0.,0.));
#5050=IFCAXIS2PLACEMENT3D(#5047,#5048,#5049);
#5051=IFCDIRECTION((0.,0.,-1.));
#5052=IFCEXTRUDEDAREASOLID(#5046,#5050,#5051,0.01);
#5053=IFCCARTESIANPOINTLIST2D(((0.,0.89999997615814209),(0.60156244039535522,0.89999997615814209),(0.60156244039535522,0.),(0.,0.),(0.,0.02500000037252903),(0.57656244002282619,0.02500000037252903),(0.57656244002282619,0.87499997578561306),(0.,0.87499997578561306)));
#5054=IFCINDEXEDPOLYCURVE(#5053,(IFCLINEINDEX((1,2,3,4,5,6,7,8,1))),$);
#5055=IFCARBITRARYCLOSEDPROFILEDEF(.AREA.,$,#5054);
#5056=IFCCARTESIANPOINT((0.62251061201095581,0.090000001713633537,0.));
#5057=IFCDIRECTION((0.,-1.,0.));
#5058=IFCDIRECTION((1.,0.,0.));
#5059=IFCAXIS2PLACEMENT3D(#5056,#5057,#5058);
#5060=IFCDIRECTION((0.,0.,-1.));
#5061=IFCEXTRUDEDAREASOLID(#5055,#5059,#5060,0.0099999997764825821);
#5062=IFCCARTESIANPOINTLIST2D(((0.,0.),(0.60156244039535522,0.),(0.60156244039535522,0.89999997615814209),(0.,0.89999997615814209)));
#5063=IFCINDEXEDPOLYCURVE(#5062,(IFCLINEINDEX((1,2,3,4,1))),$);
#5064=IFCCARTESIANPOINTLIST2D(((0.02500000037252903,0.05000000074505806),(0.55156243965029716,0.05000000074505806),(0.55156243965029716,0.84999997541308403),(0.02500000037252903,0.84999997541308403)));
#5065=IFCINDEXEDPOLYCURVE(#5064,(IFCLINEINDEX((1,2,3,4,1))),$);
#5066=IFCARBITRARYPROFILEDEFWITHVOIDS(.AREA.,$,#5063,(#5065));
#5067=IFCCARTESIANPOINT((0.62251061201095581,0.05000000074505806,0.));
#5068=IFCDIRECTION((0.,-1.,0.));
#5069=IFCDIRECTION((1.,0.,0.));
#5070=IFCAXIS2PLACEMENT3D(#5067,#5068,#5069);
#5071=IFCDIRECTION((0.,0.,-1.));
#5072=IFCEXTRUDEDAREASOLID(#5066,#5070,#5071,0.040000000968575478);
#5073=IFCCARTESIANPOINTLIST2D(((0.,0.),(0.57656244002282619,0.),(0.57656244002282619,0.84999997541308403),(0.,0.84999997541308403)));
#5074=IFCINDEXEDPOLYCURVE(#5073,(IFCLINEINDEX((1,2,3,4,1))),$);
#5075=IFCCARTESIANPOINTLIST2D(((0.035000000149011612,0.035000000149011612),(0.54156243987381458,0.035000000149011612),(0.54156243987381458,0.81499997526407242),(0.035000000149011612,0.81499997526407242)));
#5076=IFCINDEXEDPOLYCURVE(#5075,(IFCLINEINDEX((1,2,3,4,1))),$);
#5077=IFCARBITRARYPROFILEDEFWITHVOIDS(.AREA.,$,#5074,(#5076));
#5078=IFCCARTESIANPOINT((0.62251061201095581,0.090000001713633537,0.02500000037252903));
#5079=IFCDIRECTION((0.,-1.,0.));
#5080=IFCDIRECTION((1.,0.,0.));
#5081=IFCAXIS2PLACEMENT3D(#5078,#5079,#5080);
#5082=IFCDIRECTION((0.,0.,-1.));
#5083=IFCEXTRUDEDAREASOLID(#5077,#5081,#5082,0.035000000149011612);
#5084=IFCINDEXEDPOLYCURVE(#5085,(IFCLINEINDEX((1,2,3,4,1))),$);
#5085=IFCCARTESIANPOINTLIST2D(((0.035000000149011612,0.035000000149011612),(0.54156243987381458,0.035000000149011612),(0.54156243987381458,0.81499997526407242),(0.035000000149011612,0.81499997526407242)));
#5086=IFCARBITRARYCLOSEDPROFILEDEF(.AREA.,$,#5084);
#5087=IFCCARTESIANPOINT((0.62251061201095581,0.10250000178813934,0.02500000037252903));
#5088=IFCDIRECTION((0.,-1.,0.));
#5089=IFCDIRECTION((1.,0.,0.));
#5090=IFCAXIS2PLACEMENT3D(#5087,#5088,#5089);
#5091=IFCDIRECTION((0.,0.,-1.));
#5092=IFCEXTRUDEDAREASOLID(#5086,#5090,#5091,0.01);
#5093=IFCSHAPEREPRESENTATION(#11,'Body','SweptSolid',(#5021,#5032,#5043,#5052,#5061,#5072,#5083,#5092));
#5094=IFCCARTESIANPOINTLIST2D(((0.05000000074505806,0.05000000074505806),(0.59751061163842678,0.05000000074505806)));
#5095=IFCINDEXEDPOLYCURVE(#5094,$,$);
#5096=IFCCARTESIANPOINTLIST2D(((0.,0.10000000149011612),(0.02500000037252903,0.10000000149011612),(0.02500000037252903,0.090000001713633537),(0.05000000074505806,0.090000001713633537),(0.05000000074505806,0.05000000074505806),(0.,0.05000000074505806)));
#5097=IFCINDEXEDPOLYCURVE(#5096,(IFCLINEINDEX((1,2,3,4,5,6,1))),$);
#5098=IFCCARTESIANPOINTLIST2D(((0.62251061201095581,0.10000000149011612),(0.62251061201095581,0.10000000149011612),(0.62251061201095581,0.090000001713633537),(0.59751061163842678,0.090000001713633537),(0.59751061163842678,0.05000000074505806),(0.62251061201095581,0.05000000074505806)));
#5099=IFCINDEXEDPOLYCURVE(#5098,$,$);
#5100=IFCCARTESIANPOINTLIST2D(((0.02500000037252903,0.090000001713633537),(0.060000000521540642,0.090000001713633537),(0.060000000521540642,0.12500000186264515),(0.02500000037252903,0.12500000186264515)));
#5101=IFCINDEXEDPOLYCURVE(#5100,(IFCLINEINDEX((1,2,3,4,1))),$);
#5102=IFCINDEXEDPOLYCURVE(#5103,(IFCLINEINDEX((1,2,3,4,1))),$);
#5103=IFCCARTESIANPOINTLIST2D(((0.62251061201095581,0.090000001713633537),(0.5875106118619442,0.090000001713633537),(0.5875106118619442,0.12500000186264515),(0.62251061201095581,0.12500000186264515)));
#5104=IFCCARTESIANPOINTLIST2D(((0.060000000521540642,0.090000001713633537),(0.5875106118619442,0.090000001713633537)));
#5105=IFCINDEXEDPOLYCURVE(#5104,$,$);
#5106=IFCINDEXEDPOLYCURVE(#5107,$,$);
#5107=IFCCARTESIANPOINTLIST2D(((0.060000000521540642,0.12500000186264515),(0.5875106118619442,0.12500000186264515)));
#5108=IFCINDEXEDPOLYCURVE(#5109,$,$);
#5109=IFCCARTESIANPOINTLIST2D(((0.060000000521540642,0.10750000178813934),(0.5875106118619442,0.10750000178813934)));
#5110=IFCCARTESIANPOINTLIST2D(((0.64751061238348484,0.05000000074505806),(1.174073051661253,0.05000000074505806)));
#5111=IFCINDEXEDPOLYCURVE(#5110,$,$);
#5112=IFCCARTESIANPOINTLIST2D(((0.62251061201095581,0.10000000149011612),(0.62251061201095581,0.10000000149011612),(0.62251061201095581,0.090000001713633537),(0.64751061238348484,0.090000001713633537),(0.64751061238348484,0.05000000074505806),(0.62251061201095581,0.05000000074505806)));
#5113=IFCINDEXEDPOLYCURVE(#5112,$,$);
#5114=IFCCARTESIANPOINTLIST2D(((1.224073052406311,0.10000000149011612),(1.199073052033782,0.10000000149011612),(1.199073052033782,0.090000001713633537),(1.174073051661253,0.090000001713633537),(1.174073051661253,0.05000000074505806),(1.224073052406311,0.05000000074505806)));
#5115=IFCINDEXEDPOLYCURVE(#5114,(IFCLINEINDEX((1,2,3,4,5,6,1))),$);
#5116=IFCCARTESIANPOINTLIST2D(((0.62251061201095581,0.090000001713633537),(0.65751061215996742,0.090000001713633537),(0.65751061215996742,0.12500000186264515),(0.62251061201095581,0.12500000186264515)));
#5117=IFCINDEXEDPOLYCURVE(#5116,(IFCLINEINDEX((1,2,3,4,1))),$);
#5118=IFCINDEXEDPOLYCURVE(#5119,(IFCLINEINDEX((1,2,3,4,1))),$);
#5119=IFCCARTESIANPOINTLIST2D(((1.199073052033782,0.090000001713633537),(1.1640730518847704,0.090000001713633537),(1.1640730518847704,0.12500000186264515),(1.199073052033782,0.12500000186264515)));
#5120=IFCCARTESIANPOINTLIST2D(((0.65751061215996742,0.090000001713633537),(1.1640730518847704,0.090000001713633537)));
#5121=IFCINDEXEDPOLYCURVE(#5120,$,$);
#5122=IFCINDEXEDPOLYCURVE(#5123,$,$);
#5123=IFCCARTESIANPOINTLIST2D(((0.65751061215996742,0.12500000186264515),(1.1640730518847704,0.12500000186264515)));
#5124=IFCINDEXEDPOLYCURVE(#5125,$,$);
#5125=IFCCARTESIANPOINTLIST2D(((0.65751061215996742,0.10750000178813934),(1.1640730518847704,0.10750000178813934)));
#5126=IFCSHAPEREPRESENTATION(#24,'Body','Curve2D',(#5095,#5097,#5099,#5101,#5102,#5105,#5106,#5108,#5111,#5113,#5115,#5117,#5118,#5121,#5122,#5124));
#5127=IFCCARTESIANPOINTLIST2D(((0.,0.),(1.224073052406311,0.),(1.224073052406311,0.89999997615814209),(0.,0.89999997615814209)));
#5128=IFCINDEXEDPOLYCURVE(#5127,(IFCLINEINDEX((1,2,3,4,1))),$);
#5129=IFCARBITRARYCLOSEDPROFILEDEF(.AREA.,$,#5128);
#5130=IFCCARTESIANPOINT((0.,-0.60000002384185791,0.));
#5131=IFCDIRECTION((0.,-1.,0.));
#5132=IFCDIRECTION((1.,0.,0.));
#5133=IFCAXIS2PLACEMENT3D(#5130,#5131,#5132);
#5134=IFCDIRECTION((0.,0.,-1.));
#5135=IFCEXTRUDEDAREASOLID(#5129,#5133,#5134,1.2);
#5136=IFCSHAPEREPRESENTATION(#11,'Body','SweptSolid',(#5135));
#5142=IFCCARTESIANPOINT((1.0471001559166275,1.2814998626708984E-06,1.));
#5143=IFCDIRECTION((0.,0.,1.));
#5144=IFCDIRECTION((0.99999999999988631,-4.7683715820307079E-07,0.));
#5145=IFCAXIS2PLACEMENT3D(#5142,#5143,#5144);
#5146=IFCLOCALPLACEMENT(#1116,#5145);
#5147=IFCCARTESIANPOINT((0.,0.,0.));
#5148=IFCDIRECTION((0.,0.,1.));
#5149=IFCDIRECTION((1.,0.,0.));
#5150=IFCAXIS2PLACEMENT3D(#5147,#5148,#5149);
#5151=IFCLOCALPLACEMENT(#5146,#5150);
#5152=IFCWINDOWTYPE('0WtX9Q1o9AmwmZIagiwueW',$,'Guest-2-GF',$,$,(#5153),(#5155,#5163,#5211),$,$,.WINDOW.,.SINGLE_PANEL.,$,$);
#5153=IFCPROPERTYSET('2zt9dpVbf5bBfGs0G1oPAZ',$,'BBIM_Window',$,(#5154));
#5154=IFCPROPERTYSINGLEVALUE('Data',$,IFCTEXT('{"window_type": "SINGLE_PANEL", "overall_height": 0.8999999761581421, "overall_width": 0.8128749132156372, "lining_properties": {"lining_depth": 0.05000000074505806, "lining_thickness": 0.05000000074505806, "lining_offset": 0.05000000074505806, "lining_to_panel_offset_x": 0.02500000037252903, "lining_to_panel_offset_y": 0.02500000037252903}, "panel_properties": {"frame_depth": [0.03500000014901161, 0.03500000014901161, 0.03500000014901161], "frame_thickness": [0.03500000014901161, 0.03500000014901161, 0.03500000014901161]}}'),$);
#5155=IFCREPRESENTATIONMAP(#5156,#5316);
#5156=IFCAXIS2PLACEMENT3D(#5157,#5158,#5159);
#5157=IFCCARTESIANPOINT((0.,0.,0.));
#5158=IFCDIRECTION((0.,0.,1.));
#5159=IFCDIRECTION((1.,0.,0.));
#5163=IFCREPRESENTATIONMAP(#5164,#5359);
#5164=IFCAXIS2PLACEMENT3D(#5165,#5166,#5167);
#5165=IFCCARTESIANPOINT((0.,0.,0.));
#5166=IFCDIRECTION((0.,0.,1.));
#5167=IFCDIRECTION((1.,0.,0.));
#5211=IFCREPRESENTATIONMAP(#5212,#5382);
#5212=IFCAXIS2PLACEMENT3D(#5213,#5214,#5215);
#5213=IFCCARTESIANPOINT((0.,0.,0.));
#5214=IFCDIRECTION((0.,0.,1.));
#5215=IFCDIRECTION((1.,0.,0.));
#5233=IFCWINDOW('3IQo9i93v17urfHaOb_gB0',$,'Window',$,$,#5407,#5243,$,0.89999997615814209,0.81287491321563721,$,.SINGLE_PANEL.,$);
#5235=IFCRELDEFINESBYTYPE('3XPTss2150AQG2PjmtZGpH',$,$,$,(#5233),#5152);
#5236=IFCCARTESIANPOINT((0.,0.,0.));
#5237=IFCDIRECTION((1.,0.,0.));
#5238=IFCDIRECTION((0.,1.,0.));
#5239=IFCDIRECTION((0.,0.,1.));
#5240=IFCCARTESIANTRANSFORMATIONOPERATOR3D(#5237,#5238,#5236,1.,#5239);
#5241=IFCMAPPEDITEM(#5155,#5240);
#5242=IFCSHAPEREPRESENTATION(#18,'Profile','MappedRepresentation',(#5241));
#5243=IFCPRODUCTDEFINITIONSHAPE($,$,(#5242,#5250,#5257));
#5244=IFCCARTESIANPOINT((0.,0.,0.));
#5245=IFCDIRECTION((1.,0.,0.));
#5246=IFCDIRECTION((0.,1.,0.));
#5247=IFCDIRECTION((0.,0.,1.));
#5248=IFCCARTESIANTRANSFORMATIONOPERATOR3D(#5245,#5246,#5244,1.,#5247);
#5249=IFCMAPPEDITEM(#5163,#5248);
#5250=IFCSHAPEREPRESENTATION(#11,'Body','MappedRepresentation',(#5249));
#5251=IFCCARTESIANPOINT((0.,0.,0.));
#5252=IFCDIRECTION((1.,0.,0.));
#5253=IFCDIRECTION((0.,1.,0.));
#5254=IFCDIRECTION((0.,0.,1.));
#5255=IFCCARTESIANTRANSFORMATIONOPERATOR3D(#5252,#5253,#5251,1.,#5254);
#5256=IFCMAPPEDITEM(#5211,#5255);
#5257=IFCSHAPEREPRESENTATION(#24,'Body','MappedRepresentation',(#5256));
#5258=IFCOPENINGELEMENT('02urenyaf0Wu_$fhkCa_WO',$,'Opening',$,$,#5402,#5286,$,.OPENING.);
#5274=IFCCARTESIANPOINT((0.,0.,0.));
#5275=IFCDIRECTION((1.,0.,0.));
#5276=IFCDIRECTION((0.,0.,1.));
#5277=IFCAXIS2PLACEMENT3D(#5274,#5276,#5275);
#5278=IFCREPRESENTATIONMAP(#5277,#5392);
#5279=IFCCARTESIANPOINT((0.,0.,0.));
#5280=IFCDIRECTION((1.,0.,0.));
#5281=IFCDIRECTION((0.,1.,0.));
#5282=IFCDIRECTION((0.,0.,1.));
#5283=IFCCARTESIANTRANSFORMATIONOPERATOR3D(#5280,#5281,#5279,1.,#5282);
#5284=IFCMAPPEDITEM(#5278,#5283);
#5285=IFCSHAPEREPRESENTATION(#11,'Body','MappedRepresentation',(#5284));
#5286=IFCPRODUCTDEFINITIONSHAPE($,$,(#5285));
#5287=IFCRELVOIDSELEMENT('3csT6hVob4LA1JmF_d70m1',$,$,$,#899,#5258);
#5293=IFCRELFILLSELEMENT('2Nm0DNDZjBk9HNxHd7TCCF',$,$,$,#5258,#5233);
#5314=IFCCARTESIANPOINTLIST3D(((0.,0.,0.),(0.81287491321563721,0.,0.),(0.81287491321563721,0.,0.89999997615814209),(0.,0.,0.89999997615814209)));
#5315=IFCINDEXEDPOLYCURVE(#5314,(IFCLINEINDEX((1,2,3,4,1))),$);
#5316=IFCSHAPEREPRESENTATION(#18,'Profile','Curve3D',(#5315));
#5317=IFCCARTESIANPOINTLIST2D(((0.,0.),(0.81287491321563721,0.),(0.81287491321563721,0.89999997615814209),(0.,0.89999997615814209)));
#5318=IFCINDEXEDPOLYCURVE(#5317,(IFCLINEINDEX((1,2,3,4,1))),$);
#5319=IFCCARTESIANPOINTLIST2D(((0.02500000037252903,0.02500000037252903),(0.78787491284310818,0.02500000037252903),(0.78787491284310818,0.87499997578561306),(0.02500000037252903,0.87499997578561306)));
#5320=IFCINDEXEDPOLYCURVE(#5319,(IFCLINEINDEX((1,2,3,4,1))),$);
#5321=IFCARBITRARYPROFILEDEFWITHVOIDS(.AREA.,$,#5318,(#5320));
#5322=IFCCARTESIANPOINT((0.,0.090000001713633537,0.));
#5323=IFCDIRECTION((0.,-1.,0.));
#5324=IFCDIRECTION((1.,0.,0.));
#5325=IFCAXIS2PLACEMENT3D(#5322,#5323,#5324);
#5326=IFCDIRECTION((0.,0.,-1.));
#5327=IFCEXTRUDEDAREASOLID(#5321,#5325,#5326,0.0099999997764825821);
#5328=IFCCARTESIANPOINTLIST2D(((0.,0.),(0.81287491321563721,0.),(0.81287491321563721,0.89999997615814209),(0.,0.89999997615814209)));
#5329=IFCINDEXEDPOLYCURVE(#5328,(IFCLINEINDEX((1,2,3,4,1))),$);
#5330=IFCCARTESIANPOINTLIST2D(((0.05000000074505806,0.05000000074505806),(0.76287491247057915,0.05000000074505806),(0.76287491247057915,0.84999997541308403),(0.05000000074505806,0.84999997541308403)));
#5331=IFCINDEXEDPOLYCURVE(#5330,(IFCLINEINDEX((1,2,3,4,1))),$);
#5332=IFCARBITRARYPROFILEDEFWITHVOIDS(.AREA.,$,#5329,(#5331));
#5333=IFCCARTESIANPOINT((0.,0.05000000074505806,0.));
#5334=IFCDIRECTION((0.,-1.,0.));
#5335=IFCDIRECTION((1.,0.,0.));
#5336=IFCAXIS2PLACEMENT3D(#5333,#5334,#5335);
#5337=IFCDIRECTION((0.,0.,-1.));
#5338=IFCEXTRUDEDAREASOLID(#5332,#5336,#5337,0.040000000968575478);
#5339=IFCCARTESIANPOINTLIST2D(((0.,0.),(0.76287491247057915,0.),(0.76287491247057915,0.84999997541308403),(0.,0.84999997541308403)));
#5340=IFCINDEXEDPOLYCURVE(#5339,(IFCLINEINDEX((1,2,3,4,1))),$);
#5341=IFCCARTESIANPOINTLIST2D(((0.035000000149011612,0.035000000149011612),(0.72787491232156754,0.035000000149011612),(0.72787491232156754,0.81499997526407242),(0.035000000149011612,0.81499997526407242)));
#5342=IFCINDEXEDPOLYCURVE(#5341,(IFCLINEINDEX((1,2,3,4,1))),$);
#5343=IFCARBITRARYPROFILEDEFWITHVOIDS(.AREA.,$,#5340,(#5342));
#5344=IFCCARTESIANPOINT((0.02500000037252903,0.090000001713633537,0.02500000037252903));
#5345=IFCDIRECTION((0.,-1.,0.));
#5346=IFCDIRECTION((1.,0.,0.));
#5347=IFCAXIS2PLACEMENT3D(#5344,#5345,#5346);
#5348=IFCDIRECTION((0.,0.,-1.));
#5349=IFCEXTRUDEDAREASOLID(#5343,#5347,#5348,0.035000000149011612);
#5350=IFCINDEXEDPOLYCURVE(#5351,(IFCLINEINDEX((1,2,3,4,1))),$);
#5351=IFCCARTESIANPOINTLIST2D(((0.035000000149011612,0.035000000149011612),(0.72787491232156754,0.035000000149011612),(0.72787491232156754,0.81499997526407242),(0.035000000149011612,0.81499997526407242)));
#5352=IFCARBITRARYCLOSEDPROFILEDEF(.AREA.,$,#5350);
#5353=IFCCARTESIANPOINT((0.02500000037252903,0.10250000178813934,0.02500000037252903));
#5354=IFCDIRECTION((0.,-1.,0.));
#5355=IFCDIRECTION((1.,0.,0.));
#5356=IFCAXIS2PLACEMENT3D(#5353,#5354,#5355);
#5357=IFCDIRECTION((0.,0.,-1.));
#5358=IFCEXTRUDEDAREASOLID(#5352,#5356,#5357,0.01);
#5359=IFCSHAPEREPRESENTATION(#11,'Body','SweptSolid',(#5327,#5338,#5349,#5358));
#5360=IFCSHAPEREPRESENTATION(#11,'Body','SweptSolid',(#5327,#5338));
#5361=IFCSHAPEASPECT((#5360),'Lining',$,.T.,#5243);
#5362=IFCSHAPEREPRESENTATION(#11,'Body','SweptSolid',(#5349));
#5363=IFCSHAPEASPECT((#5362),'Framing',$,.T.,#5243);
#5364=IFCSHAPEREPRESENTATION(#11,'Body','SweptSolid',(#5358));
#5365=IFCSHAPEASPECT((#5364),'Glazing',$,.T.,#5243);
#5366=IFCCARTESIANPOINTLIST2D(((0.05000000074505806,0.05000000074505806),(0.76287491247057915,0.05000000074505806)));
#5367=IFCINDEXEDPOLYCURVE(#5366,$,$);
#5368=IFCCARTESIANPOINTLIST2D(((0.,0.10000000149011612),(0.02500000037252903,0.10000000149011612),(0.02500000037252903,0.090000001713633537),(0.05000000074505806,0.090000001713633537),(0.05000000074505806,0.05000000074505806),(0.,0.05000000074505806)));
#5369=IFCINDEXEDPOLYCURVE(#5368,(IFCLINEINDEX((1,2,3,4,5,6,1))),$);
#5370=IFCCARTESIANPOINTLIST2D(((0.81287491321563721,0.10000000149011612),(0.78787491284310818,0.10000000149011612),(0.78787491284310818,0.090000001713633537),(0.76287491247057915,0.090000001713633537),(0.76287491247057915,0.05000000074505806),(0.81287491321563721,0.05000000074505806)));
#5371=IFCINDEXEDPOLYCURVE(#5370,(IFCLINEINDEX((1,2,3,4,5,6,1))),$);
#5372=IFCCARTESIANPOINTLIST2D(((0.02500000037252903,0.090000001713633537),(0.060000000521540642,0.090000001713633537),(0.060000000521540642,0.12500000186264515),(0.02500000037252903,0.12500000186264515)));
#5373=IFCINDEXEDPOLYCURVE(#5372,(IFCLINEINDEX((1,2,3,4,1))),$);
#5374=IFCINDEXEDPOLYCURVE(#5375,(IFCLINEINDEX((1,2,3,4,1))),$);
#5375=IFCCARTESIANPOINTLIST2D(((0.78787491284310818,0.090000001713633537),(0.75287491269409657,0.090000001713633537),(0.75287491269409657,0.12500000186264515),(0.78787491284310818,0.12500000186264515)));
#5376=IFCCARTESIANPOINTLIST2D(((0.060000000521540642,0.090000001713633537),(0.75287491269409657,0.090000001713633537)));
#5377=IFCINDEXEDPOLYCURVE(#5376,$,$);
#5378=IFCINDEXEDPOLYCURVE(#5379,$,$);
#5379=IFCCARTESIANPOINTLIST2D(((0.060000000521540642,0.12500000186264515),(0.75287491269409657,0.12500000186264515)));
#5380=IFCINDEXEDPOLYCURVE(#5381,$,$);
#5381=IFCCARTESIANPOINTLIST2D(((0.060000000521540642,0.10750000178813934),(0.75287491269409657,0.10750000178813934)));
#5382=IFCSHAPEREPRESENTATION(#24,'Body','Curve2D',(#5367,#5369,#5371,#5373,#5374,#5377,#5378,#5380));
#5383=IFCCARTESIANPOINTLIST2D(((0.,0.),(0.81287491321563721,0.),(0.81287491321563721,0.89999997615814209),(0.,0.89999997615814209)));
#5384=IFCINDEXEDPOLYCURVE(#5383,(IFCLINEINDEX((1,2,3,4,1))),$);
#5385=IFCARBITRARYCLOSEDPROFILEDEF(.AREA.,$,#5384);
#5386=IFCCARTESIANPOINT((0.,-0.60000002384185791,0.));
#5387=IFCDIRECTION((0.,-1.,0.));
#5388=IFCDIRECTION((1.,0.,0.));
#5389=IFCAXIS2PLACEMENT3D(#5386,#5387,#5388);
#5390=IFCDIRECTION((0.,0.,-1.));
#5391=IFCEXTRUDEDAREASOLID(#5385,#5389,#5390,1.2);
#5392=IFCSHAPEREPRESENTATION(#11,'Body','SweptSolid',(#5391));
#5398=IFCCARTESIANPOINT((3.0251192565666036,7.2528422956352756E-07,1.));
#5399=IFCDIRECTION((0.,0.,1.));
#5400=IFCDIRECTION((0.99999999999999289,1.1920928244535129E-07,0.));
#5401=IFCAXIS2PLACEMENT3D(#5398,#5399,#5400);
#5402=IFCLOCALPLACEMENT(#1084,#5401);
#5403=IFCCARTESIANPOINT((0.,4.4408920985006262E-16,0.));
#5404=IFCDIRECTION((0.,0.,1.));
#5405=IFCDIRECTION((1.,0.,0.));
#5406=IFCAXIS2PLACEMENT3D(#5403,#5404,#5405);
#5407=IFCLOCALPLACEMENT(#5402,#5406);
#5408=IFCWINDOWTYPE('2v0OJwg7178xBAZXKoZnsJ',$,'Maids-GF',$,$,(#5409),(#5411,#5419,#5467),$,$,.WINDOW.,.SINGLE_PANEL.,$,$);
#5409=IFCPROPERTYSET('3YUdDdtuzBqxJUoeaQTsCA',$,'BBIM_Window',$,(#5410));
#5410=IFCPROPERTYSINGLEVALUE('Data',$,IFCTEXT('{"window_type": "SINGLE_PANEL", "overall_height": 0.8999999761581421, "overall_width": 0.8128748536109924, "lining_properties": {"lining_depth": 0.05000000074505806, "lining_thickness": 0.05000000074505806, "lining_offset": 0.05000000074505806, "lining_to_panel_offset_x": 0.02500000037252903, "lining_to_panel_offset_y": 0.02500000037252903}, "panel_properties": {"frame_depth": [0.03500000014901161, 0.03500000014901161, 0.03500000014901161], "frame_thickness": [0.03500000014901161, 0.03500000014901161, 0.03500000014901161]}}'),$);
#5411=IFCREPRESENTATIONMAP(#5412,#5572);
#5412=IFCAXIS2PLACEMENT3D(#5413,#5414,#5415);
#5413=IFCCARTESIANPOINT((0.,0.,0.));
#5414=IFCDIRECTION((0.,0.,1.));
#5415=IFCDIRECTION((1.,0.,0.));
#5419=IFCREPRESENTATIONMAP(#5420,#5615);
#5420=IFCAXIS2PLACEMENT3D(#5421,#5422,#5423);
#5421=IFCCARTESIANPOINT((0.,0.,0.));
#5422=IFCDIRECTION((0.,0.,1.));
#5423=IFCDIRECTION((1.,0.,0.));
#5467=IFCREPRESENTATIONMAP(#5468,#5638);
#5468=IFCAXIS2PLACEMENT3D(#5469,#5470,#5471);
#5469=IFCCARTESIANPOINT((0.,0.,0.));
#5470=IFCDIRECTION((0.,0.,1.));
#5471=IFCDIRECTION((1.,0.,0.));
#5489=IFCWINDOW('1YlBpSLOrCrRVseA5oVuDl',$,'Window',$,$,#5807,#5499,$,0.89999997615814209,0.81287485361099243,$,.SINGLE_PANEL.,$);
#5491=IFCRELDEFINESBYTYPE('2lwQYSpV5CiQ2asHg0zbJ0',$,$,$,(#5489),#5408);
#5492=IFCCARTESIANPOINT((0.,0.,0.));
#5493=IFCDIRECTION((1.,0.,0.));
#5494=IFCDIRECTION((0.,1.,0.));
#5495=IFCDIRECTION((0.,0.,1.));
#5496=IFCCARTESIANTRANSFORMATIONOPERATOR3D(#5493,#5494,#5492,1.,#5495);
#5497=IFCMAPPEDITEM(#5411,#5496);
#5498=IFCSHAPEREPRESENTATION(#18,'Profile','MappedRepresentation',(#5497));
#5499=IFCPRODUCTDEFINITIONSHAPE($,$,(#5498,#5506,#5513));
#5500=IFCCARTESIANPOINT((0.,0.,0.));
#5501=IFCDIRECTION((1.,0.,0.));
#5502=IFCDIRECTION((0.,1.,0.));
#5503=IFCDIRECTION((0.,0.,1.));
#5504=IFCCARTESIANTRANSFORMATIONOPERATOR3D(#5501,#5502,#5500,1.,#5503);
#5505=IFCMAPPEDITEM(#5419,#5504);
#5506=IFCSHAPEREPRESENTATION(#11,'Body','MappedRepresentation',(#5505));
#5507=IFCCARTESIANPOINT((0.,0.,0.));
#5508=IFCDIRECTION((1.,0.,0.));
#5509=IFCDIRECTION((0.,1.,0.));
#5510=IFCDIRECTION((0.,0.,1.));
#5511=IFCCARTESIANTRANSFORMATIONOPERATOR3D(#5508,#5509,#5507,1.,#5510);
#5512=IFCMAPPEDITEM(#5467,#5511);
#5513=IFCSHAPEREPRESENTATION(#24,'Body','MappedRepresentation',(#5512));
#5514=IFCOPENINGELEMENT('2ok99HMtP8XB63qlbENtwh',$,'Opening',$,$,#5688,#5542,$,.OPENING.);
#5530=IFCCARTESIANPOINT((0.,0.,0.));
#5531=IFCDIRECTION((1.,0.,0.));
#5532=IFCDIRECTION((0.,0.,1.));
#5533=IFCAXIS2PLACEMENT3D(#5530,#5532,#5531);
#5534=IFCREPRESENTATIONMAP(#5533,#5648);
#5535=IFCCARTESIANPOINT((0.,0.,0.));
#5536=IFCDIRECTION((1.,0.,0.));
#5537=IFCDIRECTION((0.,1.,0.));
#5538=IFCDIRECTION((0.,0.,1.));
#5539=IFCCARTESIANTRANSFORMATIONOPERATOR3D(#5536,#5537,#5535,1.,#5538);
#5540=IFCMAPPEDITEM(#5534,#5539);
#5541=IFCSHAPEREPRESENTATION(#11,'Body','MappedRepresentation',(#5540));
#5542=IFCPRODUCTDEFINITIONSHAPE($,$,(#5541));
#5543=IFCRELVOIDSELEMENT('2SDUGYGebEhPwWfU9128Xd',$,$,$,#874,#5514);
#5549=IFCRELFILLSELEMENT('0GfCaDtPH1_wJahtGYkI1H',$,$,$,#5514,#5489);
#5570=IFCCARTESIANPOINTLIST3D(((0.,0.,0.),(0.81287485361099243,0.,0.),(0.81287485361099243,0.,0.89999997615814209),(0.,0.,0.89999997615814209)));
#5571=IFCINDEXEDPOLYCURVE(#5570,(IFCLINEINDEX((1,2,3,4,1))),$);
#5572=IFCSHAPEREPRESENTATION(#18,'Profile','Curve3D',(#5571));
#5573=IFCCARTESIANPOINTLIST2D(((0.,0.),(0.81287485361099243,0.),(0.81287485361099243,0.89999997615814209),(0.,0.89999997615814209)));
#5574=IFCINDEXEDPOLYCURVE(#5573,(IFCLINEINDEX((1,2,3,4,1))),$);
#5575=IFCCARTESIANPOINTLIST2D(((0.02500000037252903,0.02500000037252903),(0.7878748532384634,0.02500000037252903),(0.7878748532384634,0.87499997578561306),(0.02500000037252903,0.87499997578561306)));
#5576=IFCINDEXEDPOLYCURVE(#5575,(IFCLINEINDEX((1,2,3,4,1))),$);
#5577=IFCARBITRARYPROFILEDEFWITHVOIDS(.AREA.,$,#5574,(#5576));
#5578=IFCCARTESIANPOINT((0.,0.090000001713633537,0.));
#5579=IFCDIRECTION((0.,-1.,0.));
#5580=IFCDIRECTION((1.,0.,0.));
#5581=IFCAXIS2PLACEMENT3D(#5578,#5579,#5580);
#5582=IFCDIRECTION((0.,0.,-1.));
#5583=IFCEXTRUDEDAREASOLID(#5577,#5581,#5582,0.0099999997764825821);
#5584=IFCCARTESIANPOINTLIST2D(((0.,0.),(0.81287485361099243,0.),(0.81287485361099243,0.89999997615814209),(0.,0.89999997615814209)));
#5585=IFCINDEXEDPOLYCURVE(#5584,(IFCLINEINDEX((1,2,3,4,1))),$);
#5586=IFCCARTESIANPOINTLIST2D(((0.05000000074505806,0.05000000074505806),(0.76287485286593437,0.05000000074505806),(0.76287485286593437,0.84999997541308403),(0.05000000074505806,0.84999997541308403)));
#5587=IFCINDEXEDPOLYCURVE(#5586,(IFCLINEINDEX((1,2,3,4,1))),$);
#5588=IFCARBITRARYPROFILEDEFWITHVOIDS(.AREA.,$,#5585,(#5587));
#5589=IFCCARTESIANPOINT((0.,0.05000000074505806,0.));
#5590=IFCDIRECTION((0.,-1.,0.));
#5591=IFCDIRECTION((1.,0.,0.));
#5592=IFCAXIS2PLACEMENT3D(#5589,#5590,#5591);
#5593=IFCDIRECTION((0.,0.,-1.));
#5594=IFCEXTRUDEDAREASOLID(#5588,#5592,#5593,0.040000000968575478);
#5595=IFCCARTESIANPOINTLIST2D(((0.,0.),(0.76287485286593437,0.),(0.76287485286593437,0.84999997541308403),(0.,0.84999997541308403)));
#5596=IFCINDEXEDPOLYCURVE(#5595,(IFCLINEINDEX((1,2,3,4,1))),$);
#5597=IFCCARTESIANPOINTLIST2D(((0.035000000149011612,0.035000000149011612),(0.72787485271692276,0.035000000149011612),(0.72787485271692276,0.81499997526407242),(0.035000000149011612,0.81499997526407242)));
#5598=IFCINDEXEDPOLYCURVE(#5597,(IFCLINEINDEX((1,2,3,4,1))),$);
#5599=IFCARBITRARYPROFILEDEFWITHVOIDS(.AREA.,$,#5596,(#5598));
#5600=IFCCARTESIANPOINT((0.02500000037252903,0.090000001713633537,0.02500000037252903));
#5601=IFCDIRECTION((0.,-1.,0.));
#5602=IFCDIRECTION((1.,0.,0.));
#5603=IFCAXIS2PLACEMENT3D(#5600,#5601,#5602);
#5604=IFCDIRECTION((0.,0.,-1.));
#5605=IFCEXTRUDEDAREASOLID(#5599,#5603,#5604,0.035000000149011612);
#5606=IFCINDEXEDPOLYCURVE(#5607,(IFCLINEINDEX((1,2,3,4,1))),$);
#5607=IFCCARTESIANPOINTLIST2D(((0.035000000149011612,0.035000000149011612),(0.72787485271692276,0.035000000149011612),(0.72787485271692276,0.81499997526407242),(0.035000000149011612,0.81499997526407242)));
#5608=IFCARBITRARYCLOSEDPROFILEDEF(.AREA.,$,#5606);
#5609=IFCCARTESIANPOINT((0.02500000037252903,0.10250000178813934,0.02500000037252903));
#5610=IFCDIRECTION((0.,-1.,0.));
#5611=IFCDIRECTION((1.,0.,0.));
#5612=IFCAXIS2PLACEMENT3D(#5609,#5610,#5611);
#5613=IFCDIRECTION((0.,0.,-1.));
#5614=IFCEXTRUDEDAREASOLID(#5608,#5612,#5613,0.01);
#5615=IFCSHAPEREPRESENTATION(#11,'Body','SweptSolid',(#5583,#5594,#5605,#5614));
#5616=IFCSHAPEREPRESENTATION(#11,'Body','SweptSolid',(#5583,#5594));
#5617=IFCSHAPEASPECT((#5616),'Lining',$,.T.,#5499);
#5618=IFCSHAPEREPRESENTATION(#11,'Body','SweptSolid',(#5605));
#5619=IFCSHAPEASPECT((#5618),'Framing',$,.T.,#5499);
#5620=IFCSHAPEREPRESENTATION(#11,'Body','SweptSolid',(#5614));
#5621=IFCSHAPEASPECT((#5620),'Glazing',$,.T.,#5499);
#5622=IFCCARTESIANPOINTLIST2D(((0.05000000074505806,0.05000000074505806),(0.76287485286593437,0.05000000074505806)));
#5623=IFCINDEXEDPOLYCURVE(#5622,$,$);
#5624=IFCCARTESIANPOINTLIST2D(((0.,0.10000000149011612),(0.02500000037252903,0.10000000149011612),(0.02500000037252903,0.090000001713633537),(0.05000000074505806,0.090000001713633537),(0.05000000074505806,0.05000000074505806),(0.,0.05000000074505806)));
#5625=IFCINDEXEDPOLYCURVE(#5624,(IFCLINEINDEX((1,2,3,4,5,6,1))),$);
#5626=IFCCARTESIANPOINTLIST2D(((0.81287485361099243,0.10000000149011612),(0.7878748532384634,0.10000000149011612),(0.7878748532384634,0.090000001713633537),(0.76287485286593437,0.090000001713633537),(0.76287485286593437,0.05000000074505806),(0.81287485361099243,0.05000000074505806)));
#5627=IFCINDEXEDPOLYCURVE(#5626,(IFCLINEINDEX((1,2,3,4,5,6,1))),$);
#5628=IFCCARTESIANPOINTLIST2D(((0.02500000037252903,0.090000001713633537),(0.060000000521540642,0.090000001713633537),(0.060000000521540642,0.12500000186264515),(0.02500000037252903,0.12500000186264515)));
#5629=IFCINDEXEDPOLYCURVE(#5628,(IFCLINEINDEX((1,2,3,4,1))),$);
#5630=IFCINDEXEDPOLYCURVE(#5631,(IFCLINEINDEX((1,2,3,4,1))),$);
#5631=IFCCARTESIANPOINTLIST2D(((0.7878748532384634,0.090000001713633537),(0.75287485308945179,0.090000001713633537),(0.75287485308945179,0.12500000186264515),(0.7878748532384634,0.12500000186264515)));
#5632=IFCCARTESIANPOINTLIST2D(((0.060000000521540642,0.090000001713633537),(0.75287485308945179,0.090000001713633537)));
#5633=IFCINDEXEDPOLYCURVE(#5632,$,$);
#5634=IFCINDEXEDPOLYCURVE(#5635,$,$);
#5635=IFCCARTESIANPOINTLIST2D(((0.060000000521540642,0.12500000186264515),(0.75287485308945179,0.12500000186264515)));
#5636=IFCINDEXEDPOLYCURVE(#5637,$,$);
#5637=IFCCARTESIANPOINTLIST2D(((0.060000000521540642,0.10750000178813934),(0.75287485308945179,0.10750000178813934)));
#5638=IFCSHAPEREPRESENTATION(#24,'Body','Curve2D',(#5623,#5625,#5627,#5629,#5630,#5633,#5634,#5636));
#5639=IFCCARTESIANPOINTLIST2D(((0.,0.),(0.81287485361099243,0.),(0.81287485361099243,0.89999997615814209),(0.,0.89999997615814209)));
#5640=IFCINDEXEDPOLYCURVE(#5639,(IFCLINEINDEX((1,2,3,4,1))),$);
#5641=IFCARBITRARYCLOSEDPROFILEDEF(.AREA.,$,#5640);
#5642=IFCCARTESIANPOINT((0.,-0.60000002384185791,0.));
#5643=IFCDIRECTION((0.,-1.,0.));
#5644=IFCDIRECTION((1.,0.,0.));
#5645=IFCAXIS2PLACEMENT3D(#5642,#5643,#5644);
#5646=IFCDIRECTION((0.,0.,-1.));
#5647=IFCEXTRUDEDAREASOLID(#5641,#5645,#5646,1.2);
#5648=IFCSHAPEREPRESENTATION(#11,'Body','SweptSolid',(#5647));
#5684=IFCCARTESIANPOINT((0.77066123485577909,-1.7673060170864119E-07,1.));
#5685=IFCDIRECTION((0.,0.,1.));
#5686=IFCDIRECTION((0.99999999999988631,-4.7683715820291007E-07,0.));
#5687=IFCAXIS2PLACEMENT3D(#5684,#5685,#5686);
#5688=IFCLOCALPLACEMENT(#885,#5687);
#5694=IFCCARTESIANPOINT((0.,0.,3.));
#5695=IFCDIRECTION((0.,0.,1.));
#5696=IFCDIRECTION((1.,0.,0.));
#5697=IFCAXIS2PLACEMENT3D(#5694,#5695,#5696);
#5698=IFCLOCALPLACEMENT(#56,#5697);
#5700=IFCRELCONTAINEDINSPATIALSTRUCTURE('2i2cyCvuX9mOnu5R$mjkdO',$,$,$,(#6020,#11672,#5945,#13708,#10699,#5870,#11720,#8522,#6856,#6539,#6968,#6673,#5819,#5995,#5920,#11187,#10225,#9710,#7828,#5845,#11902,#11816,#7218,#13669,#6516,#6045,#9232,#8147,#11699,#5970,#5895,#8941,#8617,#7499),#92);
#5722=IFCROOFTYPE('1YG6GhX0X8heFQnFber_ex',$,'Unnamed',$,$,(#5723),(#5752,#5780),$,$,.HIP_ROOF.);
#5723=IFCPROPERTYSET('19QTvzLWDB4uWRLUz$$KFu',$,'BBIM_Roof',$,(#5724));
#5724=IFCPROPERTYSINGLEVALUE('Data',$,IFCTEXT('{"roof_type": "HIP/GABLE ROOF", "generation_method": "ANGLE", "roof_thickness": 0.10000000149011612, "rafter_edge_angle": 1.5707963705062866, "angle": 0.1745329201221466, "percentage": 17.63269805908203, "path_data": {"edges": [[0, 1], [1, 2], [2, 3], [3, 0]], "verts": [[-5.0, -5.0, 0.0], [-5.0, 5.0, 0.0], [5.0, 5.0, 0.0], [5.0, -5.0, 0.0]]}}'),$);
#5748=IFCCARTESIANPOINT((0.,0.,0.));
#5749=IFCDIRECTION((1.,0.,0.));
#5750=IFCDIRECTION((0.,0.,1.));
#5751=IFCAXIS2PLACEMENT3D(#5748,#5750,#5749);
#5752=IFCREPRESENTATIONMAP(#5751,#5771);
#5753=IFCINDEXEDPOLYGONALFACE((3,1,2));
#5754=IFCINDEXEDPOLYGONALFACE((2,4,3));
#5755=IFCINDEXEDPOLYGONALFACE((1,3,5));
#5756=IFCINDEXEDPOLYGONALFACE((4,5,3));
#5757=IFCINDEXEDPOLYGONALFACE((6,7,8));
#5758=IFCINDEXEDPOLYGONALFACE((8,2,1));
#5759=IFCINDEXEDPOLYGONALFACE((8,1,6));
#5760=IFCINDEXEDPOLYGONALFACE((8,7,9));
#5761=IFCINDEXEDPOLYGONALFACE((2,8,9));
#5762=IFCINDEXEDPOLYGONALFACE((2,9,4));
#5763=IFCINDEXEDPOLYGONALFACE((10,7,6));
#5764=IFCINDEXEDPOLYGONALFACE((6,1,5));
#5765=IFCINDEXEDPOLYGONALFACE((6,5,10));
#5766=IFCINDEXEDPOLYGONALFACE((9,7,10));
#5767=IFCINDEXEDPOLYGONALFACE((4,9,10));
#5768=IFCINDEXEDPOLYGONALFACE((4,10,5));
#5769=IFCCARTESIANPOINTLIST3D(((-5.,-5.,0.),(5.,-5.,0.),(0.,0.,0.88163489103317261),(5.,5.,0.),(-5.,5.,0.),(-5.,-5.,-0.10154265910387039),(0.,0.,0.78009223937988281),(5.,-5.,-0.10154265910387039),(5.,5.,-0.10154265910387039),(-5.,5.,-0.10154265910387039)));
#5770=IFCPOLYGONALFACESET(#5769,.T.,(#5753,#5754,#5755,#5756,#5757,#5758,#5759,#5760,#5761,#5762,#5763,#5764,#5765,#5766,#5767,#5768),$);
#5771=IFCSHAPEREPRESENTATION(#11,'Body','Tessellation',(#5770));
#5773=IFCCARTESIANPOINT((-5.,-5.,-0.10154265910387039));
#5774=IFCBOUNDINGBOX(#5773,10.,10.,0.9831775426864624);
#5775=IFCSHAPEREPRESENTATION(#13,'Box','BoundingBox',(#5774));
#5776=IFCCARTESIANPOINT((0.,0.,0.));
#5777=IFCDIRECTION((1.,0.,0.));
#5778=IFCDIRECTION((0.,0.,1.));
#5779=IFCAXIS2PLACEMENT3D(#5776,#5778,#5777);
#5780=IFCREPRESENTATIONMAP(#5779,#5775);
#5803=IFCCARTESIANPOINT((4.3368086899420177E-19,8.8817841970012523E-16,0.));
#5804=IFCDIRECTION((0.,0.,1.));
#5805=IFCDIRECTION((1.,2.1175823681357508E-22,0.));
#5806=IFCAXIS2PLACEMENT3D(#5803,#5804,#5805);
#5807=IFCLOCALPLACEMENT(#5688,#5806);
#5813=IFCWALLTYPE('2bA45j7fX48Rp8TRVwMZkn',$,'Wall-2F',$,$,(#5814),$,$,$,.SOLIDWALL.);
#5814=IFCPROPERTYSET('0gtOLucSL5CPqVKf9BHUBR',$,'EPset_Parametric',$,(#5815));
#5815=IFCPROPERTYSINGLEVALUE('LayerSetDirection',$,IFCLABEL('AXIS2'),$);
#5816=IFCRELASSOCIATESMATERIAL('2aR_nDSjDAhQmh_TodyvmX',$,$,$,(#5813),#5817);
#5817=IFCMATERIALLAYERSET((#5818),$,$);
#5818=IFCMATERIALLAYER(#110,0.10000000000000001,$,$,$,$,$);
#5819=IFCWALL('3Phe_pJuH43fKKeNJ0OzM5',$,'Wall',$,$,#6515,#5826,$,$);
#5820=IFCRELDEFINESBYTYPE('1seiJm4Sn57RfvJV57sljA',$,$,$,(#5920,#7218,#5870,#6856,#6539,#6968,#6020,#5845,#5970,#6673,#5895,#5819,#6045,#5945,#5995),#5813);
#5821=IFCMATERIALLAYERSETUSAGE(#5817,.AXIS2.,.POSITIVE.,0.,$);
#5822=IFCRELASSOCIATESMATERIAL('2emCxr9K13kAVgraRXUzW4',$,$,$,(#5819),#5821);
#5826=IFCPRODUCTDEFINITIONSHAPE($,$,(#6510,#6507));
#5842=IFCPROPERTYSET('3Teapnfnn8URb0zppxEylw',$,'EPset_Parametric',$,(#5844));
#5843=IFCRELDEFINESBYPROPERTIES('3OO6gnkFL9TvmwV6uU4YMY',$,$,$,(#5819),#5842);
#5844=IFCPROPERTYSINGLEVALUE('Engine',$,IFCLABEL('Bonsai.DumbLayer2'),$);
#5845=IFCWALL('3JKhgARGjCTO7wHmeT3LF$',$,'Wall.012',$,$,#6218,#5851,$,$);
#5846=IFCMATERIALLAYERSETUSAGE(#5817,.AXIS2.,.POSITIVE.,0.,$);
#5847=IFCRELASSOCIATESMATERIAL('0LRjKve9fFTO8Pp6LSOYvJ',$,$,$,(#5845),#5846);
#5851=IFCPRODUCTDEFINITIONSHAPE($,$,(#6258,#6255));
#5867=IFCPROPERTYSET('01OJVao550Xu37mSrSBrod',$,'EPset_Parametric',$,(#5869));
#5868=IFCRELDEFINESBYPROPERTIES('0nnLTR$6vCxQKaNigL0ovJ',$,$,$,(#5845),#5867);
#5869=IFCPROPERTYSINGLEVALUE('Engine',$,IFCLABEL('Bonsai.DumbLayer2'),$);
#5870=IFCWALL('1NOzFuDQr3QOVxPDPG5i_G',$,'Wall',$,$,#5881,#5876,$,$);
#5871=IFCMATERIALLAYERSETUSAGE(#5817,.AXIS2.,.POSITIVE.,0.,$);
#5872=IFCRELASSOCIATESMATERIAL('1btxJmoYXEp8mTZ8Qzwn_r',$,$,$,(#5870),#5871);
#5876=IFCPRODUCTDEFINITIONSHAPE($,$,(#6290,#6287));
#5877=IFCCARTESIANPOINT((0.21835000813007355,5.5299696922302246,0.));
#5878=IFCDIRECTION((0.,0.,1.));
#5879=IFCDIRECTION((-0.99999999999992428,3.8941436741876494E-07,0.));
#5880=IFCAXIS2PLACEMENT3D(#5877,#5878,#5879);
#5881=IFCLOCALPLACEMENT(#5698,#5880);
#5892=IFCPROPERTYSET('0EyoFwiJn7dAFWIdQNx1nj',$,'EPset_Parametric',$,(#5894));
#5893=IFCRELDEFINESBYPROPERTIES('0XUIFXC7PENws7Syag8s7c',$,$,$,(#5870),#5892);
#5894=IFCPROPERTYSINGLEVALUE('Engine',$,IFCLABEL('Bonsai.DumbLayer2'),$);
#5895=IFCWALL('06edC3Cp55aQi9WjM3qwke',$,'Wall',$,$,#6277,#5901,$,$);
#5896=IFCMATERIALLAYERSETUSAGE(#5817,.AXIS2.,.POSITIVE.,0.,$);
#5897=IFCRELASSOCIATESMATERIAL('3C_1$S83L5lfNrd59cjGqW',$,$,$,(#5895),#5896);
#5901=IFCPRODUCTDEFINITIONSHAPE($,$,(#7152,#7149));
#5917=IFCPROPERTYSET('3Dt1TD0xz1LfdLKm9_N$Wn',$,'EPset_Parametric',$,(#5919));
#5918=IFCRELDEFINESBYPROPERTIES('1fGL$Uv5n3m8W8k8a_Zo3Z',$,$,$,(#5895),#5917);
#5919=IFCPROPERTYSINGLEVALUE('Engine',$,IFCLABEL('Bonsai.DumbLayer2'),$);
#5920=IFCWALL('01lSL71brBO9Ka0x5c75_q',$,'Wall',$,$,#6309,#5926,$,$);
#5921=IFCMATERIALLAYERSETUSAGE(#5817,.AXIS2.,.POSITIVE.,0.,$);
#5922=IFCRELASSOCIATESMATERIAL('0cdrD9w$n3Th1r4MzFQMdA',$,$,$,(#5920),#5921);
#5926=IFCPRODUCTDEFINITIONSHAPE($,$,(#7204,#7201));
#5942=IFCPROPERTYSET('3CCmJJe$51Be$bNiAIIbuV',$,'EPset_Parametric',$,(#5944));
#5943=IFCRELDEFINESBYPROPERTIES('3mRgJ1KaT6a83JgVkGijY7',$,$,$,(#5920),#5942);
#5944=IFCPROPERTYSINGLEVALUE('Engine',$,IFCLABEL('Bonsai.DumbLayer2'),$);
#5945=IFCWALL('1YoCFxm4b5yQO1Xl3HkMPW',$,'Wall',$,$,#6341,#5951,$,$);
#5946=IFCMATERIALLAYERSETUSAGE(#5817,.AXIS2.,.POSITIVE.,0.,$);
#5947=IFCRELASSOCIATESMATERIAL('1TWXMuG8H2yhcvC1LNk5GK',$,$,$,(#5945),#5946);
#5951=IFCPRODUCTDEFINITIONSHAPE($,$,(#7165,#7162));
#5967=IFCPROPERTYSET('09DiZxpwLBOeVbDdpC28ne',$,'EPset_Parametric',$,(#5969));
#5968=IFCRELDEFINESBYPROPERTIES('2swXQpz4fEFAcdB3z6Z_$X',$,$,$,(#5945),#5967);
#5969=IFCPROPERTYSINGLEVALUE('Engine',$,IFCLABEL('Bonsai.DumbLayer2'),$);
#5970=IFCWALL('2vx6rwA3942hF$PPMWI3xS',$,'Wall',$,$,#5981,#5976,$,$);
#5971=IFCMATERIALLAYERSETUSAGE(#5817,.AXIS2.,.POSITIVE.,0.,$);
#5972=IFCRELASSOCIATESMATERIAL('0QOGQovwHFyQXhhN0Gux5d',$,$,$,(#5970),#5971);
#5976=IFCPRODUCTDEFINITIONSHAPE($,$,(#6413,#6410));
#5977=IFCCARTESIANPOINT((0.26202425360679626,-2.21343994140625,0.));
#5978=IFCDIRECTION((0.,0.,1.));
#5979=IFCDIRECTION((0.99999999999997158,2.3841857910155572E-07,0.));
#5980=IFCAXIS2PLACEMENT3D(#5977,#5978,#5979);
#5981=IFCLOCALPLACEMENT(#5698,#5980);
#5992=IFCPROPERTYSET('2lCKTNz8v6VxE8B_2okZFq',$,'EPset_Parametric',$,(#5994));
#5993=IFCRELDEFINESBYPROPERTIES('2Nb3Sad757z9_7thPSS5m8',$,$,$,(#5970),#5992);
#5994=IFCPROPERTYSINGLEVALUE('Engine',$,IFCLABEL('Bonsai.DumbLayer2'),$);
#5995=IFCWALL('0iRnZLBvL5WPq6xMMKLlFC',$,'Wall',$,$,#6400,#6001,$,$);
#5996=IFCMATERIALLAYERSETUSAGE(#5817,.AXIS2.,.POSITIVE.,0.,$);
#5997=IFCRELASSOCIATESMATERIAL('1yTvxObW110fpwoZ9nxmt_',$,$,$,(#5995),#5996);
#6001=IFCPRODUCTDEFINITIONSHAPE($,$,(#6445,#6442));
#6017=IFCPROPERTYSET('16HFCXSVj0ve1wHAX5NhWP',$,'EPset_Parametric',$,(#6019));
#6018=IFCRELDEFINESBYPROPERTIES('2uSmsbHsr1iOMzDaH0l9AL',$,$,$,(#5995),#6017);
#6019=IFCPROPERTYSINGLEVALUE('Engine',$,IFCLABEL('Bonsai.DumbLayer2'),$);
#6020=IFCWALL('1AD41oSKr6WAamPt_wY7aS',$,'Wall',$,$,#6432,#6026,$,$);
#6021=IFCMATERIALLAYERSETUSAGE(#5817,.AXIS2.,.POSITIVE.,0.,$);
#6022=IFCRELASSOCIATESMATERIAL('0wg_Txmxf3Xe4RoAAam$mZ',$,$,$,(#6020),#6021);
#6026=IFCPRODUCTDEFINITIONSHAPE($,$,(#6477,#6474));
#6042=IFCPROPERTYSET('23DfI8kv53_PoWCHRtkgg1',$,'EPset_Parametric',$,(#6044));
#6043=IFCRELDEFINESBYPROPERTIES('35QpWvBWXAFgspBWIUWHWS',$,$,$,(#6020),#6042);
#6044=IFCPROPERTYSINGLEVALUE('Engine',$,IFCLABEL('Bonsai.DumbLayer2'),$);
#6045=IFCWALL('28LkIzZWv1x9dNGGraMzAh',$,'Wall',$,$,#6464,#6051,$,$);
#6046=IFCMATERIALLAYERSETUSAGE(#5817,.AXIS2.,.POSITIVE.,0.,$);
#6047=IFCRELASSOCIATESMATERIAL('0YIBsst71499f1DmRBsZnM',$,$,$,(#6045),#6046);
#6051=IFCPRODUCTDEFINITIONSHAPE($,$,(#13804,#13801));
#6067=IFCPROPERTYSET('1uR_ENbmfCJ8zsiqkFv4Xn',$,'EPset_Parametric',$,(#6069));
#6068=IFCRELDEFINESBYPROPERTIES('1TaHQAEM91i8AmAXIEsOv6',$,$,$,(#6045),#6067);
#6069=IFCPROPERTYSINGLEVALUE('Engine',$,IFCLABEL('Bonsai.DumbLayer2'),$);
#6200=IFCRELCONNECTSPATHELEMENTS('0C$XONT8b8vQCKm4agS6ig',$,$,$,$,#5845,#5819,(),(),.ATEND.,.ATSTART.);
#6214=IFCCARTESIANPOINT((0.2183499336242411,6.5099700618690663,0.));
#6215=IFCDIRECTION((0.,0.,1.));
#6216=IFCDIRECTION((7.5497901264043123E-08,-0.99999999999999722,0.));
#6217=IFCAXIS2PLACEMENT3D(#6214,#6215,#6216);
#6218=IFCLOCALPLACEMENT(#5698,#6217);
#6232=IFCRELCONNECTSPATHELEMENTS('3nTNWJ9$j5Mvz9yCWHaUpO',$,$,$,$,#5870,#5845,(),(),.ATEND.,.ATSTART.);
#6246=IFCCARTESIANPOINTLIST2D(((0.,0.),(0.10000001629206913,0.10000000000000001),(1.0800004161300807,0.10000000000000001),(0.98000036963884307,0.)));
#6247=IFCINDEXEDPOLYCURVE(#6246,(IFCLINEINDEX((1,2,3,4,1))),$);
#6248=IFCARBITRARYCLOSEDPROFILEDEF(.AREA.,$,#6247);
#6249=IFCCARTESIANPOINT((0.,0.,0.));
#6250=IFCDIRECTION((0.,0.,1.));
#6251=IFCDIRECTION((1.,0.,0.));
#6252=IFCAXIS2PLACEMENT3D(#6249,#6250,#6251);
#6253=IFCDIRECTION((0.,0.,1.));
#6254=IFCEXTRUDEDAREASOLID(#6248,#6252,#6253,3.);
#6255=IFCSHAPEREPRESENTATION(#11,'Body','SweptSolid',(#6254));
#6256=IFCCARTESIANPOINTLIST2D(((0.,0.),(0.98000036963884307,0.)));
#6257=IFCINDEXEDPOLYCURVE(#6256,$,$);
#6258=IFCSHAPEREPRESENTATION(#23,'Axis','Curve2D',(#6257));
#6259=IFCRELCONNECTSPATHELEMENTS('2nDYQ149T6QhZjBgvdlizG',$,$,$,$,#5895,#5870,(),(),.ATEND.,.ATSTART.);
#6273=IFCCARTESIANPOINT((-3.2916500568390563,5.52997105907468,0.));
#6274=IFCDIRECTION((0.,0.,1.));
#6275=IFCDIRECTION((7.5497901264043123E-08,-0.99999999999999722,0.));
#6276=IFCAXIS2PLACEMENT3D(#6273,#6274,#6275);
#6277=IFCLOCALPLACEMENT(#5698,#6276);
#6278=IFCCARTESIANPOINTLIST2D(((0.,0.),(-0.10000004649123768,0.10000000000000001),(3.4100000179602965,0.10000000000000001),(3.5100000644515341,0.)));
#6279=IFCINDEXEDPOLYCURVE(#6278,(IFCLINEINDEX((1,2,3,4,1))),$);
#6280=IFCARBITRARYCLOSEDPROFILEDEF(.AREA.,$,#6279);
#6281=IFCCARTESIANPOINT((0.,0.,0.));
#6282=IFCDIRECTION((0.,0.,1.));
#6283=IFCDIRECTION((1.,0.,0.));
#6284=IFCAXIS2PLACEMENT3D(#6281,#6282,#6283);
#6285=IFCDIRECTION((0.,0.,1.));
#6286=IFCEXTRUDEDAREASOLID(#6280,#6284,#6285,3.);
#6287=IFCSHAPEREPRESENTATION(#11,'Body','SweptSolid',(#6286));
#6288=IFCCARTESIANPOINTLIST2D(((0.,0.),(3.5100000644515341,0.)));
#6289=IFCINDEXEDPOLYCURVE(#6288,$,$);
#6290=IFCSHAPEREPRESENTATION(#23,'Axis','Curve2D',(#6289));
#6291=IFCRELCONNECTSPATHELEMENTS('35F5_qgev8FfjoeAVDWflA',$,$,$,$,#5920,#5895,(),(),.ATEND.,.ATSTART.);
#6305=IFCCARTESIANPOINT((-3.2916495162740271,-1.6300296783447115,0.));
#6306=IFCDIRECTION((0.,0.,1.));
#6307=IFCDIRECTION((0.99999999999997158,2.3841857910155572E-07,0.));
#6308=IFCAXIS2PLACEMENT3D(#6305,#6306,#6307);
#6309=IFCLOCALPLACEMENT(#5698,#6308);
#6323=IFCRELCONNECTSPATHELEMENTS('16Im7sFI1DQ8IMOnTRu9Kg',$,$,$,$,#5945,#5920,(),(),.ATEND.,.ATSTART.);
#6337=IFCCARTESIANPOINT((0.26202392578124295,-1.6300288310829387,0.));
#6338=IFCDIRECTION((0.,0.,1.));
#6339=IFCDIRECTION((5.5233505236165668E-07,-0.99999999999984746,0.));
#6340=IFCAXIS2PLACEMENT3D(#6337,#6338,#6339);
#6341=IFCLOCALPLACEMENT(#5698,#6340);
#6355=IFCRELCONNECTSPATHELEMENTS('1uG2Tg0UnEuBD_BNdD5NZi',$,$,$,$,#5970,#5945,(),(),.ATEND.,.ATSTART.);
#6382=IFCRELCONNECTSPATHELEMENTS('2dop5gNiv4nfkHTNANLIhE',$,$,$,$,#5995,#5970,(),(),.ATEND.,.ATSTART.);
#6396=IFCCARTESIANPOINT((1.8294067382812331,-2.2134395677131451,0.));
#6397=IFCDIRECTION((0.,0.,1.));
#6398=IFCDIRECTION((-1.6292068494294439E-07,-0.99999999999998679,0.));
#6399=IFCAXIS2PLACEMENT3D(#6396,#6397,#6398);
#6400=IFCLOCALPLACEMENT(#5698,#6399);
#6401=IFCCARTESIANPOINTLIST2D(((0.,0.),(0.099999968608357609,0.10000000000000001),(1.6673825303955629,0.10000000000000001),(1.5673824902616285,0.)));
#6402=IFCINDEXEDPOLYCURVE(#6401,(IFCLINEINDEX((1,2,3,4,1))),$);
#6403=IFCARBITRARYCLOSEDPROFILEDEF(.AREA.,$,#6402);
#6404=IFCCARTESIANPOINT((0.,0.,0.));
#6405=IFCDIRECTION((0.,0.,1.));
#6406=IFCDIRECTION((1.,0.,0.));
#6407=IFCAXIS2PLACEMENT3D(#6404,#6405,#6406);
#6408=IFCDIRECTION((0.,0.,1.));
#6409=IFCEXTRUDEDAREASOLID(#6403,#6407,#6408,3.);
#6410=IFCSHAPEREPRESENTATION(#11,'Body','SweptSolid',(#6409));
#6411=IFCCARTESIANPOINTLIST2D(((0.,0.),(1.5673824902616285,0.)));
#6412=IFCINDEXEDPOLYCURVE(#6411,$,$);
#6413=IFCSHAPEREPRESENTATION(#23,'Axis','Curve2D',(#6412));
#6414=IFCRELCONNECTSPATHELEMENTS('1LCMTGU8n0gPjzB_mpOyIY',$,$,$,$,#6020,#5995,(),(),.ATEND.,.ATSTART.);
#6428=IFCCARTESIANPOINT((1.8294065900234127,-3.1234395503997803,0.));
#6429=IFCDIRECTION((0.,0.,1.));
#6430=IFCDIRECTION((1.,0.,0.));
#6431=IFCAXIS2PLACEMENT3D(#6428,#6429,#6430);
#6432=IFCLOCALPLACEMENT(#5698,#6431);
#6433=IFCCARTESIANPOINTLIST2D(((0.,0.),(-0.10000004013393446,0.10000000000000001),(0.80999996639457716,0.10000000000000001),(0.90999998268664695,0.)));
#6434=IFCINDEXEDPOLYCURVE(#6433,(IFCLINEINDEX((1,2,3,4,1))),$);
#6435=IFCARBITRARYCLOSEDPROFILEDEF(.AREA.,$,#6434);
#6436=IFCCARTESIANPOINT((0.,0.,0.));
#6437=IFCDIRECTION((0.,0.,1.));
#6438=IFCDIRECTION((1.,0.,0.));
#6439=IFCAXIS2PLACEMENT3D(#6436,#6437,#6438);
#6440=IFCDIRECTION((0.,0.,1.));
#6441=IFCEXTRUDEDAREASOLID(#6435,#6439,#6440,3.);
#6442=IFCSHAPEREPRESENTATION(#11,'Body','SweptSolid',(#6441));
#6443=IFCCARTESIANPOINTLIST2D(((0.,0.),(0.90999998268664695,0.)));
#6444=IFCINDEXEDPOLYCURVE(#6443,$,$);
#6445=IFCSHAPEREPRESENTATION(#23,'Axis','Curve2D',(#6444));
#6446=IFCRELCONNECTSPATHELEMENTS('1y6nBhEML20QxcE7f9wQ4X',$,$,$,$,#6045,#6020,(),(),.ATEND.,.ATSTART.);
#6460=IFCCARTESIANPOINT((4.2294063568115057,-3.1234395503997807,0.));
#6461=IFCDIRECTION((0.,0.,1.));
#6462=IFCDIRECTION((7.5497901264043123E-08,0.99999999999999722,0.));
#6463=IFCAXIS2PLACEMENT3D(#6460,#6461,#6462);
#6464=IFCLOCALPLACEMENT(#5698,#6463);
#6465=IFCCARTESIANPOINTLIST2D(((0.,0.),(0.10000001629206984,0.10000000000000001),(2.2999997743378828,0.10000000000000001),(2.3999997667880928,0.)));
#6466=IFCINDEXEDPOLYCURVE(#6465,(IFCLINEINDEX((1,2,3,4,1))),$);
#6467=IFCARBITRARYCLOSEDPROFILEDEF(.AREA.,$,#6466);
#6468=IFCCARTESIANPOINT((0.,0.,0.));
#6469=IFCDIRECTION((0.,0.,1.));
#6470=IFCDIRECTION((1.,0.,0.));
#6471=IFCAXIS2PLACEMENT3D(#6468,#6469,#6470);
#6472=IFCDIRECTION((0.,0.,1.));
#6473=IFCEXTRUDEDAREASOLID(#6467,#6471,#6472,3.);
#6474=IFCSHAPEREPRESENTATION(#11,'Body','SweptSolid',(#6473));
#6475=IFCCARTESIANPOINTLIST2D(((0.,0.),(2.3999997667880928,0.)));
#6476=IFCINDEXEDPOLYCURVE(#6475,$,$);
#6477=IFCSHAPEREPRESENTATION(#23,'Axis','Curve2D',(#6476));
#6478=IFCSLABTYPE('25njcAt4zCQxeOrrmIA3g1',$,'Slab-2F',$,$,(#6479),$,$,$,.FLOOR.);
#6479=IFCPROPERTYSET('15XDBeTjr1vRgR0s4Vp$Jf',$,'EPset_Parametric',$,(#6480));
#6480=IFCPROPERTYSINGLEVALUE('LayerSetDirection',$,IFCLABEL('AXIS3'),$);
#6481=IFCRELASSOCIATESMATERIAL('3mVe3BUy5C0P1XBgIg2t1k',$,$,$,(#6478),#6482);
#6482=IFCMATERIALLAYERSET((#6483),$,$);
#6483=IFCMATERIALLAYER(#110,0.10000000000000001,$,$,$,$,$);
#6484=IFCRELCONNECTSPATHELEMENTS('3Z4oE2Bnj6tPm1jUA526UE',$,$,$,$,#6045,#5819,(),(),.ATSTART.,.ATEND.);
#6498=IFCCARTESIANPOINTLIST2D(((0.,0.),(0.09999999880751248,0.10000000000000001),(3.9110571341973914,0.10000000000000001),(4.0110571504894601,0.)));
#6499=IFCINDEXEDPOLYCURVE(#6498,(IFCLINEINDEX((1,2,3,4,1))),$);
#6500=IFCARBITRARYCLOSEDPROFILEDEF(.AREA.,$,#6499);
#6501=IFCCARTESIANPOINT((0.,0.,0.));
#6502=IFCDIRECTION((0.,0.,1.));
#6503=IFCDIRECTION((1.,0.,0.));
#6504=IFCAXIS2PLACEMENT3D(#6501,#6502,#6503);
#6505=IFCDIRECTION((0.,0.,1.));
#6506=IFCEXTRUDEDAREASOLID(#6500,#6504,#6505,3.);
#6507=IFCSHAPEREPRESENTATION(#11,'Body','SweptSolid',(#6506));
#6508=IFCCARTESIANPOINTLIST2D(((0.,0.),(4.0110571504894601,0.)));
#6509=IFCINDEXEDPOLYCURVE(#6508,$,$);
#6510=IFCSHAPEREPRESENTATION(#23,'Axis','Curve2D',(#6509));
#6511=IFCCARTESIANPOINT((4.2294070841136859,6.509969711211312,0.));
#6512=IFCDIRECTION((0.,0.,1.));
#6513=IFCDIRECTION((-0.99999999999999623,8.7422776573475527E-08,0.));
#6514=IFCAXIS2PLACEMENT3D(#6511,#6512,#6513);
#6515=IFCLOCALPLACEMENT(#5698,#6514);
#6516=IFCSLAB('1vPBE10uL0UBo9UB2_mhJY',$,'Slab.002',$,$,#6524,#6531,$,$);
#6517=IFCRELDEFINESBYTYPE('3d2zL_C2fAI9lhvBlsqomv',$,$,$,(#6516),#6478);
#6518=IFCMATERIALLAYERSETUSAGE(#6482,.AXIS3.,.POSITIVE.,-0.10000000149011612,$);
#6519=IFCRELASSOCIATESMATERIAL('3piwyNdqnBbfve2cNMouFR',$,$,$,(#6516),#6518);
#6520=IFCCARTESIANPOINT((4.2294073104858398,6.5099697113037109,0.));
#6521=IFCDIRECTION((0.,0.,1.));
#6522=IFCDIRECTION((1.,0.,0.));
#6523=IFCAXIS2PLACEMENT3D(#6520,#6521,#6522);
#6524=IFCLOCALPLACEMENT(#5698,#6523);
#6525=IFCCARTESIANPOINTLIST2D(((0.,0.),(-4.0110573768615723,4.76837158203125E-07),(-4.0110573768615723,-0.98000001907348633),(-7.52105712890625,-0.97999858856201172),(-7.5210590362548828,-9.6399984359741211),(2.384185791015625E-05,-9.6399974822998047),(0.,0.)));
#6526=IFCINDEXEDPOLYCURVE(#6525,$,$);
#6527=IFCDIRECTION((0.,0.,1.));
#6528=IFCARBITRARYCLOSEDPROFILEDEF(.AREA.,$,#6526);
#6529=IFCEXTRUDEDAREASOLID(#6528,#6538,#6527,0.10000000000000001);
#6530=IFCSHAPEREPRESENTATION(#11,'Body','SweptSolid',(#6529));
#6531=IFCPRODUCTDEFINITIONSHAPE($,$,(#6530));
#6532=IFCPROPERTYSET('20$5ZRUCvA8e2ZVAgM3Itb',$,'EPset_Parametric',$,(#6534));
#6533=IFCRELDEFINESBYPROPERTIES('3Nd0j_cnfFz8Fa5zH5yf1_',$,$,$,(#6516),#6532);
#6534=IFCPROPERTYSINGLEVALUE('Engine',$,IFCLABEL('Bonsai.DumbLayer3'),$);
#6535=IFCCARTESIANPOINT((-0.,-0.,-0.10000000149011612));
#6536=IFCDIRECTION((0.,0.,1.));
#6537=IFCDIRECTION((1.,0.,0.));
#6538=IFCAXIS2PLACEMENT3D(#6535,#6536,#6537);
#6539=IFCWALL('3QRZiXbYnE$QfxDUOKvfsr',$,'Wall',$,$,#6616,#6545,$,$);
#6540=IFCMATERIALLAYERSETUSAGE(#5817,.AXIS2.,.POSITIVE.,0.,$);
#6541=IFCRELASSOCIATESMATERIAL('3JIy1YNO9ACQDf5If6Irf$',$,$,$,(#6539),#6540);
#6545=IFCPRODUCTDEFINITIONSHAPE($,$,(#7069,#7066));
#6561=IFCPROPERTYSET('2L4maDIffEmOLFxMc0UhIJ',$,'EPset_Parametric',$,(#6563));
#6562=IFCRELDEFINESBYPROPERTIES('0I5t5iCqv5NupgA6T456Z_',$,$,$,(#6539),#6561);
#6563=IFCPROPERTYSINGLEVALUE('Engine',$,IFCLABEL('Bonsai.DumbLayer2'),$);
#6612=IFCCARTESIANPOINT((4.2294069721889054,5.0274810475983385,0.));
#6613=IFCDIRECTION((0.,0.,1.));
#6614=IFCDIRECTION((-0.99999999999998868,1.5099580252808492E-07,0.));
#6615=IFCAXIS2PLACEMENT3D(#6612,#6613,#6614);
#6616=IFCLOCALPLACEMENT(#5698,#6615);
#6630=IFCRELCONNECTSPATHELEMENTS('08NoP8vfz6yeI5z7TLI6Xy',$,$,$,$,#6539,#6045,(),(),.ATPATH.,.ATSTART.);
#6673=IFCWALL('3yX2cPWS1BuO4ja3PW53Mt',$,'Wall',$,$,#6801,#6679,$,$);
#6674=IFCMATERIALLAYERSETUSAGE(#5817,.AXIS2.,.NEGATIVE.,0.,$);
#6675=IFCRELASSOCIATESMATERIAL('0Rcj0Cjkf40Q5IhViZDsXt',$,$,$,(#6673),#6674);
#6679=IFCPRODUCTDEFINITIONSHAPE($,$,(#6842,#6839));
#6695=IFCPROPERTYSET('1tsWi3OJj8jQIi6yGHfhfa',$,'EPset_Parametric',$,(#6697));
#6696=IFCRELDEFINESBYPROPERTIES('23SlpBeZLAkh2iT2Ce7n1j',$,$,$,(#6673),#6695);
#6697=IFCPROPERTYSINGLEVALUE('Engine',$,IFCLABEL('Bonsai.DumbLayer2'),$);
#6797=IFCCARTESIANPOINT((0.31835013628005981,5.4299697875976562,0.));
#6798=IFCDIRECTION((0.,0.,1.));
#6799=IFCDIRECTION((1.9470718370939353E-07,-0.99999999999998113,0.));
#6800=IFCAXIS2PLACEMENT3D(#6797,#6798,#6799);
#6801=IFCLOCALPLACEMENT(#5698,#6800);
#6829=IFCRELCONNECTSPATHELEMENTS('0lO5KL7dXFlA3IJQfO47Yh',$,$,$,$,#6673,#6539,(),(),.ATEND.,.ATEND.);
#6830=IFCCARTESIANPOINTLIST2D(((0.,-0.10000000000000001),(0.,0.),(0.40248814944617084,0.),(0.50248811487587819,-0.10000000000000001)));
#6831=IFCINDEXEDPOLYCURVE(#6830,(IFCLINEINDEX((1,2,3,4,1))),$);
#6832=IFCARBITRARYCLOSEDPROFILEDEF(.AREA.,$,#6831);
#6833=IFCCARTESIANPOINT((0.,0.,0.));
#6834=IFCDIRECTION((0.,0.,1.));
#6835=IFCDIRECTION((1.,0.,0.));
#6836=IFCAXIS2PLACEMENT3D(#6833,#6834,#6835);
#6837=IFCDIRECTION((0.,0.,1.));
#6838=IFCEXTRUDEDAREASOLID(#6832,#6836,#6837,3.);
#6839=IFCSHAPEREPRESENTATION(#11,'Body','SweptSolid',(#6838));
#6840=IFCCARTESIANPOINTLIST2D(((0.,0.),(0.40248814944617084,0.)));
#6841=IFCINDEXEDPOLYCURVE(#6840,$,$);
#6842=IFCSHAPEREPRESENTATION(#23,'Axis','Curve2D',(#6841));
#6856=IFCWALL('24pPqsxtL7qPjEMw0vshlG',$,'Wall',$,$,#7010,#6862,$,$);
#6857=IFCMATERIALLAYERSETUSAGE(#5817,.AXIS2.,.POSITIVE.,0.,$);
#6858=IFCRELASSOCIATESMATERIAL('1CwgioZOr57AzfbZeSUNKG',$,$,$,(#6856),#6857);
#6862=IFCPRODUCTDEFINITIONSHAPE($,$,(#7042,#7039));
#6878=IFCPROPERTYSET('32vUWkAXf7WOKo4MvfVPRm',$,'EPset_Parametric',$,(#6880));
#6879=IFCRELDEFINESBYPROPERTIES('31QamqsPb1a9jL30KSHhQb',$,$,$,(#6856),#6878);
#6880=IFCPROPERTYSINGLEVALUE('Engine',$,IFCLABEL('Bonsai.DumbLayer2'),$);
#6968=IFCWALL('3e0ooiJ8X7eA1aZ70VYbxV',$,'Wall',$,$,#7088,#6974,$,$);
#6969=IFCMATERIALLAYERSETUSAGE(#5817,.AXIS2.,.POSITIVE.,0.,$);
#6970=IFCRELASSOCIATESMATERIAL('0VVDj7RN1AIxa_D6xlVpvL',$,$,$,(#6968),#6969);
#6974=IFCPRODUCTDEFINITIONSHAPE($,$,(#7191,#7188));
#6990=IFCPROPERTYSET('1jdWByDj90QQu4qp_dbnj0',$,'EPset_Parametric',$,(#6992));
#6991=IFCRELDEFINESBYPROPERTIES('3XVtEl6afFT9ks5MomCFxl',$,$,$,(#6968),#6990);
#6992=IFCPROPERTYSINGLEVALUE('Engine',$,IFCLABEL('Bonsai.DumbLayer2'),$);
#7006=IFCCARTESIANPOINT((-3.1916494369506836,2.5491640567779541,0.));
#7007=IFCDIRECTION((0.,0.,1.));
#7008=IFCDIRECTION((1.,0.,0.));
#7009=IFCAXIS2PLACEMENT3D(#7006,#7007,#7008);
#7010=IFCLOCALPLACEMENT(#5698,#7009);
#7030=IFCCARTESIANPOINTLIST2D(((0.,0.),(0.,0.10000000000000001),(3.4630161464214395,0.10000000000000001),(3.5630161388716495,0.)));
#7031=IFCINDEXEDPOLYCURVE(#7030,(IFCLINEINDEX((1,2,3,4,1))),$);
#7032=IFCARBITRARYCLOSEDPROFILEDEF(.AREA.,$,#7031);
#7033=IFCCARTESIANPOINT((0.,0.,0.));
#7034=IFCDIRECTION((0.,0.,1.));
#7035=IFCDIRECTION((1.,0.,0.));
#7036=IFCAXIS2PLACEMENT3D(#7033,#7034,#7035);
#7037=IFCDIRECTION((0.,0.,1.));
#7038=IFCEXTRUDEDAREASOLID(#7032,#7036,#7037,3.);
#7039=IFCSHAPEREPRESENTATION(#11,'Body','SweptSolid',(#7038));
#7040=IFCCARTESIANPOINTLIST2D(((0.,0.),(3.5630161388716495,0.)));
#7041=IFCINDEXEDPOLYCURVE(#7040,$,$);
#7042=IFCSHAPEREPRESENTATION(#23,'Axis','Curve2D',(#7041));
#7043=IFCRELCONNECTSPATHELEMENTS('3rh3jx7Jn0QOZB4N4KJJoz',$,$,$,$,#6968,#6539,(),(),.ATPATH.,.ATEND.);
#7057=IFCCARTESIANPOINTLIST2D(((0.1000000000000003,0.),(0.099999992450210171,0.10000000000000001),(4.0110567229712615,0.10000000000000001),(3.9110567575415551,0.)));
#7058=IFCINDEXEDPOLYCURVE(#7057,(IFCLINEINDEX((1,2,3,4,1))),$);
#7059=IFCARBITRARYCLOSEDPROFILEDEF(.AREA.,$,#7058);
#7060=IFCCARTESIANPOINT((0.,0.,0.));
#7061=IFCDIRECTION((0.,0.,1.));
#7062=IFCDIRECTION((1.,0.,0.));
#7063=IFCAXIS2PLACEMENT3D(#7060,#7061,#7062);
#7064=IFCDIRECTION((0.,0.,1.));
#7065=IFCEXTRUDEDAREASOLID(#7059,#7063,#7064,3.);
#7066=IFCSHAPEREPRESENTATION(#11,'Body','SweptSolid',(#7065));
#7067=IFCCARTESIANPOINTLIST2D(((0.,0.),(3.9110567575415551,0.)));
#7068=IFCINDEXEDPOLYCURVE(#7067,$,$);
#7069=IFCSHAPEREPRESENTATION(#23,'Axis','Curve2D',(#7068));
#7070=IFCRELCONNECTSPATHELEMENTS('22mh7_1GPFSBDxJShJl0hO',$,$,$,$,#6968,#5920,(),(),.ATPATH.,.ATSTART.);
#7084=IFCCARTESIANPOINT((0.37136638640067593,-1.6300288050136653,0.));
#7085=IFCDIRECTION((0.,0.,1.));
#7086=IFCDIRECTION((7.5497901264043123E-08,0.99999999999999722,0.));
#7087=IFCAXIS2PLACEMENT3D(#7084,#7085,#7086);
#7088=IFCLOCALPLACEMENT(#5698,#7087);
#7140=IFCCARTESIANPOINTLIST2D(((0.,0.),(0.1000000464912377,0.10000000000000001),(7.0600007211273414,0.10000000000000001),(7.160000737419411,0.)));
#7141=IFCINDEXEDPOLYCURVE(#7140,(IFCLINEINDEX((1,2,3,4,1))),$);
#7142=IFCARBITRARYCLOSEDPROFILEDEF(.AREA.,$,#7141);
#7143=IFCCARTESIANPOINT((0.,0.,0.));
#7144=IFCDIRECTION((0.,0.,1.));
#7145=IFCDIRECTION((1.,0.,0.));
#7146=IFCAXIS2PLACEMENT3D(#7143,#7144,#7145);
#7147=IFCDIRECTION((0.,0.,1.));
#7148=IFCEXTRUDEDAREASOLID(#7142,#7146,#7147,3.);
#7149=IFCSHAPEREPRESENTATION(#11,'Body','SweptSolid',(#7148));
#7150=IFCCARTESIANPOINTLIST2D(((0.,0.),(7.160000737419411,0.)));
#7151=IFCINDEXEDPOLYCURVE(#7150,$,$);
#7152=IFCSHAPEREPRESENTATION(#23,'Axis','Curve2D',(#7151));
#7153=IFCCARTESIANPOINTLIST2D(((0.,0.),(-0.099999968608357609,0.10000000000000001),(0.48341114171504396,0.10000000000000001),(0.58341111032340154,0.)));
#7154=IFCINDEXEDPOLYCURVE(#7153,(IFCLINEINDEX((1,2,3,4,1))),$);
#7155=IFCARBITRARYCLOSEDPROFILEDEF(.AREA.,$,#7154);
#7156=IFCCARTESIANPOINT((0.,0.,0.));
#7157=IFCDIRECTION((0.,0.,1.));
#7158=IFCDIRECTION((1.,0.,0.));
#7159=IFCAXIS2PLACEMENT3D(#7156,#7157,#7158);
#7160=IFCDIRECTION((0.,0.,1.));
#7161=IFCEXTRUDEDAREASOLID(#7155,#7159,#7160,3.);
#7162=IFCSHAPEREPRESENTATION(#11,'Body','SweptSolid',(#7161));
#7163=IFCCARTESIANPOINTLIST2D(((0.,0.),(0.58341111032340154,0.)));
#7164=IFCINDEXEDPOLYCURVE(#7163,$,$);
#7165=IFCSHAPEREPRESENTATION(#23,'Axis','Curve2D',(#7164));
#7179=IFCCARTESIANPOINTLIST2D(((0.10000000000000493,0.),(0.099999968608356901,0.10000000000000001),(6.5575104427096713,0.10000000000000001),(6.5575104351598812,0.)));
#7180=IFCINDEXEDPOLYCURVE(#7179,(IFCLINEINDEX((1,2,3,4,1))),$);
#7181=IFCARBITRARYCLOSEDPROFILEDEF(.AREA.,$,#7180);
#7182=IFCCARTESIANPOINT((0.,0.,0.));
#7183=IFCDIRECTION((0.,0.,1.));
#7184=IFCDIRECTION((1.,0.,0.));
#7185=IFCAXIS2PLACEMENT3D(#7182,#7183,#7184);
#7186=IFCDIRECTION((0.,0.,1.));
#7187=IFCEXTRUDEDAREASOLID(#7181,#7185,#7186,3.);
#7188=IFCSHAPEREPRESENTATION(#11,'Body','SweptSolid',(#7187));
#7189=IFCCARTESIANPOINTLIST2D(((0.,0.),(6.6575104351598808,0.)));
#7190=IFCINDEXEDPOLYCURVE(#7189,$,$);
#7191=IFCSHAPEREPRESENTATION(#23,'Axis','Curve2D',(#7190));
#7192=IFCCARTESIANPOINTLIST2D(((0.,0.),(0.10000001629206913,0.10000000000000001),(3.6536734106637292,0.10000000000000001),(3.5536734420553713,0.)));
#7193=IFCINDEXEDPOLYCURVE(#7192,(IFCLINEINDEX((1,2,3,4,1))),$);
#7194=IFCARBITRARYCLOSEDPROFILEDEF(.AREA.,$,#7193);
#7195=IFCCARTESIANPOINT((0.,0.,0.));
#7196=IFCDIRECTION((0.,0.,1.));
#7197=IFCDIRECTION((1.,0.,0.));
#7198=IFCAXIS2PLACEMENT3D(#7195,#7196,#7197);
#7199=IFCDIRECTION((0.,0.,1.));
#7200=IFCEXTRUDEDAREASOLID(#7194,#7198,#7199,3.);
#7201=IFCSHAPEREPRESENTATION(#11,'Body','SweptSolid',(#7200));
#7202=IFCCARTESIANPOINTLIST2D(((0.,0.),(3.5536734420553713,0.)));
#7203=IFCINDEXEDPOLYCURVE(#7202,$,$);
#7204=IFCSHAPEREPRESENTATION(#23,'Axis','Curve2D',(#7203));
#7218=IFCWALL('0RB5CT0NP3iRKI24PNJBuY',$,'Wall',$,$,#7229,#7224,$,$);
#7219=IFCMATERIALLAYERSETUSAGE(#5817,.AXIS2.,.NEGATIVE.,0.,$);
#7220=IFCRELASSOCIATESMATERIAL('1zLLtsslPEmu8kQ8hvtt1h',$,$,$,(#7218),#7219);
#7224=IFCPRODUCTDEFINITIONSHAPE($,$,(#13777,#13774));
#7225=IFCCARTESIANPOINT((0.37046664953231812,0.49819910526275635,0.));
#7226=IFCDIRECTION((0.,0.,1.));
#7227=IFCDIRECTION((1.,0.,0.));
#7228=IFCAXIS2PLACEMENT3D(#7225,#7226,#7227);
#7229=IFCLOCALPLACEMENT(#5698,#7228);
#7240=IFCPROPERTYSET('0paMgkmFf4IQDHn9fHvNC5',$,'EPset_Parametric',$,(#7242));
#7241=IFCRELDEFINESBYPROPERTIES('2E2qZ0burAQgZn4UhHMZFu',$,$,$,(#7218),#7240);
#7242=IFCPROPERTYSINGLEVALUE('Engine',$,IFCLABEL('Bonsai.DumbLayer2'),$);
#7256=IFCRELCONNECTSPATHELEMENTS('1x5l1dX61FUfwisnYoACnj',$,$,$,$,#7218,#6045,(),(),.ATPATH.,.ATEND.);
#7283=IFCDOORTYPE('1a5WFmr6TDBuWryKNMBBm0',$,'BR2-1-2F',$,$,(#7284),(#7286,#7294,#7372),$,$,.DOOR.,.SINGLE_SWING_LEFT.,$,$);
#7284=IFCPROPERTYSET('3Ev2Qe$554zgstRlz0sFgo',$,'BBIM_Door',$,(#7285));
#7285=IFCPROPERTYSINGLEVALUE('Data',$,IFCTEXT('{"door_type": "SINGLE_SWING_LEFT", "overall_height": 2.0, "overall_width": 0.8732749223709106, "lining_properties": {"lining_depth": 0.05000000074505806, "lining_thickness": 0.05000000074505806, "lining_offset": 0.0, "lining_to_panel_offset_x": 0.02500000037252903, "lining_to_panel_offset_y": 0.02500000037252903, "transom_thickness": 0.0, "casing_thickness": 0.07500000298023224, "casing_depth": 0.004999999888241291, "threshold_thickness": 0.02500000037252903, "threshold_depth": 0.10000000149011612, "threshold_offset": 0.0}, "panel_properties": {"panel_depth": 0.03500000014901161, "panel_width_ratio": 1.0}}'),$);
#7286=IFCREPRESENTATIONMAP(#7287,#7715);
#7287=IFCAXIS2PLACEMENT3D(#7288,#7289,#7290);
#7288=IFCCARTESIANPOINT((0.,0.,0.));
#7289=IFCDIRECTION((0.,0.,1.));
#7290=IFCDIRECTION((1.,0.,0.));
#7294=IFCREPRESENTATIONMAP(#7295,#7788);
#7295=IFCAXIS2PLACEMENT3D(#7296,#7297,#7298);
#7296=IFCCARTESIANPOINT((0.,0.,0.));
#7297=IFCDIRECTION((0.,0.,1.));
#7298=IFCDIRECTION((1.,0.,0.));
#7372=IFCREPRESENTATIONMAP(#7373,#7802);
#7373=IFCAXIS2PLACEMENT3D(#7374,#7375,#7376);
#7374=IFCCARTESIANPOINT((0.,0.,0.));
#7375=IFCDIRECTION((0.,0.,1.));
#7376=IFCDIRECTION((1.,0.,0.));
#7391=IFCDOORTYPE('3dv6qQNcb66A1L$CBgBIVE',$,'BR2-2-2F',$,$,(#7392),(#7394,#7402,#7480),$,$,.DOOR.,.SINGLE_SWING_LEFT.,$,$);
#7392=IFCPROPERTYSET('06RiHjF0f0H9zKrs22o6TZ',$,'BBIM_Door',$,(#7393));
#7393=IFCPROPERTYSINGLEVALUE('Data',$,IFCTEXT('{"door_type": "SINGLE_SWING_RIGHT", "overall_height": 2.0, "overall_width": 0.8618225455284119, "lining_properties": {"lining_depth": 0.05000000074505806, "lining_thickness": 0.05000000074505806, "lining_offset": 0.0, "lining_to_panel_offset_x": 0.02500000037252903, "lining_to_panel_offset_y": 0.02500000037252903, "transom_thickness": 0.0, "casing_thickness": 0.07500000298023224, "casing_depth": 0.004999999888241291, "threshold_thickness": 0.02500000037252903, "threshold_depth": 0.10000000149011612, "threshold_offset": 0.0}, "panel_properties": {"panel_depth": 0.03500000014901161, "panel_width_ratio": 1.0}}'),$);
#7394=IFCREPRESENTATIONMAP(#7395,#7895);
#7395=IFCAXIS2PLACEMENT3D(#7396,#7397,#7398);
#7396=IFCCARTESIANPOINT((0.,0.,0.));
#7397=IFCDIRECTION((0.,0.,1.));
#7398=IFCDIRECTION((1.,0.,0.));
#7402=IFCREPRESENTATIONMAP(#7403,#7968);
#7403=IFCAXIS2PLACEMENT3D(#7404,#7405,#7406);
#7404=IFCCARTESIANPOINT((0.,0.,0.));
#7405=IFCDIRECTION((0.,0.,1.));
#7406=IFCDIRECTION((1.,0.,0.));
#7480=IFCREPRESENTATIONMAP(#7481,#7986);
#7481=IFCAXIS2PLACEMENT3D(#7482,#7483,#7484);
#7482=IFCCARTESIANPOINT((0.,0.,0.));
#7483=IFCDIRECTION((0.,0.,1.));
#7484=IFCDIRECTION((1.,0.,0.));
#7499=IFCDOOR('2Lle1Ex19Amxp3igNgc4u8',$,'Door',$,$,#7827,#7508,$,2.,0.87327492237091064,$,.SINGLE_SWING_LEFT.,$);
#7500=IFCRELDEFINESBYTYPE('0LdP2_eTvEs8qHz094dISp',$,$,$,(#7499),#7283);
#7501=IFCCARTESIANPOINT((0.,0.,0.));
#7502=IFCDIRECTION((1.,0.,0.));
#7503=IFCDIRECTION((0.,1.,0.));
#7504=IFCDIRECTION((0.,0.,1.));
#7505=IFCCARTESIANTRANSFORMATIONOPERATOR3D(#7502,#7503,#7501,1.,#7504);
#7506=IFCMAPPEDITEM(#7286,#7505);
#7507=IFCSHAPEREPRESENTATION(#18,'Profile','MappedRepresentation',(#7506));
#7508=IFCPRODUCTDEFINITIONSHAPE($,$,(#7507,#7515,#7522));
#7509=IFCCARTESIANPOINT((0.,0.,0.));
#7510=IFCDIRECTION((1.,0.,0.));
#7511=IFCDIRECTION((0.,1.,0.));
#7512=IFCDIRECTION((0.,0.,1.));
#7513=IFCCARTESIANTRANSFORMATIONOPERATOR3D(#7510,#7511,#7509,1.,#7512);
#7514=IFCMAPPEDITEM(#7294,#7513);
#7515=IFCSHAPEREPRESENTATION(#11,'Body','MappedRepresentation',(#7514));
#7516=IFCCARTESIANPOINT((0.,0.,0.));
#7517=IFCDIRECTION((1.,0.,0.));
#7518=IFCDIRECTION((0.,1.,0.));
#7519=IFCDIRECTION((0.,0.,1.));
#7520=IFCCARTESIANTRANSFORMATIONOPERATOR3D(#7517,#7518,#7516,1.,#7519);
#7521=IFCMAPPEDITEM(#7372,#7520);
#7522=IFCSHAPEREPRESENTATION(#24,'Body','MappedRepresentation',(#7521));
#7523=IFCOPENINGELEMENT('28$MY7os52XAC_Ws$FZ67D',$,'Opening',$,$,#7822,#7551,$,.OPENING.);
#7539=IFCCARTESIANPOINT((0.,0.,0.));
#7540=IFCDIRECTION((1.,0.,0.));
#7541=IFCDIRECTION((0.,0.,1.));
#7542=IFCAXIS2PLACEMENT3D(#7539,#7541,#7540);
#7543=IFCREPRESENTATIONMAP(#7542,#7812);
#7544=IFCCARTESIANPOINT((0.,0.,0.));
#7545=IFCDIRECTION((1.,0.,0.));
#7546=IFCDIRECTION((0.,1.,0.));
#7547=IFCDIRECTION((0.,0.,1.));
#7548=IFCCARTESIANTRANSFORMATIONOPERATOR3D(#7545,#7546,#7544,1.,#7547);
#7549=IFCMAPPEDITEM(#7543,#7548);
#7550=IFCSHAPEREPRESENTATION(#11,'Body','MappedRepresentation',(#7549));
#7551=IFCPRODUCTDEFINITIONSHAPE($,$,(#7550));
#7552=IFCRELVOIDSELEMENT('0aD6A3gaz1OB1JHL3VH2J3',$,$,$,#5970,#7523);
#7558=IFCRELFILLSELEMENT('3CCw3KwaL4eQ7GGxTyY5dR',$,$,$,#7523,#7499);
#7597=IFCCARTESIANPOINTLIST2D(((0.,0.),(0.,2.),(0.87327492237091064,2.),(0.87327492237091064,0.),(0.84827492199838161,0.),(0.84827492199838161,1.974999999627471),(0.02500000037252903,1.974999999627471),(0.02500000037252903,0.)));
#7598=IFCINDEXEDPOLYCURVE(#7597,(IFCLINEINDEX((1,2,3,4,5,6,7,8,1))),$);
#7599=IFCARBITRARYCLOSEDPROFILEDEF(.AREA.,$,#7598);
#7600=IFCCARTESIANPOINT((0.,0.02500000037252903,0.));
#7601=IFCDIRECTION((0.,-1.,0.));
#7602=IFCDIRECTION((1.,0.,0.));
#7603=IFCAXIS2PLACEMENT3D(#7600,#7601,#7602);
#7604=IFCDIRECTION((0.,0.,-1.));
#7605=IFCEXTRUDEDAREASOLID(#7599,#7603,#7604,0.02500000037252903);
#7606=IFCCARTESIANPOINTLIST2D(((0.,0.),(0.,2.),(0.87327492237091064,2.),(0.87327492237091064,0.),(0.82327492162585258,0.),(0.82327492162585258,1.9499999992549419),(0.05000000074505806,1.9499999992549419),(0.05000000074505806,0.)));
#7607=IFCINDEXEDPOLYCURVE(#7606,(IFCLINEINDEX((1,2,3,4,5,6,7,8,1))),$);
#7608=IFCARBITRARYCLOSEDPROFILEDEF(.AREA.,$,#7607);
#7609=IFCCARTESIANPOINT((0.,0.,0.));
#7610=IFCDIRECTION((0.,-1.,0.));
#7611=IFCDIRECTION((1.,0.,0.));
#7612=IFCAXIS2PLACEMENT3D(#7609,#7610,#7611);
#7613=IFCDIRECTION((0.,0.,-1.));
#7614=IFCEXTRUDEDAREASOLID(#7608,#7612,#7613,0.02500000037252903);
#7615=IFCCARTESIANPOINTLIST2D(((0.,0.),(0.77327492088079453,0.),(0.77327492088079453,0.10000000149011612),(0.,0.10000000149011612)));
#7616=IFCINDEXEDPOLYCURVE(#7615,(IFCLINEINDEX((1,2,3,4,1))),$);
#7617=IFCARBITRARYCLOSEDPROFILEDEF(.AREA.,$,#7616);
#7618=IFCCARTESIANPOINT((0.05000000074505806,0.,0.));
#7619=IFCDIRECTION((0.,0.,1.));
#7620=IFCDIRECTION((1.,0.,0.));
#7621=IFCAXIS2PLACEMENT3D(#7618,#7619,#7620);
#7622=IFCDIRECTION((0.,0.,1.));
#7623=IFCEXTRUDEDAREASOLID(#7617,#7621,#7622,0.02500000037252903);
#7624=IFCCARTESIANPOINTLIST2D(((0.,0.),(0.,2.0250000022351742),(0.923274926841259,2.0250000022351742),(0.923274926841259,0.),(0.84827492386102676,0.),(0.84827492386102676,1.9499999992549419),(0.075000002980232239,1.9499999992549419),(0.075000002980232239,0.)));
#7625=IFCINDEXEDPOLYCURVE(#7624,(IFCLINEINDEX((1,2,3,4,5,6,7,8,1))),$);
#7626=IFCARBITRARYCLOSEDPROFILEDEF(.AREA.,$,#7625);
#7627=IFCCARTESIANPOINT((-0.025000002235174179,-0.004999999888241291,0.));
#7628=IFCDIRECTION((0.,-1.,0.));
#7629=IFCDIRECTION((1.,0.,0.));
#7630=IFCAXIS2PLACEMENT3D(#7627,#7628,#7629);
#7631=IFCDIRECTION((0.,0.,-1.));
#7632=IFCEXTRUDEDAREASOLID(#7626,#7630,#7631,0.004999999888241291);
#7633=IFCCARTESIANPOINTLIST2D(((0.,0.),(0.,2.0250000022351742),(0.923274926841259,2.0250000022351742),(0.923274926841259,0.),(0.87327492423355579,0.),(0.87327492423355579,1.974999999627471),(0.050000002607703209,1.974999999627471),(0.050000002607703209,0.)));
#7634=IFCINDEXEDPOLYCURVE(#7633,(IFCLINEINDEX((1,2,3,4,5,6,7,8,1))),$);
#7635=IFCARBITRARYCLOSEDPROFILEDEF(.AREA.,$,#7634);
#7636=IFCCARTESIANPOINT((-0.025000002235174179,0.05000000074505806,0.));
#7637=IFCDIRECTION((0.,-1.,0.));
#7638=IFCDIRECTION((1.,0.,0.));
#7639=IFCAXIS2PLACEMENT3D(#7636,#7637,#7638);
#7640=IFCDIRECTION((0.,0.,-1.));
#7641=IFCEXTRUDEDAREASOLID(#7635,#7639,#7640,0.004999999888241291);
#7642=IFCCARTESIANPOINTLIST2D(((0.,0.),(0.82327492162585258,0.),(0.82327492162585258,0.035000000149011612),(0.,0.035000000149011612)));
#7643=IFCINDEXEDPOLYCURVE(#7642,(IFCLINEINDEX((1,2,3,4,1))),$);
#7644=IFCARBITRARYCLOSEDPROFILEDEF(.AREA.,$,#7643);
#7645=IFCCARTESIANPOINT((0.02500000037252903,0.02500000037252903,0.02500000037252903));
#7646=IFCDIRECTION((0.,0.,1.));
#7647=IFCDIRECTION((1.,0.,0.));
#7648=IFCAXIS2PLACEMENT3D(#7645,#7646,#7647);
#7649=IFCDIRECTION((0.,0.,1.));
#7650=IFCEXTRUDEDAREASOLID(#7644,#7648,#7649,1.9499999992549419);
#7651=IFCCARTESIANPOINTLIST2D(((0.,0.),(0.,-0.040000000000000001),(-0.11999999999999988,-0.040000000000000001),(-0.11999999999999988,-0.02),(-0.020000000000000018,-0.02),(-0.020000000000000018,0.)));
#7652=IFCINDEXEDPOLYCURVE(#7651,(IFCLINEINDEX((1,2,3,4,5,6,1))),$);
#7653=IFCARBITRARYCLOSEDPROFILEDEF(.AREA.,$,#7652);
#7654=IFCCARTESIANPOINT((0.79827492199838157,0.02500000037252903,1.015000000372529));
#7655=IFCDIRECTION((0.,0.,1.));
#7656=IFCDIRECTION((1.,0.,0.));
#7657=IFCAXIS2PLACEMENT3D(#7654,#7655,#7656);
#7658=IFCDIRECTION((0.,0.,1.));
#7659=IFCEXTRUDEDAREASOLID(#7653,#7657,#7658,0.02);
#7660=IFCEXTRUDEDAREASOLID(#7661,#7664,#7668,0.02);
#7661=IFCARBITRARYCLOSEDPROFILEDEF(.AREA.,$,#7662);
#7662=IFCINDEXEDPOLYCURVE(#7663,(IFCLINEINDEX((1,2,3,4,5,6,1))),$);
#7663=IFCCARTESIANPOINTLIST2D(((0.,0.),(0.,0.040000000000000008),(-0.11999999999999988,0.040000000000000008),(-0.11999999999999988,0.020000000000000004),(-0.020000000000000018,0.020000000000000004),(-0.020000000000000018,0.)));
#7664=IFCAXIS2PLACEMENT3D(#7665,#7666,#7667);
#7665=IFCCARTESIANPOINT((0.79827492199838157,0.060000000521540642,1.015000000372529));
#7666=IFCDIRECTION((0.,0.,1.));
#7667=IFCDIRECTION((1.,0.,0.));
#7668=IFCDIRECTION((0.,0.,1.));
#7670=IFCSHAPEREPRESENTATION(#11,'Body','SweptSolid',(#7760,#7605,#7742,#7733,#7641,#7614,#7751,#7632,#7724,#7623));
#7671=IFCSHAPEASPECT((#7670),'Lining',$,.T.,#7508);
#7672=IFCSHAPEREPRESENTATION(#11,'Body','SweptSolid',(#7779,#7769,#7659,#7660,#7650,#7778));
#7673=IFCSHAPEASPECT((#7672),'Framing',$,.T.,#7508);
#7713=IFCCARTESIANPOINTLIST3D(((0.,0.,0.),(0.87327492237091064,0.,0.),(0.87327492237091064,0.,2.),(0.,0.,2.)));
#7714=IFCINDEXEDPOLYCURVE(#7713,(IFCLINEINDEX((1,2,3,4,1))),$);
#7715=IFCSHAPEREPRESENTATION(#18,'Profile','Curve3D',(#7714));
#7716=IFCCARTESIANPOINTLIST2D(((0.,0.),(0.,2.),(0.87327492237091064,2.),(0.87327492237091064,0.),(0.84827492199838161,0.),(0.84827492199838161,1.974999999627471),(0.02500000037252903,1.974999999627471),(0.02500000037252903,0.)));
#7717=IFCINDEXEDPOLYCURVE(#7716,(IFCLINEINDEX((1,2,3,4,5,6,7,8,1))),$);
#7718=IFCARBITRARYCLOSEDPROFILEDEF(.AREA.,$,#7717);
#7719=IFCCARTESIANPOINT((0.,0.02500000037252903,0.));
#7720=IFCDIRECTION((0.,-1.,0.));
#7721=IFCDIRECTION((1.,0.,0.));
#7722=IFCAXIS2PLACEMENT3D(#7719,#7720,#7721);
#7723=IFCDIRECTION((0.,0.,-1.));
#7724=IFCEXTRUDEDAREASOLID(#7718,#7722,#7723,0.02500000037252903);
#7725=IFCCARTESIANPOINTLIST2D(((0.,0.),(0.,2.),(0.87327492237091064,2.),(0.87327492237091064,0.),(0.82327492162585258,0.),(0.82327492162585258,1.9499999992549419),(0.05000000074505806,1.9499999992549419),(0.05000000074505806,0.)));
#7726=IFCINDEXEDPOLYCURVE(#7725,(IFCLINEINDEX((1,2,3,4,5,6,7,8,1))),$);
#7727=IFCARBITRARYCLOSEDPROFILEDEF(.AREA.,$,#7726);
#7728=IFCCARTESIANPOINT((0.,0.,0.));
#7729=IFCDIRECTION((0.,-1.,0.));
#7730=IFCDIRECTION((1.,0.,0.));
#7731=IFCAXIS2PLACEMENT3D(#7728,#7729,#7730);
#7732=IFCDIRECTION((0.,0.,-1.));
#7733=IFCEXTRUDEDAREASOLID(#7727,#7731,#7732,0.02500000037252903);
#7734=IFCCARTESIANPOINTLIST2D(((0.,0.),(0.77327492088079453,0.),(0.77327492088079453,0.10000000149011612),(0.,0.10000000149011612)));
#7735=IFCINDEXEDPOLYCURVE(#7734,(IFCLINEINDEX((1,2,3,4,1))),$);
#7736=IFCARBITRARYCLOSEDPROFILEDEF(.AREA.,$,#7735);
#7737=IFCCARTESIANPOINT((0.05000000074505806,0.,0.));
#7738=IFCDIRECTION((0.,0.,1.));
#7739=IFCDIRECTION((1.,0.,0.));
#7740=IFCAXIS2PLACEMENT3D(#7737,#7738,#7739);
#7741=IFCDIRECTION((0.,0.,1.));
#7742=IFCEXTRUDEDAREASOLID(#7736,#7740,#7741,0.02500000037252903);
#7743=IFCCARTESIANPOINTLIST2D(((0.,0.),(0.,2.0250000022351742),(0.923274926841259,2.0250000022351742),(0.923274926841259,0.),(0.84827492386102676,0.),(0.84827492386102676,1.9499999992549419),(0.075000002980232239,1.9499999992549419),(0.075000002980232239,0.)));
#7744=IFCINDEXEDPOLYCURVE(#7743,(IFCLINEINDEX((1,2,3,4,5,6,7,8,1))),$);
#7745=IFCARBITRARYCLOSEDPROFILEDEF(.AREA.,$,#7744);
#7746=IFCCARTESIANPOINT((-0.025000002235174179,-0.004999999888241291,0.));
#7747=IFCDIRECTION((0.,-1.,0.));
#7748=IFCDIRECTION((1.,0.,0.));
#7749=IFCAXIS2PLACEMENT3D(#7746,#7747,#7748);
#7750=IFCDIRECTION((0.,0.,-1.));
#7751=IFCEXTRUDEDAREASOLID(#7745,#7749,#7750,0.004999999888241291);
#7752=IFCCARTESIANPOINTLIST2D(((0.,0.),(0.,2.0250000022351742),(0.923274926841259,2.0250000022351742),(0.923274926841259,0.),(0.87327492423355579,0.),(0.87327492423355579,1.974999999627471),(0.050000002607703209,1.974999999627471),(0.050000002607703209,0.)));
#7753=IFCINDEXEDPOLYCURVE(#7752,(IFCLINEINDEX((1,2,3,4,5,6,7,8,1))),$);
#7754=IFCARBITRARYCLOSEDPROFILEDEF(.AREA.,$,#7753);
#7755=IFCCARTESIANPOINT((-0.025000002235174179,0.05000000074505806,0.));
#7756=IFCDIRECTION((0.,-1.,0.));
#7757=IFCDIRECTION((1.,0.,0.));
#7758=IFCAXIS2PLACEMENT3D(#7755,#7756,#7757);
#7759=IFCDIRECTION((0.,0.,-1.));
#7760=IFCEXTRUDEDAREASOLID(#7754,#7758,#7759,0.004999999888241291);
#7761=IFCCARTESIANPOINTLIST2D(((0.,0.),(0.82327492162585258,0.),(0.82327492162585258,0.035000000149011612),(0.,0.035000000149011612)));
#7762=IFCINDEXEDPOLYCURVE(#7761,(IFCLINEINDEX((1,2,3,4,1))),$);
#7763=IFCARBITRARYCLOSEDPROFILEDEF(.AREA.,$,#7762);
#7764=IFCCARTESIANPOINT((0.02500000037252903,0.02500000037252903,0.02500000037252903));
#7765=IFCDIRECTION((0.,0.,1.));
#7766=IFCDIRECTION((1.,0.,0.));
#7767=IFCAXIS2PLACEMENT3D(#7764,#7765,#7766);
#7768=IFCDIRECTION((0.,0.,1.));
#7769=IFCEXTRUDEDAREASOLID(#7763,#7767,#7768,1.9499999992549419);
#7770=IFCCARTESIANPOINTLIST2D(((0.,0.),(0.,-0.040000000000000001),(-0.11999999999999988,-0.040000000000000001),(-0.11999999999999988,-0.02),(-0.020000000000000018,-0.02),(-0.020000000000000018,0.)));
#7771=IFCINDEXEDPOLYCURVE(#7770,(IFCLINEINDEX((1,2,3,4,5,6,1))),$);
#7772=IFCARBITRARYCLOSEDPROFILEDEF(.AREA.,$,#7771);
#7773=IFCCARTESIANPOINT((0.79827492199838157,0.02500000037252903,1.015000000372529));
#7774=IFCDIRECTION((0.,0.,1.));
#7775=IFCDIRECTION((1.,0.,0.));
#7776=IFCAXIS2PLACEMENT3D(#7773,#7774,#7775);
#7777=IFCDIRECTION((0.,0.,1.));
#7778=IFCEXTRUDEDAREASOLID(#7772,#7776,#7777,0.02);
#7779=IFCEXTRUDEDAREASOLID(#7780,#7783,#7787,0.02);
#7780=IFCARBITRARYCLOSEDPROFILEDEF(.AREA.,$,#7781);
#7781=IFCINDEXEDPOLYCURVE(#7782,(IFCLINEINDEX((1,2,3,4,5,6,1))),$);
#7782=IFCCARTESIANPOINTLIST2D(((0.,0.),(0.,0.040000000000000008),(-0.11999999999999988,0.040000000000000008),(-0.11999999999999988,0.020000000000000004),(-0.020000000000000018,0.020000000000000004),(-0.020000000000000018,0.)));
#7783=IFCAXIS2PLACEMENT3D(#7784,#7785,#7786);
#7784=IFCCARTESIANPOINT((0.79827492199838157,0.060000000521540642,1.015000000372529));
#7785=IFCDIRECTION((0.,0.,1.));
#7786=IFCDIRECTION((1.,0.,0.));
#7787=IFCDIRECTION((0.,0.,1.));
#7788=IFCSHAPEREPRESENTATION(#11,'Body','SweptSolid',(#7724,#7733,#7769,#7778,#7779,#7742,#7751,#7760));
#7789=IFCCARTESIANPOINTLIST2D(((0.,0.),(0.,0.05000000074505806),(0.02500000037252903,0.05000000074505806),(0.02500000037252903,0.02500000037252903),(0.05000000074505806,0.02500000037252903),(0.05000000074505806,0.)));
#7790=IFCINDEXEDPOLYCURVE(#7789,(IFCLINEINDEX((1,2,3,4,5,6,1))),$);
#7791=IFCINDEXEDPOLYCURVE(#7792,(IFCLINEINDEX((1,2,3,4,5,6,1))),$);
#7792=IFCCARTESIANPOINTLIST2D(((0.87327492237091064,0.),(0.87327492237091064,0.05000000074505806),(0.84827492199838161,0.05000000074505806),(0.84827492199838161,0.02500000037252903),(0.82327492162585258,0.02500000037252903),(0.82327492162585258,0.)));
#7793=IFCDIRECTION((1.,0.));
#7794=IFCCARTESIANPOINT((0.060000000521540642,0.05000000074505806));
#7795=IFCAXIS2PLACEMENT2D(#7794,#7793);
#7796=IFCELLIPSE(#7795,0.78827492147684097,0.82327492162585258);
#7797=IFCCARTESIANPOINT((0.84827492199838161,0.05000000074505806));
#7798=IFCCARTESIANPOINT((0.060000000521540642,0.87327492237091064));
#7799=IFCTRIMMEDCURVE(#7796,(#7797),(#7798),.T.,.CARTESIAN.);
#7800=IFCCARTESIANPOINTLIST2D(((0.02500000037252903,0.05000000074505806),(0.060000000521540642,0.05000000074505806),(0.060000000521540642,0.87327492237091064),(0.02500000037252903,0.87327492237091064)));
#7801=IFCINDEXEDPOLYCURVE(#7800,(IFCLINEINDEX((1,2,3,4,1))),$);
#7802=IFCSHAPEREPRESENTATION(#24,'Body','Curve2D',(#7790,#7791,#7799,#7801));
#7803=IFCCARTESIANPOINTLIST2D(((0.,0.),(0.87327492237091064,0.),(0.87327492237091064,2.),(0.,2.)));
#7804=IFCINDEXEDPOLYCURVE(#7803,(IFCLINEINDEX((1,2,3,4,1))),$);
#7805=IFCARBITRARYCLOSEDPROFILEDEF(.AREA.,$,#7804);
#7806=IFCCARTESIANPOINT((0.,-0.60000002384185791,0.));
#7807=IFCDIRECTION((0.,-1.,0.));
#7808=IFCDIRECTION((1.,0.,0.));
#7809=IFCAXIS2PLACEMENT3D(#7806,#7807,#7808);
#7810=IFCDIRECTION((0.,0.,-1.));
#7811=IFCEXTRUDEDAREASOLID(#7805,#7809,#7810,1.2);
#7812=IFCSHAPEREPRESENTATION(#11,'Body','SweptSolid',(#7811));
#7818=IFCCARTESIANPOINT((0.26234677791619954,0.015000996030145597,0.));
#7819=IFCDIRECTION((0.,0.,1.));
#7820=IFCDIRECTION((0.99999999999997158,-2.3841857910155572E-07,0.));
#7821=IFCAXIS2PLACEMENT3D(#7818,#7819,#7820);
#7822=IFCLOCALPLACEMENT(#5981,#7821);
#7823=IFCCARTESIANPOINT((0.,0.,0.));
#7824=IFCDIRECTION((0.,0.,1.));
#7825=IFCDIRECTION((1.,0.,0.));
#7826=IFCAXIS2PLACEMENT3D(#7823,#7824,#7825);
#7827=IFCLOCALPLACEMENT(#7822,#7826);
#7828=IFCDOOR('3ZLRCog513ig1Tt7zyTSk8',$,'Door',$,$,#8011,#7837,$,2.,0.86182254552841187,$,.SINGLE_SWING_RIGHT.,$);
#7829=IFCRELDEFINESBYTYPE('1$02KuNx50gQCkkcz1ZLwT',$,$,$,(#7828),#7391);
#7830=IFCCARTESIANPOINT((0.,0.,0.));
#7831=IFCDIRECTION((1.,0.,0.));
#7832=IFCDIRECTION((0.,1.,0.));
#7833=IFCDIRECTION((0.,0.,1.));
#7834=IFCCARTESIANTRANSFORMATIONOPERATOR3D(#7831,#7832,#7830,1.,#7833);
#7835=IFCMAPPEDITEM(#7394,#7834);
#7836=IFCSHAPEREPRESENTATION(#18,'Profile','MappedRepresentation',(#7835));
#7837=IFCPRODUCTDEFINITIONSHAPE($,$,(#7836,#7844,#7851));
#7838=IFCCARTESIANPOINT((0.,0.,0.));
#7839=IFCDIRECTION((1.,0.,0.));
#7840=IFCDIRECTION((0.,1.,0.));
#7841=IFCDIRECTION((0.,0.,1.));
#7842=IFCCARTESIANTRANSFORMATIONOPERATOR3D(#7839,#7840,#7838,1.,#7841);
#7843=IFCMAPPEDITEM(#7402,#7842);
#7844=IFCSHAPEREPRESENTATION(#11,'Body','MappedRepresentation',(#7843));
#7845=IFCCARTESIANPOINT((0.,0.,0.));
#7846=IFCDIRECTION((1.,0.,0.));
#7847=IFCDIRECTION((0.,1.,0.));
#7848=IFCDIRECTION((0.,0.,1.));
#7849=IFCCARTESIANTRANSFORMATIONOPERATOR3D(#7846,#7847,#7845,1.,#7848);
#7850=IFCMAPPEDITEM(#7480,#7849);
#7851=IFCSHAPEREPRESENTATION(#24,'Body','MappedRepresentation',(#7850));
#7852=IFCOPENINGELEMENT('2m8n_JeFn6q8Mk3SBnwtt0',$,'Opening',$,$,#8006,#7880,$,.OPENING.);
#7868=IFCCARTESIANPOINT((0.,0.,0.));
#7869=IFCDIRECTION((1.,0.,0.));
#7870=IFCDIRECTION((0.,0.,1.));
#7871=IFCAXIS2PLACEMENT3D(#7868,#7870,#7869);
#7872=IFCREPRESENTATIONMAP(#7871,#7996);
#7873=IFCCARTESIANPOINT((0.,0.,0.));
#7874=IFCDIRECTION((1.,0.,0.));
#7875=IFCDIRECTION((0.,1.,0.));
#7876=IFCDIRECTION((0.,0.,1.));
#7877=IFCCARTESIANTRANSFORMATIONOPERATOR3D(#7874,#7875,#7873,1.,#7876);
#7878=IFCMAPPEDITEM(#7872,#7877);
#7879=IFCSHAPEREPRESENTATION(#11,'Body','MappedRepresentation',(#7878));
#7880=IFCPRODUCTDEFINITIONSHAPE($,$,(#7879));
#7881=IFCRELVOIDSELEMENT('2fiFj9kxPFuePY6akx1s5p',$,$,$,#7218,#7852);
#7887=IFCRELFILLSELEMENT('13Z2JGD2PC1PNpPD3cWkhp',$,$,$,#7852,#7828);
#7893=IFCCARTESIANPOINTLIST3D(((0.,0.,0.),(0.86182254552841187,0.,0.),(0.86182254552841187,0.,2.),(0.,0.,2.)));
#7894=IFCINDEXEDPOLYCURVE(#7893,(IFCLINEINDEX((1,2,3,4,1))),$);
#7895=IFCSHAPEREPRESENTATION(#18,'Profile','Curve3D',(#7894));
#7896=IFCCARTESIANPOINTLIST2D(((0.,0.),(0.,2.),(0.86182254552841187,2.),(0.86182254552841187,0.),(0.83682254515588284,0.),(0.83682254515588284,1.974999999627471),(0.02500000037252903,1.974999999627471),(0.02500000037252903,0.)));
#7897=IFCINDEXEDPOLYCURVE(#7896,(IFCLINEINDEX((1,2,3,4,5,6,7,8,1))),$);
#7898=IFCARBITRARYCLOSEDPROFILEDEF(.AREA.,$,#7897);
#7899=IFCCARTESIANPOINT((0.,0.02500000037252903,0.));
#7900=IFCDIRECTION((0.,-1.,0.));
#7901=IFCDIRECTION((1.,0.,0.));
#7902=IFCAXIS2PLACEMENT3D(#7899,#7900,#7901);
#7903=IFCDIRECTION((0.,0.,-1.));
#7904=IFCEXTRUDEDAREASOLID(#7898,#7902,#7903,0.02500000037252903);
#7905=IFCCARTESIANPOINTLIST2D(((0.,0.),(0.,2.),(0.86182254552841187,2.),(0.86182254552841187,0.),(0.81182254478335381,0.),(0.81182254478335381,1.9499999992549419),(0.05000000074505806,1.9499999992549419),(0.05000000074505806,0.)));
#7906=IFCINDEXEDPOLYCURVE(#7905,(IFCLINEINDEX((1,2,3,4,5,6,7,8,1))),$);
#7907=IFCARBITRARYCLOSEDPROFILEDEF(.AREA.,$,#7906);
#7908=IFCCARTESIANPOINT((0.,0.,0.));
#7909=IFCDIRECTION((0.,-1.,0.));
#7910=IFCDIRECTION((1.,0.,0.));
#7911=IFCAXIS2PLACEMENT3D(#7908,#7909,#7910);
#7912=IFCDIRECTION((0.,0.,-1.));
#7913=IFCEXTRUDEDAREASOLID(#7907,#7911,#7912,0.02500000037252903);
#7914=IFCCARTESIANPOINTLIST2D(((0.,0.),(0.76182254403829575,0.),(0.76182254403829575,0.10000000149011612),(0.,0.10000000149011612)));
#7915=IFCINDEXEDPOLYCURVE(#7914,(IFCLINEINDEX((1,2,3,4,1))),$);
#7916=IFCARBITRARYCLOSEDPROFILEDEF(.AREA.,$,#7915);
#7917=IFCCARTESIANPOINT((0.05000000074505806,0.,0.));
#7918=IFCDIRECTION((0.,0.,1.));
#7919=IFCDIRECTION((1.,0.,0.));
#7920=IFCAXIS2PLACEMENT3D(#7917,#7918,#7919);
#7921=IFCDIRECTION((0.,0.,1.));
#7922=IFCEXTRUDEDAREASOLID(#7916,#7920,#7921,0.02500000037252903);
#7923=IFCCARTESIANPOINTLIST2D(((0.,0.),(0.,2.0250000022351742),(0.91182254999876022,2.0250000022351742),(0.91182254999876022,0.),(0.83682254701852798,0.),(0.83682254701852798,1.9499999992549419),(0.075000002980232239,1.9499999992549419),(0.075000002980232239,0.)));
#7924=IFCINDEXEDPOLYCURVE(#7923,(IFCLINEINDEX((1,2,3,4,5,6,7,8,1))),$);
#7925=IFCARBITRARYCLOSEDPROFILEDEF(.AREA.,$,#7924);
#7926=IFCCARTESIANPOINT((-0.025000002235174179,-0.004999999888241291,0.));
#7927=IFCDIRECTION((0.,-1.,0.));
#7928=IFCDIRECTION((1.,0.,0.));
#7929=IFCAXIS2PLACEMENT3D(#7926,#7927,#7928);
#7930=IFCDIRECTION((0.,0.,-1.));
#7931=IFCEXTRUDEDAREASOLID(#7925,#7929,#7930,0.004999999888241291);
#7932=IFCCARTESIANPOINTLIST2D(((0.,0.),(0.,2.0250000022351742),(0.91182254999876022,2.0250000022351742),(0.91182254999876022,0.),(0.86182254739105701,0.),(0.86182254739105701,1.974999999627471),(0.050000002607703209,1.974999999627471),(0.050000002607703209,0.)));
#7933=IFCINDEXEDPOLYCURVE(#7932,(IFCLINEINDEX((1,2,3,4,5,6,7,8,1))),$);
#7934=IFCARBITRARYCLOSEDPROFILEDEF(.AREA.,$,#7933);
#7935=IFCCARTESIANPOINT((-0.025000002235174179,0.05000000074505806,0.));
#7936=IFCDIRECTION((0.,-1.,0.));
#7937=IFCDIRECTION((1.,0.,0.));
#7938=IFCAXIS2PLACEMENT3D(#7935,#7936,#7937);
#7939=IFCDIRECTION((0.,0.,-1.));
#7940=IFCEXTRUDEDAREASOLID(#7934,#7938,#7939,0.004999999888241291);
#7941=IFCCARTESIANPOINTLIST2D(((0.,0.),(0.81182254478335381,0.),(0.81182254478335381,0.035000000149011612),(0.,0.035000000149011612)));
#7942=IFCINDEXEDPOLYCURVE(#7941,(IFCLINEINDEX((1,2,3,4,1))),$);
#7943=IFCARBITRARYCLOSEDPROFILEDEF(.AREA.,$,#7942);
#7944=IFCCARTESIANPOINT((0.02500000037252903,0.02500000037252903,0.02500000037252903));
#7945=IFCDIRECTION((0.,0.,1.));
#7946=IFCDIRECTION((1.,0.,0.));
#7947=IFCAXIS2PLACEMENT3D(#7944,#7945,#7946);
#7948=IFCDIRECTION((0.,0.,1.));
#7949=IFCEXTRUDEDAREASOLID(#7943,#7947,#7948,1.9499999992549419);
#7950=IFCCARTESIANPOINTLIST2D(((0.,0.),(0.,-0.040000000000000001),(0.12,-0.040000000000000001),(0.12,-0.02),(0.02,-0.02),(0.02,0.)));
#7951=IFCINDEXEDPOLYCURVE(#7950,(IFCLINEINDEX((1,2,3,4,5,6,1))),$);
#7952=IFCARBITRARYCLOSEDPROFILEDEF(.AREA.,$,#7951);
#7953=IFCCARTESIANPOINT((0.075000000372529033,0.02500000037252903,1.015000000372529));
#7954=IFCDIRECTION((0.,0.,1.));
#7955=IFCDIRECTION((1.,0.,0.));
#7956=IFCAXIS2PLACEMENT3D(#7953,#7954,#7955);
#7957=IFCDIRECTION((0.,0.,1.));
#7958=IFCEXTRUDEDAREASOLID(#7952,#7956,#7957,0.02);
#7959=IFCEXTRUDEDAREASOLID(#7960,#7963,#7967,0.02);
#7960=IFCARBITRARYCLOSEDPROFILEDEF(.AREA.,$,#7961);
#7961=IFCINDEXEDPOLYCURVE(#7962,(IFCLINEINDEX((1,2,3,4,5,6,1))),$);
#7962=IFCCARTESIANPOINTLIST2D(((0.,0.),(0.,0.040000000000000008),(0.11999999999999998,0.040000000000000008),(0.11999999999999998,0.020000000000000004),(0.020000000000000004,0.020000000000000004),(0.020000000000000004,0.)));
#7963=IFCAXIS2PLACEMENT3D(#7964,#7965,#7966);
#7964=IFCCARTESIANPOINT((0.075000000372529033,0.060000000521540642,1.015000000372529));
#7965=IFCDIRECTION((0.,0.,1.));
#7966=IFCDIRECTION((1.,0.,0.));
#7967=IFCDIRECTION((0.,0.,1.));
#7968=IFCSHAPEREPRESENTATION(#11,'Body','SweptSolid',(#7904,#7913,#7949,#7958,#7959,#7922,#7931,#7940));
#7969=IFCSHAPEREPRESENTATION(#11,'Body','SweptSolid',(#7904,#7913,#7922,#7931,#7940));
#7970=IFCSHAPEASPECT((#7969),'Lining',$,.T.,#7837);
#7971=IFCSHAPEREPRESENTATION(#11,'Body','SweptSolid',(#7949,#7958,#7959));
#7972=IFCSHAPEASPECT((#7971),'Framing',$,.T.,#7837);
#7973=IFCCARTESIANPOINTLIST2D(((0.,0.),(0.,0.05000000074505806),(0.02500000037252903,0.05000000074505806),(0.02500000037252903,0.02500000037252903),(0.05000000074505806,0.02500000037252903),(0.05000000074505806,0.)));
#7974=IFCINDEXEDPOLYCURVE(#7973,(IFCLINEINDEX((1,2,3,4,5,6,1))),$);
#7975=IFCINDEXEDPOLYCURVE(#7976,(IFCLINEINDEX((1,2,3,4,5,6,1))),$);
#7976=IFCCARTESIANPOINTLIST2D(((0.86182254552841187,0.),(0.86182254552841187,0.05000000074505806),(0.83682254515588284,0.05000000074505806),(0.83682254515588284,0.02500000037252903),(0.81182254478335381,0.02500000037252903),(0.81182254478335381,0.)));
#7977=IFCDIRECTION((1.,0.));
#7978=IFCCARTESIANPOINT((0.80182254500687122,0.05000000074505806));
#7979=IFCAXIS2PLACEMENT2D(#7978,#7977);
#7980=IFCELLIPSE(#7979,0.77682254463434219,0.81182254478335381);
#7981=IFCCARTESIANPOINT((0.80182254500687122,0.86182254552841187));
#7982=IFCCARTESIANPOINT((0.02500000037252903,0.05000000074505806));
#7983=IFCTRIMMEDCURVE(#7980,(#7981),(#7982),.T.,.CARTESIAN.);
#7984=IFCCARTESIANPOINTLIST2D(((0.83682254515588284,0.05000000074505806),(0.80182254500687122,0.05000000074505806),(0.80182254500687122,0.86182254552841187),(0.83682254515588284,0.86182254552841187)));
#7985=IFCINDEXEDPOLYCURVE(#7984,(IFCLINEINDEX((1,2,3,4,1))),$);
#7986=IFCSHAPEREPRESENTATION(#24,'Body','Curve2D',(#7974,#7975,#7983,#7985));
#7987=IFCCARTESIANPOINTLIST2D(((0.,0.),(0.86182254552841187,0.),(0.86182254552841187,2.),(0.,2.)));
#7988=IFCINDEXEDPOLYCURVE(#7987,(IFCLINEINDEX((1,2,3,4,1))),$);
#7989=IFCARBITRARYCLOSEDPROFILEDEF(.AREA.,$,#7988);
#7990=IFCCARTESIANPOINT((0.,-0.60000002384185791,0.));
#7991=IFCDIRECTION((0.,-1.,0.));
#7992=IFCDIRECTION((1.,0.,0.));
#7993=IFCAXIS2PLACEMENT3D(#7990,#7991,#7992);
#7994=IFCDIRECTION((0.,0.,-1.));
#7995=IFCEXTRUDEDAREASOLID(#7989,#7993,#7994,1.2);
#7996=IFCSHAPEREPRESENTATION(#11,'Body','SweptSolid',(#7995));
#8002=IFCCARTESIANPOINT((0.99682575464248657,-0.099999994039535522,0.));
#8003=IFCDIRECTION((0.,0.,1.));
#8004=IFCDIRECTION((-0.99999999999998868,1.5099580252808492E-07,0.));
#8005=IFCAXIS2PLACEMENT3D(#8002,#8003,#8004);
#8006=IFCLOCALPLACEMENT(#7229,#8005);
#8007=IFCCARTESIANPOINT((-4.4408920985006262E-16,0.,0.));
#8008=IFCDIRECTION((0.,0.,1.));
#8009=IFCDIRECTION((1.,0.,0.));
#8010=IFCAXIS2PLACEMENT3D(#8007,#8008,#8009);
#8011=IFCLOCALPLACEMENT(#8006,#8010);
#8012=IFCWINDOWTYPE('3h9OOTIxj3HOi7B38NH0eZ',$,'BR2-2F',$,$,(#8013),(#8015,#8023,#8109),$,$,.WINDOW.,.SINGLE_PANEL.,$,$);
#8013=IFCPROPERTYSET('3MoMuHfAb6cOFFpfVmXlty',$,'BBIM_Window',$,(#8014));
#8014=IFCPROPERTYSINGLEVALUE('Data',$,IFCTEXT('{"window_type": "DOUBLE_PANEL_VERTICAL", "overall_height": 0.8999999761581421, "overall_width": 1.201168179512024, "lining_properties": {"lining_depth": 0.05000000074505806, "lining_thickness": 0.05000000074505806, "lining_offset": 0.05000000074505806, "lining_to_panel_offset_x": 0.02500000037252903, "lining_to_panel_offset_y": 0.02500000037252903, "mullion_thickness": 0.05000000074505806, "first_mullion_offset": 0.60533207654953}, "panel_properties": {"frame_depth": [0.03500000014901161, 0.03500000014901161, 0.03500000014901161], "frame_thickness": [0.03500000014901161, 0.03500000014901161, 0.03500000014901161]}}'),$);
#8015=IFCREPRESENTATIONMAP(#8016,#8214);
#8016=IFCAXIS2PLACEMENT3D(#8017,#8018,#8019);
#8017=IFCCARTESIANPOINT((0.,0.,0.));
#8018=IFCDIRECTION((0.,0.,1.));
#8019=IFCDIRECTION((1.,0.,0.));
#8023=IFCREPRESENTATIONMAP(#8024,#8295);
#8024=IFCAXIS2PLACEMENT3D(#8025,#8026,#8027);
#8025=IFCCARTESIANPOINT((0.,0.,0.));
#8026=IFCDIRECTION((0.,0.,1.));
#8027=IFCDIRECTION((1.,0.,0.));
#8109=IFCREPRESENTATIONMAP(#8110,#8334);
#8110=IFCAXIS2PLACEMENT3D(#8111,#8112,#8113);
#8111=IFCCARTESIANPOINT((0.,0.,0.));
#8112=IFCDIRECTION((0.,0.,1.));
#8113=IFCDIRECTION((1.,0.,0.));
#8147=IFCWINDOW('29upKaiVj0dg7u8DKpDriH',$,'Window',$,$,#10887,#8156,$,0.89999997615814209,1.2011681795120239,$,.DOUBLE_PANEL_VERTICAL.,$);
#8148=IFCRELDEFINESBYTYPE('0thBg5w3zENA4kRYYnR0P$',$,$,$,(#8147),#8012);
#8149=IFCCARTESIANPOINT((0.,0.,0.));
#8150=IFCDIRECTION((1.,0.,0.));
#8151=IFCDIRECTION((0.,1.,0.));
#8152=IFCDIRECTION((0.,0.,1.));
#8153=IFCCARTESIANTRANSFORMATIONOPERATOR3D(#8150,#8151,#8149,1.,#8152);
#8154=IFCMAPPEDITEM(#8015,#8153);
#8155=IFCSHAPEREPRESENTATION(#18,'Profile','MappedRepresentation',(#8154));
#8156=IFCPRODUCTDEFINITIONSHAPE($,$,(#8155,#8163,#8170));
#8157=IFCCARTESIANPOINT((0.,0.,0.));
#8158=IFCDIRECTION((1.,0.,0.));
#8159=IFCDIRECTION((0.,1.,0.));
#8160=IFCDIRECTION((0.,0.,1.));
#8161=IFCCARTESIANTRANSFORMATIONOPERATOR3D(#8158,#8159,#8157,1.,#8160);
#8162=IFCMAPPEDITEM(#8023,#8161);
#8163=IFCSHAPEREPRESENTATION(#11,'Body','MappedRepresentation',(#8162));
#8164=IFCCARTESIANPOINT((0.,0.,0.));
#8165=IFCDIRECTION((1.,0.,0.));
#8166=IFCDIRECTION((0.,1.,0.));
#8167=IFCDIRECTION((0.,0.,1.));
#8168=IFCCARTESIANTRANSFORMATIONOPERATOR3D(#8165,#8166,#8164,1.,#8167);
#8169=IFCMAPPEDITEM(#8109,#8168);
#8170=IFCSHAPEREPRESENTATION(#24,'Body','MappedRepresentation',(#8169));
#8171=IFCOPENINGELEMENT('3L7NcuIkX1fe1jNJx$r9YI',$,'Opening',$,$,#8611,#8199,$,.OPENING.);
#8187=IFCCARTESIANPOINT((0.,0.,0.));
#8188=IFCDIRECTION((1.,0.,0.));
#8189=IFCDIRECTION((0.,0.,1.));
#8190=IFCAXIS2PLACEMENT3D(#8187,#8189,#8188);
#8191=IFCREPRESENTATIONMAP(#8190,#8344);
#8192=IFCCARTESIANPOINT((0.,0.,0.));
#8193=IFCDIRECTION((1.,0.,0.));
#8194=IFCDIRECTION((0.,1.,0.));
#8195=IFCDIRECTION((0.,0.,1.));
#8196=IFCCARTESIANTRANSFORMATIONOPERATOR3D(#8193,#8194,#8192,1.,#8195);
#8197=IFCMAPPEDITEM(#8191,#8196);
#8198=IFCSHAPEREPRESENTATION(#11,'Body','MappedRepresentation',(#8197));
#8199=IFCPRODUCTDEFINITIONSHAPE($,$,(#8198));
#8200=IFCRELVOIDSELEMENT('1zLsYESZ9FouOm2xsjqyf7',$,$,$,#6020,#8171);
#8206=IFCRELFILLSELEMENT('0jd$PaKNjBoRlmxnON6pGH',$,$,$,#8171,#8147);
#8212=IFCCARTESIANPOINTLIST3D(((0.,0.,0.),(1.2011681795120239,0.,0.),(1.2011681795120239,0.,0.89999997615814209),(0.,0.,0.89999997615814209)));
#8213=IFCINDEXEDPOLYCURVE(#8212,(IFCLINEINDEX((1,2,3,4,1))),$);
#8214=IFCSHAPEREPRESENTATION(#18,'Profile','Curve3D',(#8213));
#8215=IFCCARTESIANPOINTLIST2D(((0.60533207654953003,0.),(0.,0.),(0.,0.89999997615814209),(0.60533207654953003,0.89999997615814209),(0.60533207654953003,0.87499997578561306),(0.02500000037252903,0.87499997578561306),(0.02500000037252903,0.02500000037252903),(0.60533207654953003,0.02500000037252903)));
#8216=IFCINDEXEDPOLYCURVE(#8215,(IFCLINEINDEX((1,2,3,4,5,6,7,8,1))),$);
#8217=IFCARBITRARYCLOSEDPROFILEDEF(.AREA.,$,#8216);
#8218=IFCCARTESIANPOINT((0.,0.090000001713633537,0.));
#8219=IFCDIRECTION((0.,-1.,0.));
#8220=IFCDIRECTION((1.,0.,0.));
#8221=IFCAXIS2PLACEMENT3D(#8218,#8219,#8220);
#8222=IFCDIRECTION((0.,0.,-1.));
#8223=IFCEXTRUDEDAREASOLID(#8217,#8221,#8222,0.0099999997764825821);
#8224=IFCCARTESIANPOINTLIST2D(((0.,0.),(0.60533207654953003,0.),(0.60533207654953003,0.89999997615814209),(0.,0.89999997615814209)));
#8225=IFCINDEXEDPOLYCURVE(#8224,(IFCLINEINDEX((1,2,3,4,1))),$);
#8226=IFCCARTESIANPOINTLIST2D(((0.05000000074505806,0.05000000074505806),(0.580332076177001,0.05000000074505806),(0.580332076177001,0.84999997541308403),(0.05000000074505806,0.84999997541308403)));
#8227=IFCINDEXEDPOLYCURVE(#8226,(IFCLINEINDEX((1,2,3,4,1))),$);
#8228=IFCARBITRARYPROFILEDEFWITHVOIDS(.AREA.,$,#8225,(#8227));
#8229=IFCCARTESIANPOINT((0.,0.05000000074505806,0.));
#8230=IFCDIRECTION((0.,-1.,0.));
#8231=IFCDIRECTION((1.,0.,0.));
#8232=IFCAXIS2PLACEMENT3D(#8229,#8230,#8231);
#8233=IFCDIRECTION((0.,0.,-1.));
#8234=IFCEXTRUDEDAREASOLID(#8228,#8232,#8233,0.040000000968575478);
#8235=IFCCARTESIANPOINTLIST2D(((0.,0.),(0.580332076177001,0.),(0.580332076177001,0.84999997541308403),(0.,0.84999997541308403)));
#8236=IFCINDEXEDPOLYCURVE(#8235,(IFCLINEINDEX((1,2,3,4,1))),$);
#8237=IFCCARTESIANPOINTLIST2D(((0.035000000149011612,0.035000000149011612),(0.54533207602798939,0.035000000149011612),(0.54533207602798939,0.81499997526407242),(0.035000000149011612,0.81499997526407242)));
#8238=IFCINDEXEDPOLYCURVE(#8237,(IFCLINEINDEX((1,2,3,4,1))),$);
#8239=IFCARBITRARYPROFILEDEFWITHVOIDS(.AREA.,$,#8236,(#8238));
#8240=IFCCARTESIANPOINT((0.02500000037252903,0.090000001713633537,0.02500000037252903));
#8241=IFCDIRECTION((0.,-1.,0.));
#8242=IFCDIRECTION((1.,0.,0.));
#8243=IFCAXIS2PLACEMENT3D(#8240,#8241,#8242);
#8244=IFCDIRECTION((0.,0.,-1.));
#8245=IFCEXTRUDEDAREASOLID(#8239,#8243,#8244,0.035000000149011612);
#8246=IFCINDEXEDPOLYCURVE(#8247,(IFCLINEINDEX((1,2,3,4,1))),$);
#8247=IFCCARTESIANPOINTLIST2D(((0.035000000149011612,0.035000000149011612),(0.54533207602798939,0.035000000149011612),(0.54533207602798939,0.81499997526407242),(0.035000000149011612,0.81499997526407242)));
#8248=IFCARBITRARYCLOSEDPROFILEDEF(.AREA.,$,#8246);
#8249=IFCCARTESIANPOINT((0.02500000037252903,0.10250000178813934,0.02500000037252903));
#8250=IFCDIRECTION((0.,-1.,0.));
#8251=IFCDIRECTION((1.,0.,0.));
#8252=IFCAXIS2PLACEMENT3D(#8249,#8250,#8251);
#8253=IFCDIRECTION((0.,0.,-1.));
#8254=IFCEXTRUDEDAREASOLID(#8248,#8252,#8253,0.01);
#8255=IFCCARTESIANPOINTLIST2D(((0.,0.89999997615814209),(0.5958361029624939,0.89999997615814209),(0.5958361029624939,0.),(0.,0.),(0.,0.02500000037252903),(0.57083610258996487,0.02500000037252903),(0.57083610258996487,0.87499997578561306),(0.,0.87499997578561306)));
#8256=IFCINDEXEDPOLYCURVE(#8255,(IFCLINEINDEX((1,2,3,4,5,6,7,8,1))),$);
#8257=IFCARBITRARYCLOSEDPROFILEDEF(.AREA.,$,#8256);
#8258=IFCCARTESIANPOINT((0.60533207654953003,0.090000001713633537,0.));
#8259=IFCDIRECTION((0.,-1.,0.));
#8260=IFCDIRECTION((1.,0.,0.));
#8261=IFCAXIS2PLACEMENT3D(#8258,#8259,#8260);
#8262=IFCDIRECTION((0.,0.,-1.));
#8263=IFCEXTRUDEDAREASOLID(#8257,#8261,#8262,0.0099999997764825821);
#8264=IFCCARTESIANPOINTLIST2D(((0.,0.),(0.5958361029624939,0.),(0.5958361029624939,0.89999997615814209),(0.,0.89999997615814209)));
#8265=IFCINDEXEDPOLYCURVE(#8264,(IFCLINEINDEX((1,2,3,4,1))),$);
#8266=IFCCARTESIANPOINTLIST2D(((0.02500000037252903,0.05000000074505806),(0.54583610221743584,0.05000000074505806),(0.54583610221743584,0.84999997541308403),(0.02500000037252903,0.84999997541308403)));
#8267=IFCINDEXEDPOLYCURVE(#8266,(IFCLINEINDEX((1,2,3,4,1))),$);
#8268=IFCARBITRARYPROFILEDEFWITHVOIDS(.AREA.,$,#8265,(#8267));
#8269=IFCCARTESIANPOINT((0.60533207654953003,0.05000000074505806,0.));
#8270=IFCDIRECTION((0.,-1.,0.));
#8271=IFCDIRECTION((1.,0.,0.));
#8272=IFCAXIS2PLACEMENT3D(#8269,#8270,#8271);
#8273=IFCDIRECTION((0.,0.,-1.));
#8274=IFCEXTRUDEDAREASOLID(#8268,#8272,#8273,0.040000000968575478);
#8275=IFCCARTESIANPOINTLIST2D(((0.,0.),(0.57083610258996487,0.),(0.57083610258996487,0.84999997541308403),(0.,0.84999997541308403)));
#8276=IFCINDEXEDPOLYCURVE(#8275,(IFCLINEINDEX((1,2,3,4,1))),$);
#8277=IFCCARTESIANPOINTLIST2D(((0.035000000149011612,0.035000000149011612),(0.53583610244095325,0.035000000149011612),(0.53583610244095325,0.81499997526407242),(0.035000000149011612,0.81499997526407242)));
#8278=IFCINDEXEDPOLYCURVE(#8277,(IFCLINEINDEX((1,2,3,4,1))),$);
#8279=IFCARBITRARYPROFILEDEFWITHVOIDS(.AREA.,$,#8276,(#8278));
#8280=IFCCARTESIANPOINT((0.60533207654953003,0.090000001713633537,0.02500000037252903));
#8281=IFCDIRECTION((0.,-1.,0.));
#8282=IFCDIRECTION((1.,0.,0.));
#8283=IFCAXIS2PLACEMENT3D(#8280,#8281,#8282);
#8284=IFCDIRECTION((0.,0.,-1.));
#8285=IFCEXTRUDEDAREASOLID(#8279,#8283,#8284,0.035000000149011612);
#8286=IFCINDEXEDPOLYCURVE(#8287,(IFCLINEINDEX((1,2,3,4,1))),$);
#8287=IFCCARTESIANPOINTLIST2D(((0.035000000149011612,0.035000000149011612),(0.53583610244095325,0.035000000149011612),(0.53583610244095325,0.81499997526407242),(0.035000000149011612,0.81499997526407242)));
#8288=IFCARBITRARYCLOSEDPROFILEDEF(.AREA.,$,#8286);
#8289=IFCCARTESIANPOINT((0.60533207654953003,0.10250000178813934,0.02500000037252903));
#8290=IFCDIRECTION((0.,-1.,0.));
#8291=IFCDIRECTION((1.,0.,0.));
#8292=IFCAXIS2PLACEMENT3D(#8289,#8290,#8291);
#8293=IFCDIRECTION((0.,0.,-1.));
#8294=IFCEXTRUDEDAREASOLID(#8288,#8292,#8293,0.01);
#8295=IFCSHAPEREPRESENTATION(#11,'Body','SweptSolid',(#8223,#8234,#8245,#8254,#8263,#8274,#8285,#8294));
#8296=IFCSHAPEREPRESENTATION(#11,'Body','SweptSolid',(#8223,#8234,#8263,#8274));
#8297=IFCSHAPEASPECT((#8296),'Lining',$,.T.,#8156);
#8298=IFCSHAPEREPRESENTATION(#11,'Body','SweptSolid',(#8245,#8285));
#8299=IFCSHAPEASPECT((#8298),'Framing',$,.T.,#8156);
#8300=IFCSHAPEREPRESENTATION(#11,'Body','SweptSolid',(#8254,#8294));
#8301=IFCSHAPEASPECT((#8300),'Glazing',$,.T.,#8156);
#8302=IFCCARTESIANPOINTLIST2D(((0.05000000074505806,0.05000000074505806),(0.580332076177001,0.05000000074505806)));
#8303=IFCINDEXEDPOLYCURVE(#8302,$,$);
#8304=IFCCARTESIANPOINTLIST2D(((0.,0.10000000149011612),(0.02500000037252903,0.10000000149011612),(0.02500000037252903,0.090000001713633537),(0.05000000074505806,0.090000001713633537),(0.05000000074505806,0.05000000074505806),(0.,0.05000000074505806)));
#8305=IFCINDEXEDPOLYCURVE(#8304,(IFCLINEINDEX((1,2,3,4,5,6,1))),$);
#8306=IFCCARTESIANPOINTLIST2D(((0.60533207654953003,0.10000000149011612),(0.60533207654953003,0.10000000149011612),(0.60533207654953003,0.090000001713633537),(0.580332076177001,0.090000001713633537),(0.580332076177001,0.05000000074505806),(0.60533207654953003,0.05000000074505806)));
#8307=IFCINDEXEDPOLYCURVE(#8306,$,$);
#8308=IFCCARTESIANPOINTLIST2D(((0.02500000037252903,0.090000001713633537),(0.060000000521540642,0.090000001713633537),(0.060000000521540642,0.12500000186264515),(0.02500000037252903,0.12500000186264515)));
#8309=IFCINDEXEDPOLYCURVE(#8308,(IFCLINEINDEX((1,2,3,4,1))),$);
#8310=IFCINDEXEDPOLYCURVE(#8311,(IFCLINEINDEX((1,2,3,4,1))),$);
#8311=IFCCARTESIANPOINTLIST2D(((0.60533207654953003,0.090000001713633537),(0.57033207640051842,0.090000001713633537),(0.57033207640051842,0.12500000186264515),(0.60533207654953003,0.12500000186264515)));
#8312=IFCCARTESIANPOINTLIST2D(((0.060000000521540642,0.090000001713633537),(0.57033207640051842,0.090000001713633537)));
#8313=IFCINDEXEDPOLYCURVE(#8312,$,$);
#8314=IFCINDEXEDPOLYCURVE(#8315,$,$);
#8315=IFCCARTESIANPOINTLIST2D(((0.060000000521540642,0.12500000186264515),(0.57033207640051842,0.12500000186264515)));
#8316=IFCINDEXEDPOLYCURVE(#8317,$,$);
#8317=IFCCARTESIANPOINTLIST2D(((0.060000000521540642,0.10750000178813934),(0.57033207640051842,0.10750000178813934)));
#8318=IFCCARTESIANPOINTLIST2D(((0.63033207692205906,0.05000000074505806),(1.1511681787669659,0.05000000074505806)));
#8319=IFCINDEXEDPOLYCURVE(#8318,$,$);
#8320=IFCCARTESIANPOINTLIST2D(((0.60533207654953003,0.10000000149011612),(0.60533207654953003,0.10000000149011612),(0.60533207654953003,0.090000001713633537),(0.63033207692205906,0.090000001713633537),(0.63033207692205906,0.05000000074505806),(0.60533207654953003,0.05000000074505806)));
#8321=IFCINDEXEDPOLYCURVE(#8320,$,$);
#8322=IFCCARTESIANPOINTLIST2D(((1.2011681795120239,0.10000000149011612),(1.1761681791394949,0.10000000149011612),(1.1761681791394949,0.090000001713633537),(1.1511681787669659,0.090000001713633537),(1.1511681787669659,0.05000000074505806),(1.2011681795120239,0.05000000074505806)));
#8323=IFCINDEXEDPOLYCURVE(#8322,(IFCLINEINDEX((1,2,3,4,5,6,1))),$);
#8324=IFCCARTESIANPOINTLIST2D(((0.60533207654953003,0.090000001713633537),(0.64033207669854164,0.090000001713633537),(0.64033207669854164,0.12500000186264515),(0.60533207654953003,0.12500000186264515)));
#8325=IFCINDEXEDPOLYCURVE(#8324,(IFCLINEINDEX((1,2,3,4,1))),$);
#8326=IFCINDEXEDPOLYCURVE(#8327,(IFCLINEINDEX((1,2,3,4,1))),$);
#8327=IFCCARTESIANPOINTLIST2D(((1.1761681791394949,0.090000001713633537),(1.1411681789904833,0.090000001713633537),(1.1411681789904833,0.12500000186264515),(1.1761681791394949,0.12500000186264515)));
#8328=IFCCARTESIANPOINTLIST2D(((0.64033207669854164,0.090000001713633537),(1.1411681789904833,0.090000001713633537)));
#8329=IFCINDEXEDPOLYCURVE(#8328,$,$);
#8330=IFCINDEXEDPOLYCURVE(#8331,$,$);
#8331=IFCCARTESIANPOINTLIST2D(((0.64033207669854164,0.12500000186264515),(1.1411681789904833,0.12500000186264515)));
#8332=IFCINDEXEDPOLYCURVE(#8333,$,$);
#8333=IFCCARTESIANPOINTLIST2D(((0.64033207669854164,0.10750000178813934),(1.1411681789904833,0.10750000178813934)));
#8334=IFCSHAPEREPRESENTATION(#24,'Body','Curve2D',(#8303,#8305,#8307,#8309,#8310,#8313,#8314,#8316,#8319,#8321,#8323,#8325,#8326,#8329,#8330,#8332));
#8335=IFCCARTESIANPOINTLIST2D(((0.,0.),(1.2011681795120239,0.),(1.2011681795120239,0.89999997615814209),(0.,0.89999997615814209)));
#8336=IFCINDEXEDPOLYCURVE(#8335,(IFCLINEINDEX((1,2,3,4,1))),$);
#8337=IFCARBITRARYCLOSEDPROFILEDEF(.AREA.,$,#8336);
#8338=IFCCARTESIANPOINT((0.,-0.60000002384185791,0.));
#8339=IFCDIRECTION((0.,-1.,0.));
#8340=IFCDIRECTION((1.,0.,0.));
#8341=IFCAXIS2PLACEMENT3D(#8338,#8339,#8340);
#8342=IFCDIRECTION((0.,0.,-1.));
#8343=IFCEXTRUDEDAREASOLID(#8337,#8341,#8342,1.2);
#8344=IFCSHAPEREPRESENTATION(#11,'Body','SweptSolid',(#8343));
#8360=IFCWINDOWTYPE('0mnOIFjBf8qRSKuXDjf_On',$,'MBR-1-2F',$,$,(#8361),(#8363,#8371,#8419),$,$,.WINDOW.,.SINGLE_PANEL.,$,$);
#8361=IFCPROPERTYSET('0HB_ao48j8kAKKRh4BfDWd',$,'BBIM_Window',$,(#8362));
#8362=IFCPROPERTYSINGLEVALUE('Data',$,IFCTEXT('{"window_type": "SINGLE_PANEL", "overall_height": 0.8999999761581421, "overall_width": 0.8128748536109924, "lining_properties": {"lining_depth": 0.05000000074505806, "lining_thickness": 0.05000000074505806, "lining_offset": 0.05000000074505806, "lining_to_panel_offset_x": 0.02500000037252903, "lining_to_panel_offset_y": 0.02500000037252903}, "panel_properties": {"frame_depth": [0.03500000014901161, 0.03500000014901161, 0.03500000014901161], "frame_thickness": [0.03500000014901161, 0.03500000014901161, 0.03500000014901161]}}'),$);
#8363=IFCREPRESENTATIONMAP(#8364,#8368);
#8364=IFCAXIS2PLACEMENT3D(#8365,#8366,#8367);
#8365=IFCCARTESIANPOINT((0.,0.,0.));
#8366=IFCDIRECTION((0.,0.,1.));
#8367=IFCDIRECTION((1.,0.,0.));
#8368=IFCSHAPEREPRESENTATION(#18,'Profile','Curve3D',(#8369));
#8369=IFCINDEXEDPOLYCURVE(#8370,(IFCLINEINDEX((1,2,3,4,1))),$);
#8370=IFCCARTESIANPOINTLIST3D(((0.,0.,0.),(0.81287485361099243,0.,0.),(0.81287485361099243,0.,0.89999997615814209),(0.,0.,0.89999997615814209)));
#8371=IFCREPRESENTATIONMAP(#8372,#8376);
#8372=IFCAXIS2PLACEMENT3D(#8373,#8374,#8375);
#8373=IFCCARTESIANPOINT((0.,0.,0.));
#8374=IFCDIRECTION((0.,0.,1.));
#8375=IFCDIRECTION((1.,0.,0.));
#8376=IFCSHAPEREPRESENTATION(#11,'Body','SweptSolid',(#8377,#8388,#8399,#8410));
#8377=IFCEXTRUDEDAREASOLID(#8378,#8383,#8387,0.0099999997764825821);
#8378=IFCARBITRARYPROFILEDEFWITHVOIDS(.AREA.,$,#8379,(#8381));
#8379=IFCINDEXEDPOLYCURVE(#8380,(IFCLINEINDEX((1,2,3,4,1))),$);
#8380=IFCCARTESIANPOINTLIST2D(((0.,0.),(0.81287485361099243,0.),(0.81287485361099243,0.89999997615814209),(0.,0.89999997615814209)));
#8381=IFCINDEXEDPOLYCURVE(#8382,(IFCLINEINDEX((1,2,3,4,1))),$);
#8382=IFCCARTESIANPOINTLIST2D(((0.02500000037252903,0.02500000037252903),(0.7878748532384634,0.02500000037252903),(0.7878748532384634,0.87499997578561306),(0.02500000037252903,0.87499997578561306)));
#8383=IFCAXIS2PLACEMENT3D(#8384,#8385,#8386);
#8384=IFCCARTESIANPOINT((0.,0.090000001713633537,0.));
#8385=IFCDIRECTION((0.,-1.,0.));
#8386=IFCDIRECTION((1.,0.,0.));
#8387=IFCDIRECTION((0.,0.,-1.));
#8388=IFCEXTRUDEDAREASOLID(#8389,#8394,#8398,0.040000000968575478);
#8389=IFCARBITRARYPROFILEDEFWITHVOIDS(.AREA.,$,#8390,(#8392));
#8390=IFCINDEXEDPOLYCURVE(#8391,(IFCLINEINDEX((1,2,3,4,1))),$);
#8391=IFCCARTESIANPOINTLIST2D(((0.,0.),(0.81287485361099243,0.),(0.81287485361099243,0.89999997615814209),(0.,0.89999997615814209)));
#8392=IFCINDEXEDPOLYCURVE(#8393,(IFCLINEINDEX((1,2,3,4,1))),$);
#8393=IFCCARTESIANPOINTLIST2D(((0.05000000074505806,0.05000000074505806),(0.76287485286593437,0.05000000074505806),(0.76287485286593437,0.84999997541308403),(0.05000000074505806,0.84999997541308403)));
#8394=IFCAXIS2PLACEMENT3D(#8395,#8396,#8397);
#8395=IFCCARTESIANPOINT((0.,0.05000000074505806,0.));
#8396=IFCDIRECTION((0.,-1.,0.));
#8397=IFCDIRECTION((1.,0.,0.));
#8398=IFCDIRECTION((0.,0.,-1.));
#8399=IFCEXTRUDEDAREASOLID(#8400,#8405,#8409,0.035000000149011612);
#8400=IFCARBITRARYPROFILEDEFWITHVOIDS(.AREA.,$,#8401,(#8403));
#8401=IFCINDEXEDPOLYCURVE(#8402,(IFCLINEINDEX((1,2,3,4,1))),$);
#8402=IFCCARTESIANPOINTLIST2D(((0.,0.),(0.76287485286593437,0.),(0.76287485286593437,0.84999997541308403),(0.,0.84999997541308403)));
#8403=IFCINDEXEDPOLYCURVE(#8404,(IFCLINEINDEX((1,2,3,4,1))),$);
#8404=IFCCARTESIANPOINTLIST2D(((0.035000000149011612,0.035000000149011612),(0.72787485271692276,0.035000000149011612),(0.72787485271692276,0.81499997526407242),(0.035000000149011612,0.81499997526407242)));
#8405=IFCAXIS2PLACEMENT3D(#8406,#8407,#8408);
#8406=IFCCARTESIANPOINT((0.02500000037252903,0.090000001713633537,0.02500000037252903));
#8407=IFCDIRECTION((0.,-1.,0.));
#8408=IFCDIRECTION((1.,0.,0.));
#8409=IFCDIRECTION((0.,0.,-1.));
#8410=IFCEXTRUDEDAREASOLID(#8411,#8414,#8418,0.01);
#8411=IFCARBITRARYCLOSEDPROFILEDEF(.AREA.,$,#8412);
#8412=IFCINDEXEDPOLYCURVE(#8413,(IFCLINEINDEX((1,2,3,4,1))),$);
#8413=IFCCARTESIANPOINTLIST2D(((0.035000000149011612,0.035000000149011612),(0.72787485271692276,0.035000000149011612),(0.72787485271692276,0.81499997526407242),(0.035000000149011612,0.81499997526407242)));
#8414=IFCAXIS2PLACEMENT3D(#8415,#8416,#8417);
#8415=IFCCARTESIANPOINT((0.02500000037252903,0.10250000178813934,0.02500000037252903));
#8416=IFCDIRECTION((0.,-1.,0.));
#8417=IFCDIRECTION((1.,0.,0.));
#8418=IFCDIRECTION((0.,0.,-1.));
#8419=IFCREPRESENTATIONMAP(#8420,#8424);
#8420=IFCAXIS2PLACEMENT3D(#8421,#8422,#8423);
#8421=IFCCARTESIANPOINT((0.,0.,0.));
#8422=IFCDIRECTION((0.,0.,1.));
#8423=IFCDIRECTION((1.,0.,0.));
#8424=IFCSHAPEREPRESENTATION(#24,'Body','Curve2D',(#8425,#8427,#8429,#8431,#8433,#8435,#8437,#8439));
#8425=IFCINDEXEDPOLYCURVE(#8426,$,$);
#8426=IFCCARTESIANPOINTLIST2D(((0.05000000074505806,0.05000000074505806),(0.76287485286593437,0.05000000074505806)));
#8427=IFCINDEXEDPOLYCURVE(#8428,(IFCLINEINDEX((1,2,3,4,5,6,1))),$);
#8428=IFCCARTESIANPOINTLIST2D(((0.,0.10000000149011612),(0.02500000037252903,0.10000000149011612),(0.02500000037252903,0.090000001713633537),(0.05000000074505806,0.090000001713633537),(0.05000000074505806,0.05000000074505806),(0.,0.05000000074505806)));
#8429=IFCINDEXEDPOLYCURVE(#8430,(IFCLINEINDEX((1,2,3,4,5,6,1))),$);
#8430=IFCCARTESIANPOINTLIST2D(((0.81287485361099243,0.10000000149011612),(0.7878748532384634,0.10000000149011612),(0.7878748532384634,0.090000001713633537),(0.76287485286593437,0.090000001713633537),(0.76287485286593437,0.05000000074505806),(0.81287485361099243,0.05000000074505806)));
#8431=IFCINDEXEDPOLYCURVE(#8432,(IFCLINEINDEX((1,2,3,4,1))),$);
#8432=IFCCARTESIANPOINTLIST2D(((0.02500000037252903,0.090000001713633537),(0.060000000521540642,0.090000001713633537),(0.060000000521540642,0.12500000186264515),(0.02500000037252903,0.12500000186264515)));
#8433=IFCINDEXEDPOLYCURVE(#8434,(IFCLINEINDEX((1,2,3,4,1))),$);
#8434=IFCCARTESIANPOINTLIST2D(((0.7878748532384634,0.090000001713633537),(0.75287485308945179,0.090000001713633537),(0.75287485308945179,0.12500000186264515),(0.7878748532384634,0.12500000186264515)));
#8435=IFCINDEXEDPOLYCURVE(#8436,$,$);
#8436=IFCCARTESIANPOINTLIST2D(((0.060000000521540642,0.090000001713633537),(0.75287485308945179,0.090000001713633537)));
#8437=IFCINDEXEDPOLYCURVE(#8438,$,$);
#8438=IFCCARTESIANPOINTLIST2D(((0.060000000521540642,0.12500000186264515),(0.75287485308945179,0.12500000186264515)));
#8439=IFCINDEXEDPOLYCURVE(#8440,$,$);
#8440=IFCCARTESIANPOINTLIST2D(((0.060000000521540642,0.10750000178813934),(0.75287485308945179,0.10750000178813934)));
#8441=IFCWINDOWTYPE('3xR7axGtH3RRW8fBiHNHhs',$,'MBR-2-2F',$,$,(#8442),(#8444,#8452,#8500),$,$,.WINDOW.,.SINGLE_PANEL.,$,$);
#8442=IFCPROPERTYSET('0E5krJ32f048h$1ujV14qv',$,'BBIM_Window',$,(#8443));
#8443=IFCPROPERTYSINGLEVALUE('Data',$,IFCTEXT('{"window_type": "SINGLE_PANEL", "overall_height": 0.8999999761581421, "overall_width": 0.8128748536109924, "lining_properties": {"lining_depth": 0.05000000074505806, "lining_thickness": 0.05000000074505806, "lining_offset": 0.05000000074505806, "lining_to_panel_offset_x": 0.02500000037252903, "lining_to_panel_offset_y": 0.02500000037252903}, "panel_properties": {"frame_depth": [0.03500000014901161, 0.03500000014901161, 0.03500000014901161], "frame_thickness": [0.03500000014901161, 0.03500000014901161, 0.03500000014901161]}}'),$);
#8444=IFCREPRESENTATIONMAP(#8445,#8449);
#8445=IFCAXIS2PLACEMENT3D(#8446,#8447,#8448);
#8446=IFCCARTESIANPOINT((0.,0.,0.));
#8447=IFCDIRECTION((0.,0.,1.));
#8448=IFCDIRECTION((1.,0.,0.));
#8449=IFCSHAPEREPRESENTATION(#18,'Profile','Curve3D',(#8450));
#8450=IFCINDEXEDPOLYCURVE(#8451,(IFCLINEINDEX((1,2,3,4,1))),$);
#8451=IFCCARTESIANPOINTLIST3D(((0.,0.,0.),(0.81287485361099243,0.,0.),(0.81287485361099243,0.,0.89999997615814209),(0.,0.,0.89999997615814209)));
#8452=IFCREPRESENTATIONMAP(#8453,#8457);
#8453=IFCAXIS2PLACEMENT3D(#8454,#8455,#8456);
#8454=IFCCARTESIANPOINT((0.,0.,0.));
#8455=IFCDIRECTION((0.,0.,1.));
#8456=IFCDIRECTION((1.,0.,0.));
#8457=IFCSHAPEREPRESENTATION(#11,'Body','SweptSolid',(#8458,#8469,#8480,#8491));
#8458=IFCEXTRUDEDAREASOLID(#8459,#8464,#8468,0.0099999997764825821);
#8459=IFCARBITRARYPROFILEDEFWITHVOIDS(.AREA.,$,#8460,(#8462));
#8460=IFCINDEXEDPOLYCURVE(#8461,(IFCLINEINDEX((1,2,3,4,1))),$);
#8461=IFCCARTESIANPOINTLIST2D(((0.,0.),(0.81287485361099243,0.),(0.81287485361099243,0.89999997615814209),(0.,0.89999997615814209)));
#8462=IFCINDEXEDPOLYCURVE(#8463,(IFCLINEINDEX((1,2,3,4,1))),$);
#8463=IFCCARTESIANPOINTLIST2D(((0.02500000037252903,0.02500000037252903),(0.7878748532384634,0.02500000037252903),(0.7878748532384634,0.87499997578561306),(0.02500000037252903,0.87499997578561306)));
#8464=IFCAXIS2PLACEMENT3D(#8465,#8466,#8467);
#8465=IFCCARTESIANPOINT((0.,0.090000001713633537,0.));
#8466=IFCDIRECTION((0.,-1.,0.));
#8467=IFCDIRECTION((1.,0.,0.));
#8468=IFCDIRECTION((0.,0.,-1.));
#8469=IFCEXTRUDEDAREASOLID(#8470,#8475,#8479,0.040000000968575478);
#8470=IFCARBITRARYPROFILEDEFWITHVOIDS(.AREA.,$,#8471,(#8473));
#8471=IFCINDEXEDPOLYCURVE(#8472,(IFCLINEINDEX((1,2,3,4,1))),$);
#8472=IFCCARTESIANPOINTLIST2D(((0.,0.),(0.81287485361099243,0.),(0.81287485361099243,0.89999997615814209),(0.,0.89999997615814209)));
#8473=IFCINDEXEDPOLYCURVE(#8474,(IFCLINEINDEX((1,2,3,4,1))),$);
#8474=IFCCARTESIANPOINTLIST2D(((0.05000000074505806,0.05000000074505806),(0.76287485286593437,0.05000000074505806),(0.76287485286593437,0.84999997541308403),(0.05000000074505806,0.84999997541308403)));
#8475=IFCAXIS2PLACEMENT3D(#8476,#8477,#8478);
#8476=IFCCARTESIANPOINT((0.,0.05000000074505806,0.));
#8477=IFCDIRECTION((0.,-1.,0.));
#8478=IFCDIRECTION((1.,0.,0.));
#8479=IFCDIRECTION((0.,0.,-1.));
#8480=IFCEXTRUDEDAREASOLID(#8481,#8486,#8490,0.035000000149011612);
#8481=IFCARBITRARYPROFILEDEFWITHVOIDS(.AREA.,$,#8482,(#8484));
#8482=IFCINDEXEDPOLYCURVE(#8483,(IFCLINEINDEX((1,2,3,4,1))),$);
#8483=IFCCARTESIANPOINTLIST2D(((0.,0.),(0.76287485286593437,0.),(0.76287485286593437,0.84999997541308403),(0.,0.84999997541308403)));
#8484=IFCINDEXEDPOLYCURVE(#8485,(IFCLINEINDEX((1,2,3,4,1))),$);
#8485=IFCCARTESIANPOINTLIST2D(((0.035000000149011612,0.035000000149011612),(0.72787485271692276,0.035000000149011612),(0.72787485271692276,0.81499997526407242),(0.035000000149011612,0.81499997526407242)));
#8486=IFCAXIS2PLACEMENT3D(#8487,#8488,#8489);
#8487=IFCCARTESIANPOINT((0.02500000037252903,0.090000001713633537,0.02500000037252903));
#8488=IFCDIRECTION((0.,-1.,0.));
#8489=IFCDIRECTION((1.,0.,0.));
#8490=IFCDIRECTION((0.,0.,-1.));
#8491=IFCEXTRUDEDAREASOLID(#8492,#8495,#8499,0.01);
#8492=IFCARBITRARYCLOSEDPROFILEDEF(.AREA.,$,#8493);
#8493=IFCINDEXEDPOLYCURVE(#8494,(IFCLINEINDEX((1,2,3,4,1))),$);
#8494=IFCCARTESIANPOINTLIST2D(((0.035000000149011612,0.035000000149011612),(0.72787485271692276,0.035000000149011612),(0.72787485271692276,0.81499997526407242),(0.035000000149011612,0.81499997526407242)));
#8495=IFCAXIS2PLACEMENT3D(#8496,#8497,#8498);
#8496=IFCCARTESIANPOINT((0.02500000037252903,0.10250000178813934,0.02500000037252903));
#8497=IFCDIRECTION((0.,-1.,0.));
#8498=IFCDIRECTION((1.,0.,0.));
#8499=IFCDIRECTION((0.,0.,-1.));
#8500=IFCREPRESENTATIONMAP(#8501,#8505);
#8501=IFCAXIS2PLACEMENT3D(#8502,#8503,#8504);
#8502=IFCCARTESIANPOINT((0.,0.,0.));
#8503=IFCDIRECTION((0.,0.,1.));
#8504=IFCDIRECTION((1.,0.,0.));
#8505=IFCSHAPEREPRESENTATION(#24,'Body','Curve2D',(#8506,#8508,#8510,#8512,#8514,#8516,#8518,#8520));
#8506=IFCINDEXEDPOLYCURVE(#8507,$,$);
#8507=IFCCARTESIANPOINTLIST2D(((0.05000000074505806,0.05000000074505806),(0.76287485286593437,0.05000000074505806)));
#8508=IFCINDEXEDPOLYCURVE(#8509,(IFCLINEINDEX((1,2,3,4,5,6,1))),$);
#8509=IFCCARTESIANPOINTLIST2D(((0.,0.10000000149011612),(0.02500000037252903,0.10000000149011612),(0.02500000037252903,0.090000001713633537),(0.05000000074505806,0.090000001713633537),(0.05000000074505806,0.05000000074505806),(0.,0.05000000074505806)));
#8510=IFCINDEXEDPOLYCURVE(#8511,(IFCLINEINDEX((1,2,3,4,5,6,1))),$);
#8511=IFCCARTESIANPOINTLIST2D(((0.81287485361099243,0.10000000149011612),(0.7878748532384634,0.10000000149011612),(0.7878748532384634,0.090000001713633537),(0.76287485286593437,0.090000001713633537),(0.76287485286593437,0.05000000074505806),(0.81287485361099243,0.05000000074505806)));
#8512=IFCINDEXEDPOLYCURVE(#8513,(IFCLINEINDEX((1,2,3,4,1))),$);
#8513=IFCCARTESIANPOINTLIST2D(((0.02500000037252903,0.090000001713633537),(0.060000000521540642,0.090000001713633537),(0.060000000521540642,0.12500000186264515),(0.02500000037252903,0.12500000186264515)));
#8514=IFCINDEXEDPOLYCURVE(#8515,(IFCLINEINDEX((1,2,3,4,1))),$);
#8515=IFCCARTESIANPOINTLIST2D(((0.7878748532384634,0.090000001713633537),(0.75287485308945179,0.090000001713633537),(0.75287485308945179,0.12500000186264515),(0.7878748532384634,0.12500000186264515)));
#8516=IFCINDEXEDPOLYCURVE(#8517,$,$);
#8517=IFCCARTESIANPOINTLIST2D(((0.060000000521540642,0.090000001713633537),(0.75287485308945179,0.090000001713633537)));
#8518=IFCINDEXEDPOLYCURVE(#8519,$,$);
#8519=IFCCARTESIANPOINTLIST2D(((0.060000000521540642,0.12500000186264515),(0.75287485308945179,0.12500000186264515)));
#8520=IFCINDEXEDPOLYCURVE(#8521,$,$);
#8521=IFCCARTESIANPOINTLIST2D(((0.060000000521540642,0.10750000178813934),(0.75287485308945179,0.10750000178813934)));
#8522=IFCWINDOW('1MvyBKemj48AEut4SEbI1I',$,'Window',$,$,#10892,#8531,$,0.89999997615814209,0.81287485361099243,$,$,$);
#8523=IFCRELDEFINESBYTYPE('21GxzMSuD3x8zWvXC4hW6l',$,$,$,(#8522),#8360);
#8524=IFCCARTESIANPOINT((0.,0.,0.));
#8525=IFCDIRECTION((1.,0.,0.));
#8526=IFCDIRECTION((0.,1.,0.));
#8527=IFCDIRECTION((0.,0.,1.));
#8528=IFCCARTESIANTRANSFORMATIONOPERATOR3D(#8525,#8526,#8524,1.,#8527);
#8529=IFCMAPPEDITEM(#8363,#8528);
#8530=IFCSHAPEREPRESENTATION(#18,'Profile','MappedRepresentation',(#8529));
#8531=IFCPRODUCTDEFINITIONSHAPE($,$,(#8530,#8538,#8545));
#8532=IFCCARTESIANPOINT((0.,0.,0.));
#8533=IFCDIRECTION((1.,0.,0.));
#8534=IFCDIRECTION((0.,1.,0.));
#8535=IFCDIRECTION((0.,0.,1.));
#8536=IFCCARTESIANTRANSFORMATIONOPERATOR3D(#8533,#8534,#8532,1.,#8535);
#8537=IFCMAPPEDITEM(#8371,#8536);
#8538=IFCSHAPEREPRESENTATION(#11,'Body','MappedRepresentation',(#8537));
#8539=IFCCARTESIANPOINT((0.,0.,0.));
#8540=IFCDIRECTION((1.,0.,0.));
#8541=IFCDIRECTION((0.,1.,0.));
#8542=IFCDIRECTION((0.,0.,1.));
#8543=IFCCARTESIANTRANSFORMATIONOPERATOR3D(#8540,#8541,#8539,1.,#8542);
#8544=IFCMAPPEDITEM(#8419,#8543);
#8545=IFCSHAPEREPRESENTATION(#24,'Body','MappedRepresentation',(#8544));
#8546=IFCOPENINGELEMENT('012cgUlND4nuL9YquZfvC0',$,'Opening',$,$,#8596,#8574,$,.OPENING.);
#8552=IFCCARTESIANPOINTLIST2D(((0.,0.),(0.81287485361099243,0.),(0.81287485361099243,0.89999997615814209),(0.,0.89999997615814209)));
#8553=IFCINDEXEDPOLYCURVE(#8552,(IFCLINEINDEX((1,2,3,4,1))),$);
#8554=IFCARBITRARYCLOSEDPROFILEDEF(.AREA.,$,#8553);
#8555=IFCCARTESIANPOINT((0.,-0.60000002384185791,0.));
#8556=IFCDIRECTION((0.,-1.,0.));
#8557=IFCDIRECTION((1.,0.,0.));
#8558=IFCAXIS2PLACEMENT3D(#8555,#8556,#8557);
#8559=IFCDIRECTION((0.,0.,-1.));
#8560=IFCEXTRUDEDAREASOLID(#8554,#8558,#8559,1.2);
#8561=IFCSHAPEREPRESENTATION(#11,'Body','SweptSolid',(#8560));
#8562=IFCCARTESIANPOINT((0.,0.,0.));
#8563=IFCDIRECTION((1.,0.,0.));
#8564=IFCDIRECTION((0.,0.,1.));
#8565=IFCAXIS2PLACEMENT3D(#8562,#8564,#8563);
#8566=IFCREPRESENTATIONMAP(#8565,#8561);
#8567=IFCCARTESIANPOINT((0.,0.,0.));
#8568=IFCDIRECTION((1.,0.,0.));
#8569=IFCDIRECTION((0.,1.,0.));
#8570=IFCDIRECTION((0.,0.,1.));
#8571=IFCCARTESIANTRANSFORMATIONOPERATOR3D(#8568,#8569,#8567,1.,#8570);
#8572=IFCMAPPEDITEM(#8566,#8571);
#8573=IFCSHAPEREPRESENTATION(#11,'Body','MappedRepresentation',(#8572));
#8574=IFCPRODUCTDEFINITIONSHAPE($,$,(#8573));
#8575=IFCRELVOIDSELEMENT('1$zLzdYHH8fucIqt2CTzFB',$,$,$,#5895,#8546);
#8581=IFCRELFILLSELEMENT('0yt3KvcG1CnvcwLT9P_qJW',$,$,$,#8546,#8522);
#8592=IFCCARTESIANPOINT((6.1180049736408106,9.6861500598066641E-07,1.));
#8593=IFCDIRECTION((0.,0.,1.));
#8594=IFCDIRECTION((0.99999999999999289,1.1920928244535129E-07,0.));
#8595=IFCAXIS2PLACEMENT3D(#8592,#8593,#8594);
#8596=IFCLOCALPLACEMENT(#6277,#8595);
#8607=IFCCARTESIANPOINT((0.32660975976906781,2.384185791015625E-07,1.));
#8608=IFCDIRECTION((0.,0.,1.));
#8609=IFCDIRECTION((0.99999999999997158,-2.3841857910155572E-07,0.));
#8610=IFCAXIS2PLACEMENT3D(#8607,#8608,#8609);
#8611=IFCLOCALPLACEMENT(#6432,#8610);
#8617=IFCWINDOW('2BKAPtUPT4XP5UnmNQN$j7',$,'Window',$,$,#10897,#8626,$,0.89999997615814209,0.81287485361099243,$,$,$);
#8618=IFCRELDEFINESBYTYPE('2neY9RW4fAFBGtMlYkJbkT',$,$,$,(#8617),#8441);
#8619=IFCCARTESIANPOINT((0.,0.,0.));
#8620=IFCDIRECTION((1.,0.,0.));
#8621=IFCDIRECTION((0.,1.,0.));
#8622=IFCDIRECTION((0.,0.,1.));
#8623=IFCCARTESIANTRANSFORMATIONOPERATOR3D(#8620,#8621,#8619,1.,#8622);
#8624=IFCMAPPEDITEM(#8444,#8623);
#8625=IFCSHAPEREPRESENTATION(#18,'Profile','MappedRepresentation',(#8624));
#8626=IFCPRODUCTDEFINITIONSHAPE($,$,(#8625,#8633,#8640));
#8627=IFCCARTESIANPOINT((0.,0.,0.));
#8628=IFCDIRECTION((1.,0.,0.));
#8629=IFCDIRECTION((0.,1.,0.));
#8630=IFCDIRECTION((0.,0.,1.));
#8631=IFCCARTESIANTRANSFORMATIONOPERATOR3D(#8628,#8629,#8627,1.,#8630);
#8632=IFCMAPPEDITEM(#8452,#8631);
#8633=IFCSHAPEREPRESENTATION(#11,'Body','MappedRepresentation',(#8632));
#8634=IFCCARTESIANPOINT((0.,0.,0.));
#8635=IFCDIRECTION((1.,0.,0.));
#8636=IFCDIRECTION((0.,1.,0.));
#8637=IFCDIRECTION((0.,0.,1.));
#8638=IFCCARTESIANTRANSFORMATIONOPERATOR3D(#8635,#8636,#8634,1.,#8637);
#8639=IFCMAPPEDITEM(#8500,#8638);
#8640=IFCSHAPEREPRESENTATION(#24,'Body','MappedRepresentation',(#8639));
#8641=IFCOPENINGELEMENT('2ixnXudMrCoxcpfCy$a52R',$,'Opening',$,$,#8719,#8669,$,.OPENING.);
#8647=IFCCARTESIANPOINTLIST2D(((0.,0.),(0.81287485361099243,0.),(0.81287485361099243,0.89999997615814209),(0.,0.89999997615814209)));
#8648=IFCINDEXEDPOLYCURVE(#8647,(IFCLINEINDEX((1,2,3,4,1))),$);
#8649=IFCARBITRARYCLOSEDPROFILEDEF(.AREA.,$,#8648);
#8650=IFCCARTESIANPOINT((0.,-0.60000002384185791,0.));
#8651=IFCDIRECTION((0.,-1.,0.));
#8652=IFCDIRECTION((1.,0.,0.));
#8653=IFCAXIS2PLACEMENT3D(#8650,#8651,#8652);
#8654=IFCDIRECTION((0.,0.,-1.));
#8655=IFCEXTRUDEDAREASOLID(#8649,#8653,#8654,1.2);
#8656=IFCSHAPEREPRESENTATION(#11,'Body','SweptSolid',(#8655));
#8657=IFCCARTESIANPOINT((0.,0.,0.));
#8658=IFCDIRECTION((1.,0.,0.));
#8659=IFCDIRECTION((0.,0.,1.));
#8660=IFCAXIS2PLACEMENT3D(#8657,#8659,#8658);
#8661=IFCREPRESENTATIONMAP(#8660,#8656);
#8662=IFCCARTESIANPOINT((0.,0.,0.));
#8663=IFCDIRECTION((1.,0.,0.));
#8664=IFCDIRECTION((0.,1.,0.));
#8665=IFCDIRECTION((0.,0.,1.));
#8666=IFCCARTESIANTRANSFORMATIONOPERATOR3D(#8663,#8664,#8662,1.,#8665);
#8667=IFCMAPPEDITEM(#8661,#8666);
#8668=IFCSHAPEREPRESENTATION(#11,'Body','MappedRepresentation',(#8667));
#8669=IFCPRODUCTDEFINITIONSHAPE($,$,(#8668));
#8670=IFCRELVOIDSELEMENT('09y0DBysfDuA3iAEpmgOhE',$,$,$,#5895,#8641);
#8676=IFCRELFILLSELEMENT('3Rsvt2N_j6n8zls9lRGYuL',$,$,$,#8641,#8617);
#8715=IFCCARTESIANPOINT((3.5569652874377788,6.8513096929123662E-07,1.));
#8716=IFCDIRECTION((0.,0.,1.));
#8717=IFCDIRECTION((0.99999999999999289,1.1920928244535129E-07,0.));
#8718=IFCAXIS2PLACEMENT3D(#8715,#8716,#8717);
#8719=IFCLOCALPLACEMENT(#6277,#8718);
#8725=IFCWINDOWTYPE('3S1nzfIJz0dgC2Fp_SKVYf',$,'BR1-1-2F',$,$,(#8726),(#8728,#8736,#8784),$,$,.WINDOW.,.SINGLE_PANEL.,$,$);
#8726=IFCPROPERTYSET('0GrHuQhiz8lgU_O_D5tIEJ',$,'BBIM_Window',$,(#8727));
#8727=IFCPROPERTYSINGLEVALUE('Data',$,IFCTEXT('{"window_type": "SINGLE_PANEL", "overall_height": 0.8999999761581421, "overall_width": 0.8128748536109924, "lining_properties": {"lining_depth": 0.05000000074505806, "lining_thickness": 0.05000000074505806, "lining_offset": 0.05000000074505806, "lining_to_panel_offset_x": 0.02500000037252903, "lining_to_panel_offset_y": 0.02500000037252903}, "panel_properties": {"frame_depth": [0.03500000014901161, 0.03500000014901161, 0.03500000014901161], "frame_thickness": [0.03500000014901161, 0.03500000014901161, 0.03500000014901161]}}'),$);
#8728=IFCREPRESENTATIONMAP(#8729,#9117);
#8729=IFCAXIS2PLACEMENT3D(#8730,#8731,#8732);
#8730=IFCCARTESIANPOINT((0.,0.,0.));
#8731=IFCDIRECTION((0.,0.,1.));
#8732=IFCDIRECTION((1.,0.,0.));
#8736=IFCREPRESENTATIONMAP(#8737,#9160);
#8737=IFCAXIS2PLACEMENT3D(#8738,#8739,#8740);
#8738=IFCCARTESIANPOINT((0.,0.,0.));
#8739=IFCDIRECTION((0.,0.,1.));
#8740=IFCDIRECTION((1.,0.,0.));
#8784=IFCREPRESENTATIONMAP(#8785,#9177);
#8785=IFCAXIS2PLACEMENT3D(#8786,#8787,#8788);
#8786=IFCCARTESIANPOINT((0.,0.,0.));
#8787=IFCDIRECTION((0.,0.,1.));
#8788=IFCDIRECTION((1.,0.,0.));
#8806=IFCWINDOWTYPE('1PXuqJZWDEkONXRhC1zPAa',$,'BR1-2-2F',$,$,(#8807),(#8809,#8817,#8903),$,$,.WINDOW.,.SINGLE_PANEL.,$,$);
#8807=IFCPROPERTYSET('2$mlpiAHLBNg0FLCZGmv_k',$,'BBIM_Window',$,(#8808));
#8808=IFCPROPERTYSINGLEVALUE('Data',$,IFCTEXT('{"window_type": "DOUBLE_PANEL_VERTICAL", "overall_height": 0.8999999761581421, "overall_width": 1.224073052406311, "lining_properties": {"lining_depth": 0.05000000074505806, "lining_thickness": 0.05000000074505806, "lining_offset": 0.05000000074505806, "lining_to_panel_offset_x": 0.02500000037252903, "lining_to_panel_offset_y": 0.02500000037252903, "mullion_thickness": 0.05000000074505806, "first_mullion_offset": 0.6225106120109558}, "panel_properties": {"frame_depth": [0.03500000014901161, 0.03500000014901161, 0.03500000014901161], "frame_thickness": [0.03500000014901161, 0.03500000014901161, 0.03500000014901161]}}'),$);
#8809=IFCREPRESENTATIONMAP(#8810,#9462);
#8810=IFCAXIS2PLACEMENT3D(#8811,#8812,#8813);
#8811=IFCCARTESIANPOINT((0.,0.,0.));
#8812=IFCDIRECTION((0.,0.,1.));
#8813=IFCDIRECTION((1.,0.,0.));
#8817=IFCREPRESENTATIONMAP(#8818,#9543);
#8818=IFCAXIS2PLACEMENT3D(#8819,#8820,#8821);
#8819=IFCCARTESIANPOINT((0.,0.,0.));
#8820=IFCDIRECTION((0.,0.,1.));
#8821=IFCDIRECTION((1.,0.,0.));
#8903=IFCREPRESENTATIONMAP(#8904,#9576);
#8904=IFCAXIS2PLACEMENT3D(#8905,#8906,#8907);
#8905=IFCCARTESIANPOINT((0.,0.,0.));
#8906=IFCDIRECTION((0.,0.,1.));
#8907=IFCDIRECTION((1.,0.,0.));
#8941=IFCWINDOW('0YqlQhMXr4OOBrxj64gVcB',$,'Window',$,$,#9202,#8950,$,0.89999997615814209,0.81287485361099243,$,.SINGLE_PANEL.,$);
#8942=IFCRELDEFINESBYTYPE('2PdncRON5CrgVumbTMeEGf',$,$,$,(#8941),#8725);
#8943=IFCCARTESIANPOINT((0.,0.,0.));
#8944=IFCDIRECTION((1.,0.,0.));
#8945=IFCDIRECTION((0.,1.,0.));
#8946=IFCDIRECTION((0.,0.,1.));
#8947=IFCCARTESIANTRANSFORMATIONOPERATOR3D(#8944,#8945,#8943,1.,#8946);
#8948=IFCMAPPEDITEM(#8728,#8947);
#8949=IFCSHAPEREPRESENTATION(#18,'Profile','MappedRepresentation',(#8948));
#8950=IFCPRODUCTDEFINITIONSHAPE($,$,(#8949,#8957,#8964));
#8951=IFCCARTESIANPOINT((0.,0.,0.));
#8952=IFCDIRECTION((1.,0.,0.));
#8953=IFCDIRECTION((0.,1.,0.));
#8954=IFCDIRECTION((0.,0.,1.));
#8955=IFCCARTESIANTRANSFORMATIONOPERATOR3D(#8952,#8953,#8951,1.,#8954);
#8956=IFCMAPPEDITEM(#8736,#8955);
#8957=IFCSHAPEREPRESENTATION(#11,'Body','MappedRepresentation',(#8956));
#8958=IFCCARTESIANPOINT((0.,0.,0.));
#8959=IFCDIRECTION((1.,0.,0.));
#8960=IFCDIRECTION((0.,1.,0.));
#8961=IFCDIRECTION((0.,0.,1.));
#8962=IFCCARTESIANTRANSFORMATIONOPERATOR3D(#8959,#8960,#8958,1.,#8961);
#8963=IFCMAPPEDITEM(#8784,#8962);
#8964=IFCSHAPEREPRESENTATION(#24,'Body','MappedRepresentation',(#8963));
#8965=IFCOPENINGELEMENT('1xekFLubvEFQnkHXq737nx',$,'Opening',$,$,#9197,#8993,$,.OPENING.);
#8981=IFCCARTESIANPOINT((0.,0.,0.));
#8982=IFCDIRECTION((1.,0.,0.));
#8983=IFCDIRECTION((0.,0.,1.));
#8984=IFCAXIS2PLACEMENT3D(#8981,#8983,#8982);
#8985=IFCREPRESENTATIONMAP(#8984,#9187);
#8986=IFCCARTESIANPOINT((0.,0.,0.));
#8987=IFCDIRECTION((1.,0.,0.));
#8988=IFCDIRECTION((0.,1.,0.));
#8989=IFCDIRECTION((0.,0.,1.));
#8990=IFCCARTESIANTRANSFORMATIONOPERATOR3D(#8987,#8988,#8986,1.,#8989);
#8991=IFCMAPPEDITEM(#8985,#8990);
#8992=IFCSHAPEREPRESENTATION(#11,'Body','MappedRepresentation',(#8991));
#8993=IFCPRODUCTDEFINITIONSHAPE($,$,(#8992));
#8994=IFCRELVOIDSELEMENT('2j6bVPOzP1qvZ6LdEvFO1L',$,$,$,#5895,#8965);
#9000=IFCRELFILLSELEMENT('1hFmwTdEv5HhDJGfNhr_$f',$,$,$,#8965,#8941);
#9024=IFCCARTESIANPOINTLIST2D(((0.,0.),(0.81287485361099243,0.),(0.81287485361099243,0.89999997615814209),(0.,0.89999997615814209)));
#9025=IFCINDEXEDPOLYCURVE(#9024,(IFCLINEINDEX((1,2,3,4,1))),$);
#9026=IFCCARTESIANPOINTLIST2D(((0.02500000037252903,0.02500000037252903),(0.7878748532384634,0.02500000037252903),(0.7878748532384634,0.87499997578561306),(0.02500000037252903,0.87499997578561306)));
#9027=IFCINDEXEDPOLYCURVE(#9026,(IFCLINEINDEX((1,2,3,4,1))),$);
#9028=IFCARBITRARYPROFILEDEFWITHVOIDS(.AREA.,$,#9025,(#9027));
#9029=IFCCARTESIANPOINT((0.,0.090000001713633537,0.));
#9030=IFCDIRECTION((0.,-1.,0.));
#9031=IFCDIRECTION((1.,0.,0.));
#9032=IFCAXIS2PLACEMENT3D(#9029,#9030,#9031);
#9033=IFCDIRECTION((0.,0.,-1.));
#9034=IFCEXTRUDEDAREASOLID(#9028,#9032,#9033,0.0099999997764825821);
#9035=IFCCARTESIANPOINTLIST2D(((0.,0.),(0.81287485361099243,0.),(0.81287485361099243,0.89999997615814209),(0.,0.89999997615814209)));
#9036=IFCINDEXEDPOLYCURVE(#9035,(IFCLINEINDEX((1,2,3,4,1))),$);
#9037=IFCCARTESIANPOINTLIST2D(((0.05000000074505806,0.05000000074505806),(0.76287485286593437,0.05000000074505806),(0.76287485286593437,0.84999997541308403),(0.05000000074505806,0.84999997541308403)));
#9038=IFCINDEXEDPOLYCURVE(#9037,(IFCLINEINDEX((1,2,3,4,1))),$);
#9039=IFCARBITRARYPROFILEDEFWITHVOIDS(.AREA.,$,#9036,(#9038));
#9040=IFCCARTESIANPOINT((0.,0.05000000074505806,0.));
#9041=IFCDIRECTION((0.,-1.,0.));
#9042=IFCDIRECTION((1.,0.,0.));
#9043=IFCAXIS2PLACEMENT3D(#9040,#9041,#9042);
#9044=IFCDIRECTION((0.,0.,-1.));
#9045=IFCEXTRUDEDAREASOLID(#9039,#9043,#9044,0.040000000968575478);
#9046=IFCCARTESIANPOINTLIST2D(((0.,0.),(0.76287485286593437,0.),(0.76287485286593437,0.84999997541308403),(0.,0.84999997541308403)));
#9047=IFCINDEXEDPOLYCURVE(#9046,(IFCLINEINDEX((1,2,3,4,1))),$);
#9048=IFCCARTESIANPOINTLIST2D(((0.035000000149011612,0.035000000149011612),(0.72787485271692276,0.035000000149011612),(0.72787485271692276,0.81499997526407242),(0.035000000149011612,0.81499997526407242)));
#9049=IFCINDEXEDPOLYCURVE(#9048,(IFCLINEINDEX((1,2,3,4,1))),$);
#9050=IFCARBITRARYPROFILEDEFWITHVOIDS(.AREA.,$,#9047,(#9049));
#9051=IFCCARTESIANPOINT((0.02500000037252903,0.090000001713633537,0.02500000037252903));
#9052=IFCDIRECTION((0.,-1.,0.));
#9053=IFCDIRECTION((1.,0.,0.));
#9054=IFCAXIS2PLACEMENT3D(#9051,#9052,#9053);
#9055=IFCDIRECTION((0.,0.,-1.));
#9056=IFCEXTRUDEDAREASOLID(#9050,#9054,#9055,0.035000000149011612);
#9057=IFCINDEXEDPOLYCURVE(#9058,(IFCLINEINDEX((1,2,3,4,1))),$);
#9058=IFCCARTESIANPOINTLIST2D(((0.035000000149011612,0.035000000149011612),(0.72787485271692276,0.035000000149011612),(0.72787485271692276,0.81499997526407242),(0.035000000149011612,0.81499997526407242)));
#9059=IFCARBITRARYCLOSEDPROFILEDEF(.AREA.,$,#9057);
#9060=IFCCARTESIANPOINT((0.02500000037252903,0.10250000178813934,0.02500000037252903));
#9061=IFCDIRECTION((0.,-1.,0.));
#9062=IFCDIRECTION((1.,0.,0.));
#9063=IFCAXIS2PLACEMENT3D(#9060,#9061,#9062);
#9064=IFCDIRECTION((0.,0.,-1.));
#9065=IFCEXTRUDEDAREASOLID(#9059,#9063,#9064,0.01);
#9067=IFCSHAPEREPRESENTATION(#11,'Body','SweptSolid',(#9128,#9034,#9045,#9139));
#9068=IFCSHAPEASPECT((#9067),'Lining',$,.T.,#8950);
#9069=IFCSHAPEREPRESENTATION(#11,'Body','SweptSolid',(#9150,#9056));
#9070=IFCSHAPEASPECT((#9069),'Framing',$,.T.,#8950);
#9071=IFCSHAPEREPRESENTATION(#11,'Body','SweptSolid',(#9159,#9065));
#9072=IFCSHAPEASPECT((#9071),'Glazing',$,.T.,#8950);
#9115=IFCCARTESIANPOINTLIST3D(((0.,0.,0.),(0.81287485361099243,0.,0.),(0.81287485361099243,0.,0.89999997615814209),(0.,0.,0.89999997615814209)));
#9116=IFCINDEXEDPOLYCURVE(#9115,(IFCLINEINDEX((1,2,3,4,1))),$);
#9117=IFCSHAPEREPRESENTATION(#18,'Profile','Curve3D',(#9116));
#9118=IFCCARTESIANPOINTLIST2D(((0.,0.),(0.81287485361099243,0.),(0.81287485361099243,0.89999997615814209),(0.,0.89999997615814209)));
#9119=IFCINDEXEDPOLYCURVE(#9118,(IFCLINEINDEX((1,2,3,4,1))),$);
#9120=IFCCARTESIANPOINTLIST2D(((0.02500000037252903,0.02500000037252903),(0.7878748532384634,0.02500000037252903),(0.7878748532384634,0.87499997578561306),(0.02500000037252903,0.87499997578561306)));
#9121=IFCINDEXEDPOLYCURVE(#9120,(IFCLINEINDEX((1,2,3,4,1))),$);
#9122=IFCARBITRARYPROFILEDEFWITHVOIDS(.AREA.,$,#9119,(#9121));
#9123=IFCCARTESIANPOINT((0.,0.090000001713633537,0.));
#9124=IFCDIRECTION((0.,-1.,0.));
#9125=IFCDIRECTION((1.,0.,0.));
#9126=IFCAXIS2PLACEMENT3D(#9123,#9124,#9125);
#9127=IFCDIRECTION((0.,0.,-1.));
#9128=IFCEXTRUDEDAREASOLID(#9122,#9126,#9127,0.0099999997764825821);
#9129=IFCCARTESIANPOINTLIST2D(((0.,0.),(0.81287485361099243,0.),(0.81287485361099243,0.89999997615814209),(0.,0.89999997615814209)));
#9130=IFCINDEXEDPOLYCURVE(#9129,(IFCLINEINDEX((1,2,3,4,1))),$);
#9131=IFCCARTESIANPOINTLIST2D(((0.05000000074505806,0.05000000074505806),(0.76287485286593437,0.05000000074505806),(0.76287485286593437,0.84999997541308403),(0.05000000074505806,0.84999997541308403)));
#9132=IFCINDEXEDPOLYCURVE(#9131,(IFCLINEINDEX((1,2,3,4,1))),$);
#9133=IFCARBITRARYPROFILEDEFWITHVOIDS(.AREA.,$,#9130,(#9132));
#9134=IFCCARTESIANPOINT((0.,0.05000000074505806,0.));
#9135=IFCDIRECTION((0.,-1.,0.));
#9136=IFCDIRECTION((1.,0.,0.));
#9137=IFCAXIS2PLACEMENT3D(#9134,#9135,#9136);
#9138=IFCDIRECTION((0.,0.,-1.));
#9139=IFCEXTRUDEDAREASOLID(#9133,#9137,#9138,0.040000000968575478);
#9140=IFCCARTESIANPOINTLIST2D(((0.,0.),(0.76287485286593437,0.),(0.76287485286593437,0.84999997541308403),(0.,0.84999997541308403)));
#9141=IFCINDEXEDPOLYCURVE(#9140,(IFCLINEINDEX((1,2,3,4,1))),$);
#9142=IFCCARTESIANPOINTLIST2D(((0.035000000149011612,0.035000000149011612),(0.72787485271692276,0.035000000149011612),(0.72787485271692276,0.81499997526407242),(0.035000000149011612,0.81499997526407242)));
#9143=IFCINDEXEDPOLYCURVE(#9142,(IFCLINEINDEX((1,2,3,4,1))),$);
#9144=IFCARBITRARYPROFILEDEFWITHVOIDS(.AREA.,$,#9141,(#9143));
#9145=IFCCARTESIANPOINT((0.02500000037252903,0.090000001713633537,0.02500000037252903));
#9146=IFCDIRECTION((0.,-1.,0.));
#9147=IFCDIRECTION((1.,0.,0.));
#9148=IFCAXIS2PLACEMENT3D(#9145,#9146,#9147);
#9149=IFCDIRECTION((0.,0.,-1.));
#9150=IFCEXTRUDEDAREASOLID(#9144,#9148,#9149,0.035000000149011612);
#9151=IFCINDEXEDPOLYCURVE(#9152,(IFCLINEINDEX((1,2,3,4,1))),$);
#9152=IFCCARTESIANPOINTLIST2D(((0.035000000149011612,0.035000000149011612),(0.72787485271692276,0.035000000149011612),(0.72787485271692276,0.81499997526407242),(0.035000000149011612,0.81499997526407242)));
#9153=IFCARBITRARYCLOSEDPROFILEDEF(.AREA.,$,#9151);
#9154=IFCCARTESIANPOINT((0.02500000037252903,0.10250000178813934,0.02500000037252903));
#9155=IFCDIRECTION((0.,-1.,0.));
#9156=IFCDIRECTION((1.,0.,0.));
#9157=IFCAXIS2PLACEMENT3D(#9154,#9155,#9156);
#9158=IFCDIRECTION((0.,0.,-1.));
#9159=IFCEXTRUDEDAREASOLID(#9153,#9157,#9158,0.01);
#9160=IFCSHAPEREPRESENTATION(#11,'Body','SweptSolid',(#9128,#9139,#9150,#9159));
#9161=IFCCARTESIANPOINTLIST2D(((0.05000000074505806,0.05000000074505806),(0.76287485286593437,0.05000000074505806)));
#9162=IFCINDEXEDPOLYCURVE(#9161,$,$);
#9163=IFCCARTESIANPOINTLIST2D(((0.,0.10000000149011612),(0.02500000037252903,0.10000000149011612),(0.02500000037252903,0.090000001713633537),(0.05000000074505806,0.090000001713633537),(0.05000000074505806,0.05000000074505806),(0.,0.05000000074505806)));
#9164=IFCINDEXEDPOLYCURVE(#9163,(IFCLINEINDEX((1,2,3,4,5,6,1))),$);
#9165=IFCCARTESIANPOINTLIST2D(((0.81287485361099243,0.10000000149011612),(0.7878748532384634,0.10000000149011612),(0.7878748532384634,0.090000001713633537),(0.76287485286593437,0.090000001713633537),(0.76287485286593437,0.05000000074505806),(0.81287485361099243,0.05000000074505806)));
#9166=IFCINDEXEDPOLYCURVE(#9165,(IFCLINEINDEX((1,2,3,4,5,6,1))),$);
#9167=IFCCARTESIANPOINTLIST2D(((0.02500000037252903,0.090000001713633537),(0.060000000521540642,0.090000001713633537),(0.060000000521540642,0.12500000186264515),(0.02500000037252903,0.12500000186264515)));
#9168=IFCINDEXEDPOLYCURVE(#9167,(IFCLINEINDEX((1,2,3,4,1))),$);
#9169=IFCINDEXEDPOLYCURVE(#9170,(IFCLINEINDEX((1,2,3,4,1))),$);
#9170=IFCCARTESIANPOINTLIST2D(((0.7878748532384634,0.090000001713633537),(0.75287485308945179,0.090000001713633537),(0.75287485308945179,0.12500000186264515),(0.7878748532384634,0.12500000186264515)));
#9171=IFCCARTESIANPOINTLIST2D(((0.060000000521540642,0.090000001713633537),(0.75287485308945179,0.090000001713633537)));
#9172=IFCINDEXEDPOLYCURVE(#9171,$,$);
#9173=IFCINDEXEDPOLYCURVE(#9174,$,$);
#9174=IFCCARTESIANPOINTLIST2D(((0.060000000521540642,0.12500000186264515),(0.75287485308945179,0.12500000186264515)));
#9175=IFCINDEXEDPOLYCURVE(#9176,$,$);
#9176=IFCCARTESIANPOINTLIST2D(((0.060000000521540642,0.10750000178813934),(0.75287485308945179,0.10750000178813934)));
#9177=IFCSHAPEREPRESENTATION(#24,'Body','Curve2D',(#9162,#9164,#9166,#9168,#9169,#9172,#9173,#9175));
#9178=IFCCARTESIANPOINTLIST2D(((0.,0.),(0.81287485361099243,0.),(0.81287485361099243,0.89999997615814209),(0.,0.89999997615814209)));
#9179=IFCINDEXEDPOLYCURVE(#9178,(IFCLINEINDEX((1,2,3,4,1))),$);
#9180=IFCARBITRARYCLOSEDPROFILEDEF(.AREA.,$,#9179);
#9181=IFCCARTESIANPOINT((0.,-0.60000002384185791,0.));
#9182=IFCDIRECTION((0.,-1.,0.));
#9183=IFCDIRECTION((1.,0.,0.));
#9184=IFCAXIS2PLACEMENT3D(#9181,#9182,#9183);
#9185=IFCDIRECTION((0.,0.,-1.));
#9186=IFCEXTRUDEDAREASOLID(#9180,#9184,#9185,1.2);
#9187=IFCSHAPEREPRESENTATION(#11,'Body','SweptSolid',(#9186));
#9193=IFCCARTESIANPOINT((1.5302147228625533,3.613092252052752E-07,1.));
#9194=IFCDIRECTION((0.,0.,1.));
#9195=IFCDIRECTION((0.99999999999999289,1.1920928244535129E-07,0.));
#9196=IFCAXIS2PLACEMENT3D(#9193,#9194,#9195);
#9197=IFCLOCALPLACEMENT(#6277,#9196);
#9198=IFCCARTESIANPOINT((0.,0.,0.));
#9199=IFCDIRECTION((0.,0.,1.));
#9200=IFCDIRECTION((1.,0.,0.));
#9201=IFCAXIS2PLACEMENT3D(#9198,#9199,#9200);
#9202=IFCLOCALPLACEMENT(#9197,#9201);
#9232=IFCWINDOW('1yI1aNpCPFdPRj1REiRTsr',$,'Window',$,$,#9601,#9241,$,0.89999997615814209,1.224073052406311,$,.DOUBLE_PANEL_VERTICAL.,$);
#9233=IFCRELDEFINESBYTYPE('0qsNxnRS5CHO7gfHtUVlHt',$,$,$,(#9232),#8806);
#9234=IFCCARTESIANPOINT((0.,0.,0.));
#9235=IFCDIRECTION((1.,0.,0.));
#9236=IFCDIRECTION((0.,1.,0.));
#9237=IFCDIRECTION((0.,0.,1.));
#9238=IFCCARTESIANTRANSFORMATIONOPERATOR3D(#9235,#9236,#9234,1.,#9237);
#9239=IFCMAPPEDITEM(#8809,#9238);
#9240=IFCSHAPEREPRESENTATION(#18,'Profile','MappedRepresentation',(#9239));
#9241=IFCPRODUCTDEFINITIONSHAPE($,$,(#9240,#9248,#9255));
#9242=IFCCARTESIANPOINT((0.,0.,0.));
#9243=IFCDIRECTION((1.,0.,0.));
#9244=IFCDIRECTION((0.,1.,0.));
#9245=IFCDIRECTION((0.,0.,1.));
#9246=IFCCARTESIANTRANSFORMATIONOPERATOR3D(#9243,#9244,#9242,1.,#9245);
#9247=IFCMAPPEDITEM(#8817,#9246);
#9248=IFCSHAPEREPRESENTATION(#11,'Body','MappedRepresentation',(#9247));
#9249=IFCCARTESIANPOINT((0.,0.,0.));
#9250=IFCDIRECTION((1.,0.,0.));
#9251=IFCDIRECTION((0.,1.,0.));
#9252=IFCDIRECTION((0.,0.,1.));
#9253=IFCCARTESIANTRANSFORMATIONOPERATOR3D(#9250,#9251,#9249,1.,#9252);
#9254=IFCMAPPEDITEM(#8903,#9253);
#9255=IFCSHAPEREPRESENTATION(#24,'Body','MappedRepresentation',(#9254));
#9256=IFCOPENINGELEMENT('2eELdYerfD4eKWLhPtkcT2',$,'Opening',$,$,#9596,#9284,$,.OPENING.);
#9272=IFCCARTESIANPOINT((0.,0.,0.));
#9273=IFCDIRECTION((1.,0.,0.));
#9274=IFCDIRECTION((0.,0.,1.));
#9275=IFCAXIS2PLACEMENT3D(#9272,#9274,#9273);
#9276=IFCREPRESENTATIONMAP(#9275,#9586);
#9277=IFCCARTESIANPOINT((0.,0.,0.));
#9278=IFCDIRECTION((1.,0.,0.));
#9279=IFCDIRECTION((0.,1.,0.));
#9280=IFCDIRECTION((0.,0.,1.));
#9281=IFCCARTESIANTRANSFORMATIONOPERATOR3D(#9278,#9279,#9277,1.,#9280);
#9282=IFCMAPPEDITEM(#9276,#9281);
#9283=IFCSHAPEREPRESENTATION(#11,'Body','MappedRepresentation',(#9282));
#9284=IFCPRODUCTDEFINITIONSHAPE($,$,(#9283));
#9285=IFCRELVOIDSELEMENT('0RtsSnkpP8JBBjbFUY5G7k',$,$,$,#5870,#9256);
#9291=IFCRELFILLSELEMENT('0Q7nY15vj13fepY8E8ZZsn',$,$,$,#9256,#9232);
#9315=IFCCARTESIANPOINTLIST2D(((0.62251061201095581,0.),(0.,0.),(0.,0.89999997615814209),(0.62251061201095581,0.89999997615814209),(0.62251061201095581,0.87499997578561306),(0.02500000037252903,0.87499997578561306),(0.02500000037252903,0.02500000037252903),(0.62251061201095581,0.02500000037252903)));
#9316=IFCINDEXEDPOLYCURVE(#9315,(IFCLINEINDEX((1,2,3,4,5,6,7,8,1))),$);
#9317=IFCARBITRARYCLOSEDPROFILEDEF(.AREA.,$,#9316);
#9318=IFCCARTESIANPOINT((0.,0.090000001713633537,0.));
#9319=IFCDIRECTION((0.,-1.,0.));
#9320=IFCDIRECTION((1.,0.,0.));
#9321=IFCAXIS2PLACEMENT3D(#9318,#9319,#9320);
#9322=IFCDIRECTION((0.,0.,-1.));
#9323=IFCEXTRUDEDAREASOLID(#9317,#9321,#9322,0.0099999997764825821);
#9324=IFCCARTESIANPOINTLIST2D(((0.,0.),(0.62251061201095581,0.),(0.62251061201095581,0.89999997615814209),(0.,0.89999997615814209)));
#9325=IFCINDEXEDPOLYCURVE(#9324,(IFCLINEINDEX((1,2,3,4,1))),$);
#9326=IFCCARTESIANPOINTLIST2D(((0.05000000074505806,0.05000000074505806),(0.59751061163842678,0.05000000074505806),(0.59751061163842678,0.84999997541308403),(0.05000000074505806,0.84999997541308403)));
#9327=IFCINDEXEDPOLYCURVE(#9326,(IFCLINEINDEX((1,2,3,4,1))),$);
#9328=IFCARBITRARYPROFILEDEFWITHVOIDS(.AREA.,$,#9325,(#9327));
#9329=IFCCARTESIANPOINT((0.,0.05000000074505806,0.));
#9330=IFCDIRECTION((0.,-1.,0.));
#9331=IFCDIRECTION((1.,0.,0.));
#9332=IFCAXIS2PLACEMENT3D(#9329,#9330,#9331);
#9333=IFCDIRECTION((0.,0.,-1.));
#9334=IFCEXTRUDEDAREASOLID(#9328,#9332,#9333,0.040000000968575478);
#9335=IFCCARTESIANPOINTLIST2D(((0.,0.),(0.59751061163842678,0.),(0.59751061163842678,0.84999997541308403),(0.,0.84999997541308403)));
#9336=IFCINDEXEDPOLYCURVE(#9335,(IFCLINEINDEX((1,2,3,4,1))),$);
#9337=IFCCARTESIANPOINTLIST2D(((0.035000000149011612,0.035000000149011612),(0.56251061148941517,0.035000000149011612),(0.56251061148941517,0.81499997526407242),(0.035000000149011612,0.81499997526407242)));
#9338=IFCINDEXEDPOLYCURVE(#9337,(IFCLINEINDEX((1,2,3,4,1))),$);
#9339=IFCARBITRARYPROFILEDEFWITHVOIDS(.AREA.,$,#9336,(#9338));
#9340=IFCCARTESIANPOINT((0.02500000037252903,0.090000001713633537,0.02500000037252903));
#9341=IFCDIRECTION((0.,-1.,0.));
#9342=IFCDIRECTION((1.,0.,0.));
#9343=IFCAXIS2PLACEMENT3D(#9340,#9341,#9342);
#9344=IFCDIRECTION((0.,0.,-1.));
#9345=IFCEXTRUDEDAREASOLID(#9339,#9343,#9344,0.035000000149011612);
#9346=IFCINDEXEDPOLYCURVE(#9347,(IFCLINEINDEX((1,2,3,4,1))),$);
#9347=IFCCARTESIANPOINTLIST2D(((0.035000000149011612,0.035000000149011612),(0.56251061148941517,0.035000000149011612),(0.56251061148941517,0.81499997526407242),(0.035000000149011612,0.81499997526407242)));
#9348=IFCARBITRARYCLOSEDPROFILEDEF(.AREA.,$,#9346);
#9349=IFCCARTESIANPOINT((0.02500000037252903,0.10250000178813934,0.02500000037252903));
#9350=IFCDIRECTION((0.,-1.,0.));
#9351=IFCDIRECTION((1.,0.,0.));
#9352=IFCAXIS2PLACEMENT3D(#9349,#9350,#9351);
#9353=IFCDIRECTION((0.,0.,-1.));
#9354=IFCEXTRUDEDAREASOLID(#9348,#9352,#9353,0.01);
#9355=IFCCARTESIANPOINTLIST2D(((0.,0.89999997615814209),(0.60156244039535522,0.89999997615814209),(0.60156244039535522,0.),(0.,0.),(0.,0.02500000037252903),(0.57656244002282619,0.02500000037252903),(0.57656244002282619,0.87499997578561306),(0.,0.87499997578561306)));
#9356=IFCINDEXEDPOLYCURVE(#9355,(IFCLINEINDEX((1,2,3,4,5,6,7,8,1))),$);
#9357=IFCARBITRARYCLOSEDPROFILEDEF(.AREA.,$,#9356);
#9358=IFCCARTESIANPOINT((0.62251061201095581,0.090000001713633537,0.));
#9359=IFCDIRECTION((0.,-1.,0.));
#9360=IFCDIRECTION((1.,0.,0.));
#9361=IFCAXIS2PLACEMENT3D(#9358,#9359,#9360);
#9362=IFCDIRECTION((0.,0.,-1.));
#9363=IFCEXTRUDEDAREASOLID(#9357,#9361,#9362,0.0099999997764825821);
#9364=IFCCARTESIANPOINTLIST2D(((0.,0.),(0.60156244039535522,0.),(0.60156244039535522,0.89999997615814209),(0.,0.89999997615814209)));
#9365=IFCINDEXEDPOLYCURVE(#9364,(IFCLINEINDEX((1,2,3,4,1))),$);
#9366=IFCCARTESIANPOINTLIST2D(((0.02500000037252903,0.05000000074505806),(0.55156243965029716,0.05000000074505806),(0.55156243965029716,0.84999997541308403),(0.02500000037252903,0.84999997541308403)));
#9367=IFCINDEXEDPOLYCURVE(#9366,(IFCLINEINDEX((1,2,3,4,1))),$);
#9368=IFCARBITRARYPROFILEDEFWITHVOIDS(.AREA.,$,#9365,(#9367));
#9369=IFCCARTESIANPOINT((0.62251061201095581,0.05000000074505806,0.));
#9370=IFCDIRECTION((0.,-1.,0.));
#9371=IFCDIRECTION((1.,0.,0.));
#9372=IFCAXIS2PLACEMENT3D(#9369,#9370,#9371);
#9373=IFCDIRECTION((0.,0.,-1.));
#9374=IFCEXTRUDEDAREASOLID(#9368,#9372,#9373,0.040000000968575478);
#9375=IFCCARTESIANPOINTLIST2D(((0.,0.),(0.57656244002282619,0.),(0.57656244002282619,0.84999997541308403),(0.,0.84999997541308403)));
#9376=IFCINDEXEDPOLYCURVE(#9375,(IFCLINEINDEX((1,2,3,4,1))),$);
#9377=IFCCARTESIANPOINTLIST2D(((0.035000000149011612,0.035000000149011612),(0.54156243987381458,0.035000000149011612),(0.54156243987381458,0.81499997526407242),(0.035000000149011612,0.81499997526407242)));
#9378=IFCINDEXEDPOLYCURVE(#9377,(IFCLINEINDEX((1,2,3,4,1))),$);
#9379=IFCARBITRARYPROFILEDEFWITHVOIDS(.AREA.,$,#9376,(#9378));
#9380=IFCCARTESIANPOINT((0.62251061201095581,0.090000001713633537,0.02500000037252903));
#9381=IFCDIRECTION((0.,-1.,0.));
#9382=IFCDIRECTION((1.,0.,0.));
#9383=IFCAXIS2PLACEMENT3D(#9380,#9381,#9382);
#9384=IFCDIRECTION((0.,0.,-1.));
#9385=IFCEXTRUDEDAREASOLID(#9379,#9383,#9384,0.035000000149011612);
#9386=IFCINDEXEDPOLYCURVE(#9387,(IFCLINEINDEX((1,2,3,4,1))),$);
#9387=IFCCARTESIANPOINTLIST2D(((0.035000000149011612,0.035000000149011612),(0.54156243987381458,0.035000000149011612),(0.54156243987381458,0.81499997526407242),(0.035000000149011612,0.81499997526407242)));
#9388=IFCARBITRARYCLOSEDPROFILEDEF(.AREA.,$,#9386);
#9389=IFCCARTESIANPOINT((0.62251061201095581,0.10250000178813934,0.02500000037252903));
#9390=IFCDIRECTION((0.,-1.,0.));
#9391=IFCDIRECTION((1.,0.,0.));
#9392=IFCAXIS2PLACEMENT3D(#9389,#9390,#9391);
#9393=IFCDIRECTION((0.,0.,-1.));
#9394=IFCEXTRUDEDAREASOLID(#9388,#9392,#9393,0.01);
#9396=IFCSHAPEREPRESENTATION(#11,'Body','SweptSolid',(#9334,#9511,#9522,#9471,#9374,#9363,#9482,#9323));
#9397=IFCSHAPEASPECT((#9396),'Lining',$,.T.,#9241);
#9398=IFCSHAPEREPRESENTATION(#11,'Body','SweptSolid',(#9533,#9493,#9385,#9345));
#9399=IFCSHAPEASPECT((#9398),'Framing',$,.T.,#9241);
#9400=IFCSHAPEREPRESENTATION(#11,'Body','SweptSolid',(#9354,#9542,#9502,#9394));
#9401=IFCSHAPEASPECT((#9400),'Glazing',$,.T.,#9241);
#9460=IFCCARTESIANPOINTLIST3D(((0.,0.,0.),(1.224073052406311,0.,0.),(1.224073052406311,0.,0.89999997615814209),(0.,0.,0.89999997615814209)));
#9461=IFCINDEXEDPOLYCURVE(#9460,(IFCLINEINDEX((1,2,3,4,1))),$);
#9462=IFCSHAPEREPRESENTATION(#18,'Profile','Curve3D',(#9461));
#9463=IFCCARTESIANPOINTLIST2D(((0.62251061201095581,0.),(0.,0.),(0.,0.89999997615814209),(0.62251061201095581,0.89999997615814209),(0.62251061201095581,0.87499997578561306),(0.02500000037252903,0.87499997578561306),(0.02500000037252903,0.02500000037252903),(0.62251061201095581,0.02500000037252903)));
#9464=IFCINDEXEDPOLYCURVE(#9463,(IFCLINEINDEX((1,2,3,4,5,6,7,8,1))),$);
#9465=IFCARBITRARYCLOSEDPROFILEDEF(.AREA.,$,#9464);
#9466=IFCCARTESIANPOINT((0.,0.090000001713633537,0.));
#9467=IFCDIRECTION((0.,-1.,0.));
#9468=IFCDIRECTION((1.,0.,0.));
#9469=IFCAXIS2PLACEMENT3D(#9466,#9467,#9468);
#9470=IFCDIRECTION((0.,0.,-1.));
#9471=IFCEXTRUDEDAREASOLID(#9465,#9469,#9470,0.0099999997764825821);
#9472=IFCCARTESIANPOINTLIST2D(((0.,0.),(0.62251061201095581,0.),(0.62251061201095581,0.89999997615814209),(0.,0.89999997615814209)));
#9473=IFCINDEXEDPOLYCURVE(#9472,(IFCLINEINDEX((1,2,3,4,1))),$);
#9474=IFCCARTESIANPOINTLIST2D(((0.05000000074505806,0.05000000074505806),(0.59751061163842678,0.05000000074505806),(0.59751061163842678,0.84999997541308403),(0.05000000074505806,0.84999997541308403)));
#9475=IFCINDEXEDPOLYCURVE(#9474,(IFCLINEINDEX((1,2,3,4,1))),$);
#9476=IFCARBITRARYPROFILEDEFWITHVOIDS(.AREA.,$,#9473,(#9475));
#9477=IFCCARTESIANPOINT((0.,0.05000000074505806,0.));
#9478=IFCDIRECTION((0.,-1.,0.));
#9479=IFCDIRECTION((1.,0.,0.));
#9480=IFCAXIS2PLACEMENT3D(#9477,#9478,#9479);
#9481=IFCDIRECTION((0.,0.,-1.));
#9482=IFCEXTRUDEDAREASOLID(#9476,#9480,#9481,0.040000000968575478);
#9483=IFCCARTESIANPOINTLIST2D(((0.,0.),(0.59751061163842678,0.),(0.59751061163842678,0.84999997541308403),(0.,0.84999997541308403)));
#9484=IFCINDEXEDPOLYCURVE(#9483,(IFCLINEINDEX((1,2,3,4,1))),$);
#9485=IFCCARTESIANPOINTLIST2D(((0.035000000149011612,0.035000000149011612),(0.56251061148941517,0.035000000149011612),(0.56251061148941517,0.81499997526407242),(0.035000000149011612,0.81499997526407242)));
#9486=IFCINDEXEDPOLYCURVE(#9485,(IFCLINEINDEX((1,2,3,4,1))),$);
#9487=IFCARBITRARYPROFILEDEFWITHVOIDS(.AREA.,$,#9484,(#9486));
#9488=IFCCARTESIANPOINT((0.02500000037252903,0.090000001713633537,0.02500000037252903));
#9489=IFCDIRECTION((0.,-1.,0.));
#9490=IFCDIRECTION((1.,0.,0.));
#9491=IFCAXIS2PLACEMENT3D(#9488,#9489,#9490);
#9492=IFCDIRECTION((0.,0.,-1.));
#9493=IFCEXTRUDEDAREASOLID(#9487,#9491,#9492,0.035000000149011612);
#9494=IFCINDEXEDPOLYCURVE(#9495,(IFCLINEINDEX((1,2,3,4,1))),$);
#9495=IFCCARTESIANPOINTLIST2D(((0.035000000149011612,0.035000000149011612),(0.56251061148941517,0.035000000149011612),(0.56251061148941517,0.81499997526407242),(0.035000000149011612,0.81499997526407242)));
#9496=IFCARBITRARYCLOSEDPROFILEDEF(.AREA.,$,#9494);
#9497=IFCCARTESIANPOINT((0.02500000037252903,0.10250000178813934,0.02500000037252903));
#9498=IFCDIRECTION((0.,-1.,0.));
#9499=IFCDIRECTION((1.,0.,0.));
#9500=IFCAXIS2PLACEMENT3D(#9497,#9498,#9499);
#9501=IFCDIRECTION((0.,0.,-1.));
#9502=IFCEXTRUDEDAREASOLID(#9496,#9500,#9501,0.01);
#9503=IFCCARTESIANPOINTLIST2D(((0.,0.89999997615814209),(0.60156244039535522,0.89999997615814209),(0.60156244039535522,0.),(0.,0.),(0.,0.02500000037252903),(0.57656244002282619,0.02500000037252903),(0.57656244002282619,0.87499997578561306),(0.,0.87499997578561306)));
#9504=IFCINDEXEDPOLYCURVE(#9503,(IFCLINEINDEX((1,2,3,4,5,6,7,8,1))),$);
#9505=IFCARBITRARYCLOSEDPROFILEDEF(.AREA.,$,#9504);
#9506=IFCCARTESIANPOINT((0.62251061201095581,0.090000001713633537,0.));
#9507=IFCDIRECTION((0.,-1.,0.));
#9508=IFCDIRECTION((1.,0.,0.));
#9509=IFCAXIS2PLACEMENT3D(#9506,#9507,#9508);
#9510=IFCDIRECTION((0.,0.,-1.));
#9511=IFCEXTRUDEDAREASOLID(#9505,#9509,#9510,0.0099999997764825821);
#9512=IFCCARTESIANPOINTLIST2D(((0.,0.),(0.60156244039535522,0.),(0.60156244039535522,0.89999997615814209),(0.,0.89999997615814209)));
#9513=IFCINDEXEDPOLYCURVE(#9512,(IFCLINEINDEX((1,2,3,4,1))),$);
#9514=IFCCARTESIANPOINTLIST2D(((0.02500000037252903,0.05000000074505806),(0.55156243965029716,0.05000000074505806),(0.55156243965029716,0.84999997541308403),(0.02500000037252903,0.84999997541308403)));
#9515=IFCINDEXEDPOLYCURVE(#9514,(IFCLINEINDEX((1,2,3,4,1))),$);
#9516=IFCARBITRARYPROFILEDEFWITHVOIDS(.AREA.,$,#9513,(#9515));
#9517=IFCCARTESIANPOINT((0.62251061201095581,0.05000000074505806,0.));
#9518=IFCDIRECTION((0.,-1.,0.));
#9519=IFCDIRECTION((1.,0.,0.));
#9520=IFCAXIS2PLACEMENT3D(#9517,#9518,#9519);
#9521=IFCDIRECTION((0.,0.,-1.));
#9522=IFCEXTRUDEDAREASOLID(#9516,#9520,#9521,0.040000000968575478);
#9523=IFCCARTESIANPOINTLIST2D(((0.,0.),(0.57656244002282619,0.),(0.57656244002282619,0.84999997541308403),(0.,0.84999997541308403)));
#9524=IFCINDEXEDPOLYCURVE(#9523,(IFCLINEINDEX((1,2,3,4,1))),$);
#9525=IFCCARTESIANPOINTLIST2D(((0.035000000149011612,0.035000000149011612),(0.54156243987381458,0.035000000149011612),(0.54156243987381458,0.81499997526407242),(0.035000000149011612,0.81499997526407242)));
#9526=IFCINDEXEDPOLYCURVE(#9525,(IFCLINEINDEX((1,2,3,4,1))),$);
#9527=IFCARBITRARYPROFILEDEFWITHVOIDS(.AREA.,$,#9524,(#9526));
#9528=IFCCARTESIANPOINT((0.62251061201095581,0.090000001713633537,0.02500000037252903));
#9529=IFCDIRECTION((0.,-1.,0.));
#9530=IFCDIRECTION((1.,0.,0.));
#9531=IFCAXIS2PLACEMENT3D(#9528,#9529,#9530);
#9532=IFCDIRECTION((0.,0.,-1.));
#9533=IFCEXTRUDEDAREASOLID(#9527,#9531,#9532,0.035000000149011612);
#9534=IFCINDEXEDPOLYCURVE(#9535,(IFCLINEINDEX((1,2,3,4,1))),$);
#9535=IFCCARTESIANPOINTLIST2D(((0.035000000149011612,0.035000000149011612),(0.54156243987381458,0.035000000149011612),(0.54156243987381458,0.81499997526407242),(0.035000000149011612,0.81499997526407242)));
#9536=IFCARBITRARYCLOSEDPROFILEDEF(.AREA.,$,#9534);
#9537=IFCCARTESIANPOINT((0.62251061201095581,0.10250000178813934,0.02500000037252903));
#9538=IFCDIRECTION((0.,-1.,0.));
#9539=IFCDIRECTION((1.,0.,0.));
#9540=IFCAXIS2PLACEMENT3D(#9537,#9538,#9539);
#9541=IFCDIRECTION((0.,0.,-1.));
#9542=IFCEXTRUDEDAREASOLID(#9536,#9540,#9541,0.01);
#9543=IFCSHAPEREPRESENTATION(#11,'Body','SweptSolid',(#9471,#9482,#9493,#9502,#9511,#9522,#9533,#9542));
#9544=IFCCARTESIANPOINTLIST2D(((0.05000000074505806,0.05000000074505806),(0.59751061163842678,0.05000000074505806)));
#9545=IFCINDEXEDPOLYCURVE(#9544,$,$);
#9546=IFCCARTESIANPOINTLIST2D(((0.,0.10000000149011612),(0.02500000037252903,0.10000000149011612),(0.02500000037252903,0.090000001713633537),(0.05000000074505806,0.090000001713633537),(0.05000000074505806,0.05000000074505806),(0.,0.05000000074505806)));
#9547=IFCINDEXEDPOLYCURVE(#9546,(IFCLINEINDEX((1,2,3,4,5,6,1))),$);
#9548=IFCCARTESIANPOINTLIST2D(((0.62251061201095581,0.10000000149011612),(0.62251061201095581,0.10000000149011612),(0.62251061201095581,0.090000001713633537),(0.59751061163842678,0.090000001713633537),(0.59751061163842678,0.05000000074505806),(0.62251061201095581,0.05000000074505806)));
#9549=IFCINDEXEDPOLYCURVE(#9548,$,$);
#9550=IFCCARTESIANPOINTLIST2D(((0.02500000037252903,0.090000001713633537),(0.060000000521540642,0.090000001713633537),(0.060000000521540642,0.12500000186264515),(0.02500000037252903,0.12500000186264515)));
#9551=IFCINDEXEDPOLYCURVE(#9550,(IFCLINEINDEX((1,2,3,4,1))),$);
#9552=IFCINDEXEDPOLYCURVE(#9553,(IFCLINEINDEX((1,2,3,4,1))),$);
#9553=IFCCARTESIANPOINTLIST2D(((0.62251061201095581,0.090000001713633537),(0.5875106118619442,0.090000001713633537),(0.5875106118619442,0.12500000186264515),(0.62251061201095581,0.12500000186264515)));
#9554=IFCCARTESIANPOINTLIST2D(((0.060000000521540642,0.090000001713633537),(0.5875106118619442,0.090000001713633537)));
#9555=IFCINDEXEDPOLYCURVE(#9554,$,$);
#9556=IFCINDEXEDPOLYCURVE(#9557,$,$);
#9557=IFCCARTESIANPOINTLIST2D(((0.060000000521540642,0.12500000186264515),(0.5875106118619442,0.12500000186264515)));
#9558=IFCINDEXEDPOLYCURVE(#9559,$,$);
#9559=IFCCARTESIANPOINTLIST2D(((0.060000000521540642,0.10750000178813934),(0.5875106118619442,0.10750000178813934)));
#9560=IFCCARTESIANPOINTLIST2D(((0.64751061238348484,0.05000000074505806),(1.174073051661253,0.05000000074505806)));
#9561=IFCINDEXEDPOLYCURVE(#9560,$,$);
#9562=IFCCARTESIANPOINTLIST2D(((0.62251061201095581,0.10000000149011612),(0.62251061201095581,0.10000000149011612),(0.62251061201095581,0.090000001713633537),(0.64751061238348484,0.090000001713633537),(0.64751061238348484,0.05000000074505806),(0.62251061201095581,0.05000000074505806)));
#9563=IFCINDEXEDPOLYCURVE(#9562,$,$);
#9564=IFCCARTESIANPOINTLIST2D(((1.224073052406311,0.10000000149011612),(1.199073052033782,0.10000000149011612),(1.199073052033782,0.090000001713633537),(1.174073051661253,0.090000001713633537),(1.174073051661253,0.05000000074505806),(1.224073052406311,0.05000000074505806)));
#9565=IFCINDEXEDPOLYCURVE(#9564,(IFCLINEINDEX((1,2,3,4,5,6,1))),$);
#9566=IFCCARTESIANPOINTLIST2D(((0.62251061201095581,0.090000001713633537),(0.65751061215996742,0.090000001713633537),(0.65751061215996742,0.12500000186264515),(0.62251061201095581,0.12500000186264515)));
#9567=IFCINDEXEDPOLYCURVE(#9566,(IFCLINEINDEX((1,2,3,4,1))),$);
#9568=IFCINDEXEDPOLYCURVE(#9569,(IFCLINEINDEX((1,2,3,4,1))),$);
#9569=IFCCARTESIANPOINTLIST2D(((1.199073052033782,0.090000001713633537),(1.1640730518847704,0.090000001713633537),(1.1640730518847704,0.12500000186264515),(1.199073052033782,0.12500000186264515)));
#9570=IFCCARTESIANPOINTLIST2D(((0.65751061215996742,0.090000001713633537),(1.1640730518847704,0.090000001713633537)));
#9571=IFCINDEXEDPOLYCURVE(#9570,$,$);
#9572=IFCINDEXEDPOLYCURVE(#9573,$,$);
#9573=IFCCARTESIANPOINTLIST2D(((0.65751061215996742,0.12500000186264515),(1.1640730518847704,0.12500000186264515)));
#9574=IFCINDEXEDPOLYCURVE(#9575,$,$);
#9575=IFCCARTESIANPOINTLIST2D(((0.65751061215996742,0.10750000178813934),(1.1640730518847704,0.10750000178813934)));
#9576=IFCSHAPEREPRESENTATION(#24,'Body','Curve2D',(#9545,#9547,#9549,#9551,#9552,#9555,#9556,#9558,#9561,#9563,#9565,#9567,#9568,#9571,#9572,#9574));
#9577=IFCCARTESIANPOINTLIST2D(((0.,0.),(1.224073052406311,0.),(1.224073052406311,0.89999997615814209),(0.,0.89999997615814209)));
#9578=IFCINDEXEDPOLYCURVE(#9577,(IFCLINEINDEX((1,2,3,4,1))),$);
#9579=IFCARBITRARYCLOSEDPROFILEDEF(.AREA.,$,#9578);
#9580=IFCCARTESIANPOINT((0.,-0.60000002384185791,0.));
#9581=IFCDIRECTION((0.,-1.,0.));
#9582=IFCDIRECTION((1.,0.,0.));
#9583=IFCAXIS2PLACEMENT3D(#9580,#9581,#9582);
#9584=IFCDIRECTION((0.,0.,-1.));
#9585=IFCEXTRUDEDAREASOLID(#9579,#9583,#9584,1.2);
#9586=IFCSHAPEREPRESENTATION(#11,'Body','SweptSolid',(#9585));
#9592=IFCCARTESIANPOINT((0.43092687428012888,-3.0902804226684566E-07,1.));
#9593=IFCDIRECTION((0.,0.,1.));
#9594=IFCDIRECTION((0.99999999999997158,-2.3841857910149749E-07,0.));
#9595=IFCAXIS2PLACEMENT3D(#9592,#9593,#9594);
#9596=IFCLOCALPLACEMENT(#5881,#9595);
#9597=IFCCARTESIANPOINT((5.5511151231257827E-17,0.,0.));
#9598=IFCDIRECTION((0.,0.,1.));
#9599=IFCDIRECTION((1.,0.,0.));
#9600=IFCAXIS2PLACEMENT3D(#9597,#9598,#9599);
#9601=IFCLOCALPLACEMENT(#9596,#9600);
#9602=IFCDOORTYPE('2WAjblb9H5oB01lSraCrEA',$,'TB-2F',$,$,(#9603),(#9605,#9613,#9691),$,$,.DOOR.,.SINGLE_SWING_LEFT.,$,$);
#9603=IFCPROPERTYSET('2iWDIy_Jb1xe_QlOP5pXz$',$,'BBIM_Door',$,(#9604));
#9604=IFCPROPERTYSINGLEVALUE('Data',$,IFCTEXT('{"door_type": "SINGLE_SWING_LEFT", "overall_height": 2.0, "overall_width": 0.7575737237930298, "lining_properties": {"lining_depth": 0.05000000074505806, "lining_thickness": 0.05000000074505806, "lining_offset": 0.0, "lining_to_panel_offset_x": 0.02500000037252903, "lining_to_panel_offset_y": 0.02500000037252903, "transom_thickness": 0.0, "casing_thickness": 0.07500000298023224, "casing_depth": 0.004999999888241291, "threshold_thickness": 0.02500000037252903, "threshold_depth": 0.10000000149011612, "threshold_offset": 0.0}, "panel_properties": {"panel_depth": 0.03500000014901161, "panel_width_ratio": 1.0}}'),$);
#9605=IFCREPRESENTATIONMAP(#9606,#9896);
#9606=IFCAXIS2PLACEMENT3D(#9607,#9608,#9609);
#9607=IFCCARTESIANPOINT((0.,0.,0.));
#9608=IFCDIRECTION((0.,0.,1.));
#9609=IFCDIRECTION((1.,0.,0.));
#9613=IFCREPRESENTATIONMAP(#9614,#9969);
#9614=IFCAXIS2PLACEMENT3D(#9615,#9616,#9617);
#9615=IFCCARTESIANPOINT((0.,0.,0.));
#9616=IFCDIRECTION((0.,0.,1.));
#9617=IFCDIRECTION((1.,0.,0.));
#9691=IFCREPRESENTATIONMAP(#9692,#9983);
#9692=IFCAXIS2PLACEMENT3D(#9693,#9694,#9695);
#9693=IFCCARTESIANPOINT((0.,0.,0.));
#9694=IFCDIRECTION((0.,0.,1.));
#9695=IFCDIRECTION((1.,0.,0.));
#9710=IFCDOOR('0mpzGJFwb3X8$iLuAw2f$C',$,'Door',$,$,#10008,#9719,$,2.,0.75757372379302979,$,.SINGLE_SWING_LEFT.,$);
#9711=IFCRELDEFINESBYTYPE('0SK85Yern0CeA3yBILG_uy',$,$,$,(#9710),#9602);
#9712=IFCCARTESIANPOINT((0.,0.,0.));
#9713=IFCDIRECTION((1.,0.,0.));
#9714=IFCDIRECTION((0.,1.,0.));
#9715=IFCDIRECTION((0.,0.,1.));
#9716=IFCCARTESIANTRANSFORMATIONOPERATOR3D(#9713,#9714,#9712,1.,#9715);
#9717=IFCMAPPEDITEM(#9605,#9716);
#9718=IFCSHAPEREPRESENTATION(#18,'Profile','MappedRepresentation',(#9717));
#9719=IFCPRODUCTDEFINITIONSHAPE($,$,(#9718,#9726,#9733));
#9720=IFCCARTESIANPOINT((0.,0.,0.));
#9721=IFCDIRECTION((1.,0.,0.));
#9722=IFCDIRECTION((0.,1.,0.));
#9723=IFCDIRECTION((0.,0.,1.));
#9724=IFCCARTESIANTRANSFORMATIONOPERATOR3D(#9721,#9722,#9720,1.,#9723);
#9725=IFCMAPPEDITEM(#9613,#9724);
#9726=IFCSHAPEREPRESENTATION(#11,'Body','MappedRepresentation',(#9725));
#9727=IFCCARTESIANPOINT((0.,0.,0.));
#9728=IFCDIRECTION((1.,0.,0.));
#9729=IFCDIRECTION((0.,1.,0.));
#9730=IFCDIRECTION((0.,0.,1.));
#9731=IFCCARTESIANTRANSFORMATIONOPERATOR3D(#9728,#9729,#9727,1.,#9730);
#9732=IFCMAPPEDITEM(#9691,#9731);
#9733=IFCSHAPEREPRESENTATION(#24,'Body','MappedRepresentation',(#9732));
#9734=IFCOPENINGELEMENT('0ysS7mTMj8IvuE$clVIXvv',$,'Opening',$,$,#10003,#9762,$,.OPENING.);
#9750=IFCCARTESIANPOINT((0.,0.,0.));
#9751=IFCDIRECTION((1.,0.,0.));
#9752=IFCDIRECTION((0.,0.,1.));
#9753=IFCAXIS2PLACEMENT3D(#9750,#9752,#9751);
#9754=IFCREPRESENTATIONMAP(#9753,#9993);
#9755=IFCCARTESIANPOINT((0.,0.,0.));
#9756=IFCDIRECTION((1.,0.,0.));
#9757=IFCDIRECTION((0.,1.,0.));
#9758=IFCDIRECTION((0.,0.,1.));
#9759=IFCCARTESIANTRANSFORMATIONOPERATOR3D(#9756,#9757,#9755,1.,#9758);
#9760=IFCMAPPEDITEM(#9754,#9759);
#9761=IFCSHAPEREPRESENTATION(#11,'Body','MappedRepresentation',(#9760));
#9762=IFCPRODUCTDEFINITIONSHAPE($,$,(#9761));
#9763=IFCRELVOIDSELEMENT('2wjChkJtT3K8YsS_gbxGja',$,$,$,#6539,#9734);
#9769=IFCRELFILLSELEMENT('0IyoeugJ9ADu8GLvvl5UM2',$,$,$,#9734,#9710);
#9778=IFCCARTESIANPOINTLIST2D(((0.,0.),(0.,2.),(0.75757372379302979,2.),(0.75757372379302979,0.),(0.73257372342050076,0.),(0.73257372342050076,1.974999999627471),(0.02500000037252903,1.974999999627471),(0.02500000037252903,0.)));
#9779=IFCINDEXEDPOLYCURVE(#9778,(IFCLINEINDEX((1,2,3,4,5,6,7,8,1))),$);
#9780=IFCARBITRARYCLOSEDPROFILEDEF(.AREA.,$,#9779);
#9781=IFCCARTESIANPOINT((0.,0.02500000037252903,0.));
#9782=IFCDIRECTION((0.,-1.,0.));
#9783=IFCDIRECTION((1.,0.,0.));
#9784=IFCAXIS2PLACEMENT3D(#9781,#9782,#9783);
#9785=IFCDIRECTION((0.,0.,-1.));
#9786=IFCEXTRUDEDAREASOLID(#9780,#9784,#9785,0.02500000037252903);
#9787=IFCCARTESIANPOINTLIST2D(((0.,0.),(0.,2.),(0.75757372379302979,2.),(0.75757372379302979,0.),(0.70757372304797173,0.),(0.70757372304797173,1.9499999992549419),(0.05000000074505806,1.9499999992549419),(0.05000000074505806,0.)));
#9788=IFCINDEXEDPOLYCURVE(#9787,(IFCLINEINDEX((1,2,3,4,5,6,7,8,1))),$);
#9789=IFCARBITRARYCLOSEDPROFILEDEF(.AREA.,$,#9788);
#9790=IFCCARTESIANPOINT((0.,0.,0.));
#9791=IFCDIRECTION((0.,-1.,0.));
#9792=IFCDIRECTION((1.,0.,0.));
#9793=IFCAXIS2PLACEMENT3D(#9790,#9791,#9792);
#9794=IFCDIRECTION((0.,0.,-1.));
#9795=IFCEXTRUDEDAREASOLID(#9789,#9793,#9794,0.02500000037252903);
#9796=IFCCARTESIANPOINTLIST2D(((0.,0.),(0.65757372230291367,0.),(0.65757372230291367,0.10000000149011612),(0.,0.10000000149011612)));
#9797=IFCINDEXEDPOLYCURVE(#9796,(IFCLINEINDEX((1,2,3,4,1))),$);
#9798=IFCARBITRARYCLOSEDPROFILEDEF(.AREA.,$,#9797);
#9799=IFCCARTESIANPOINT((0.05000000074505806,0.,0.));
#9800=IFCDIRECTION((0.,0.,1.));
#9801=IFCDIRECTION((1.,0.,0.));
#9802=IFCAXIS2PLACEMENT3D(#9799,#9800,#9801);
#9803=IFCDIRECTION((0.,0.,1.));
#9804=IFCEXTRUDEDAREASOLID(#9798,#9802,#9803,0.02500000037252903);
#9805=IFCCARTESIANPOINTLIST2D(((0.,0.),(0.,2.0250000022351742),(0.80757372826337814,2.0250000022351742),(0.80757372826337814,0.),(0.7325737252831459,0.),(0.7325737252831459,1.9499999992549419),(0.075000002980232239,1.9499999992549419),(0.075000002980232239,0.)));
#9806=IFCINDEXEDPOLYCURVE(#9805,(IFCLINEINDEX((1,2,3,4,5,6,7,8,1))),$);
#9807=IFCARBITRARYCLOSEDPROFILEDEF(.AREA.,$,#9806);
#9808=IFCCARTESIANPOINT((-0.025000002235174179,-0.004999999888241291,0.));
#9809=IFCDIRECTION((0.,-1.,0.));
#9810=IFCDIRECTION((1.,0.,0.));
#9811=IFCAXIS2PLACEMENT3D(#9808,#9809,#9810);
#9812=IFCDIRECTION((0.,0.,-1.));
#9813=IFCEXTRUDEDAREASOLID(#9807,#9811,#9812,0.004999999888241291);
#9814=IFCCARTESIANPOINTLIST2D(((0.,0.),(0.,2.0250000022351742),(0.80757372826337814,2.0250000022351742),(0.80757372826337814,0.),(0.75757372565567493,0.),(0.75757372565567493,1.974999999627471),(0.050000002607703209,1.974999999627471),(0.050000002607703209,0.)));
#9815=IFCINDEXEDPOLYCURVE(#9814,(IFCLINEINDEX((1,2,3,4,5,6,7,8,1))),$);
#9816=IFCARBITRARYCLOSEDPROFILEDEF(.AREA.,$,#9815);
#9817=IFCCARTESIANPOINT((-0.025000002235174179,0.05000000074505806,0.));
#9818=IFCDIRECTION((0.,-1.,0.));
#9819=IFCDIRECTION((1.,0.,0.));
#9820=IFCAXIS2PLACEMENT3D(#9817,#9818,#9819);
#9821=IFCDIRECTION((0.,0.,-1.));
#9822=IFCEXTRUDEDAREASOLID(#9816,#9820,#9821,0.004999999888241291);
#9823=IFCCARTESIANPOINTLIST2D(((0.,0.),(0.70757372304797173,0.),(0.70757372304797173,0.035000000149011612),(0.,0.035000000149011612)));
#9824=IFCINDEXEDPOLYCURVE(#9823,(IFCLINEINDEX((1,2,3,4,1))),$);
#9825=IFCARBITRARYCLOSEDPROFILEDEF(.AREA.,$,#9824);
#9826=IFCCARTESIANPOINT((0.02500000037252903,0.02500000037252903,0.02500000037252903));
#9827=IFCDIRECTION((0.,0.,1.));
#9828=IFCDIRECTION((1.,0.,0.));
#9829=IFCAXIS2PLACEMENT3D(#9826,#9827,#9828);
#9830=IFCDIRECTION((0.,0.,1.));
#9831=IFCEXTRUDEDAREASOLID(#9825,#9829,#9830,1.9499999992549419);
#9832=IFCCARTESIANPOINTLIST2D(((0.,0.),(0.,-0.040000000000000001),(-0.11999999999999988,-0.040000000000000001),(-0.11999999999999988,-0.02),(-0.020000000000000018,-0.02),(-0.020000000000000018,0.)));
#9833=IFCINDEXEDPOLYCURVE(#9832,(IFCLINEINDEX((1,2,3,4,5,6,1))),$);
#9834=IFCARBITRARYCLOSEDPROFILEDEF(.AREA.,$,#9833);
#9835=IFCCARTESIANPOINT((0.68257372342050071,0.02500000037252903,1.015000000372529));
#9836=IFCDIRECTION((0.,0.,1.));
#9837=IFCDIRECTION((1.,0.,0.));
#9838=IFCAXIS2PLACEMENT3D(#9835,#9836,#9837);
#9839=IFCDIRECTION((0.,0.,1.));
#9840=IFCEXTRUDEDAREASOLID(#9834,#9838,#9839,0.02);
#9841=IFCEXTRUDEDAREASOLID(#9842,#9845,#9849,0.02);
#9842=IFCARBITRARYCLOSEDPROFILEDEF(.AREA.,$,#9843);
#9843=IFCINDEXEDPOLYCURVE(#9844,(IFCLINEINDEX((1,2,3,4,5,6,1))),$);
#9844=IFCCARTESIANPOINTLIST2D(((0.,0.),(0.,0.040000000000000008),(-0.11999999999999988,0.040000000000000008),(-0.11999999999999988,0.020000000000000004),(-0.020000000000000018,0.020000000000000004),(-0.020000000000000018,0.)));
#9845=IFCAXIS2PLACEMENT3D(#9846,#9847,#9848);
#9846=IFCCARTESIANPOINT((0.68257372342050071,0.060000000521540642,1.015000000372529));
#9847=IFCDIRECTION((0.,0.,1.));
#9848=IFCDIRECTION((1.,0.,0.));
#9849=IFCDIRECTION((0.,0.,1.));
#9851=IFCSHAPEREPRESENTATION(#11,'Body','SweptSolid',(#9905,#9786,#9813,#9804,#9941,#9795,#9932,#9923,#9914,#9822));
#9852=IFCSHAPEASPECT((#9851),'Lining',$,.T.,#9719);
#9853=IFCSHAPEREPRESENTATION(#11,'Body','SweptSolid',(#9840,#9959,#9960,#9841,#9950,#9831));
#9854=IFCSHAPEASPECT((#9853),'Framing',$,.T.,#9719);
#9894=IFCCARTESIANPOINTLIST3D(((0.,0.,0.),(0.75757372379302979,0.,0.),(0.75757372379302979,0.,2.),(0.,0.,2.)));
#9895=IFCINDEXEDPOLYCURVE(#9894,(IFCLINEINDEX((1,2,3,4,1))),$);
#9896=IFCSHAPEREPRESENTATION(#18,'Profile','Curve3D',(#9895));
#9897=IFCCARTESIANPOINTLIST2D(((0.,0.),(0.,2.),(0.75757372379302979,2.),(0.75757372379302979,0.),(0.73257372342050076,0.),(0.73257372342050076,1.974999999627471),(0.02500000037252903,1.974999999627471),(0.02500000037252903,0.)));
#9898=IFCINDEXEDPOLYCURVE(#9897,(IFCLINEINDEX((1,2,3,4,5,6,7,8,1))),$);
#9899=IFCARBITRARYCLOSEDPROFILEDEF(.AREA.,$,#9898);
#9900=IFCCARTESIANPOINT((0.,0.02500000037252903,0.));
#9901=IFCDIRECTION((0.,-1.,0.));
#9902=IFCDIRECTION((1.,0.,0.));
#9903=IFCAXIS2PLACEMENT3D(#9900,#9901,#9902);
#9904=IFCDIRECTION((0.,0.,-1.));
#9905=IFCEXTRUDEDAREASOLID(#9899,#9903,#9904,0.02500000037252903);
#9906=IFCCARTESIANPOINTLIST2D(((0.,0.),(0.,2.),(0.75757372379302979,2.),(0.75757372379302979,0.),(0.70757372304797173,0.),(0.70757372304797173,1.9499999992549419),(0.05000000074505806,1.9499999992549419),(0.05000000074505806,0.)));
#9907=IFCINDEXEDPOLYCURVE(#9906,(IFCLINEINDEX((1,2,3,4,5,6,7,8,1))),$);
#9908=IFCARBITRARYCLOSEDPROFILEDEF(.AREA.,$,#9907);
#9909=IFCCARTESIANPOINT((0.,0.,0.));
#9910=IFCDIRECTION((0.,-1.,0.));
#9911=IFCDIRECTION((1.,0.,0.));
#9912=IFCAXIS2PLACEMENT3D(#9909,#9910,#9911);
#9913=IFCDIRECTION((0.,0.,-1.));
#9914=IFCEXTRUDEDAREASOLID(#9908,#9912,#9913,0.02500000037252903);
#9915=IFCCARTESIANPOINTLIST2D(((0.,0.),(0.65757372230291367,0.),(0.65757372230291367,0.10000000149011612),(0.,0.10000000149011612)));
#9916=IFCINDEXEDPOLYCURVE(#9915,(IFCLINEINDEX((1,2,3,4,1))),$);
#9917=IFCARBITRARYCLOSEDPROFILEDEF(.AREA.,$,#9916);
#9918=IFCCARTESIANPOINT((0.05000000074505806,0.,0.));
#9919=IFCDIRECTION((0.,0.,1.));
#9920=IFCDIRECTION((1.,0.,0.));
#9921=IFCAXIS2PLACEMENT3D(#9918,#9919,#9920);
#9922=IFCDIRECTION((0.,0.,1.));
#9923=IFCEXTRUDEDAREASOLID(#9917,#9921,#9922,0.02500000037252903);
#9924=IFCCARTESIANPOINTLIST2D(((0.,0.),(0.,2.0250000022351742),(0.80757372826337814,2.0250000022351742),(0.80757372826337814,0.),(0.7325737252831459,0.),(0.7325737252831459,1.9499999992549419),(0.075000002980232239,1.9499999992549419),(0.075000002980232239,0.)));
#9925=IFCINDEXEDPOLYCURVE(#9924,(IFCLINEINDEX((1,2,3,4,5,6,7,8,1))),$);
#9926=IFCARBITRARYCLOSEDPROFILEDEF(.AREA.,$,#9925);
#9927=IFCCARTESIANPOINT((-0.025000002235174179,-0.004999999888241291,0.));
#9928=IFCDIRECTION((0.,-1.,0.));
#9929=IFCDIRECTION((1.,0.,0.));
#9930=IFCAXIS2PLACEMENT3D(#9927,#9928,#9929);
#9931=IFCDIRECTION((0.,0.,-1.));
#9932=IFCEXTRUDEDAREASOLID(#9926,#9930,#9931,0.004999999888241291);
#9933=IFCCARTESIANPOINTLIST2D(((0.,0.),(0.,2.0250000022351742),(0.80757372826337814,2.0250000022351742),(0.80757372826337814,0.),(0.75757372565567493,0.),(0.75757372565567493,1.974999999627471),(0.050000002607703209,1.974999999627471),(0.050000002607703209,0.)));
#9934=IFCINDEXEDPOLYCURVE(#9933,(IFCLINEINDEX((1,2,3,4,5,6,7,8,1))),$);
#9935=IFCARBITRARYCLOSEDPROFILEDEF(.AREA.,$,#9934);
#9936=IFCCARTESIANPOINT((-0.025000002235174179,0.05000000074505806,0.));
#9937=IFCDIRECTION((0.,-1.,0.));
#9938=IFCDIRECTION((1.,0.,0.));
#9939=IFCAXIS2PLACEMENT3D(#9936,#9937,#9938);
#9940=IFCDIRECTION((0.,0.,-1.));
#9941=IFCEXTRUDEDAREASOLID(#9935,#9939,#9940,0.004999999888241291);
#9942=IFCCARTESIANPOINTLIST2D(((0.,0.),(0.70757372304797173,0.),(0.70757372304797173,0.035000000149011612),(0.,0.035000000149011612)));
#9943=IFCINDEXEDPOLYCURVE(#9942,(IFCLINEINDEX((1,2,3,4,1))),$);
#9944=IFCARBITRARYCLOSEDPROFILEDEF(.AREA.,$,#9943);
#9945=IFCCARTESIANPOINT((0.02500000037252903,0.02500000037252903,0.02500000037252903));
#9946=IFCDIRECTION((0.,0.,1.));
#9947=IFCDIRECTION((1.,0.,0.));
#9948=IFCAXIS2PLACEMENT3D(#9945,#9946,#9947);
#9949=IFCDIRECTION((0.,0.,1.));
#9950=IFCEXTRUDEDAREASOLID(#9944,#9948,#9949,1.9499999992549419);
#9951=IFCCARTESIANPOINTLIST2D(((0.,0.),(0.,-0.040000000000000001),(-0.11999999999999988,-0.040000000000000001),(-0.11999999999999988,-0.02),(-0.020000000000000018,-0.02),(-0.020000000000000018,0.)));
#9952=IFCINDEXEDPOLYCURVE(#9951,(IFCLINEINDEX((1,2,3,4,5,6,1))),$);
#9953=IFCARBITRARYCLOSEDPROFILEDEF(.AREA.,$,#9952);
#9954=IFCCARTESIANPOINT((0.68257372342050071,0.02500000037252903,1.015000000372529));
#9955=IFCDIRECTION((0.,0.,1.));
#9956=IFCDIRECTION((1.,0.,0.));
#9957=IFCAXIS2PLACEMENT3D(#9954,#9955,#9956);
#9958=IFCDIRECTION((0.,0.,1.));
#9959=IFCEXTRUDEDAREASOLID(#9953,#9957,#9958,0.02);
#9960=IFCEXTRUDEDAREASOLID(#9961,#9964,#9968,0.02);
#9961=IFCARBITRARYCLOSEDPROFILEDEF(.AREA.,$,#9962);
#9962=IFCINDEXEDPOLYCURVE(#9963,(IFCLINEINDEX((1,2,3,4,5,6,1))),$);
#9963=IFCCARTESIANPOINTLIST2D(((0.,0.),(0.,0.040000000000000008),(-0.11999999999999988,0.040000000000000008),(-0.11999999999999988,0.020000000000000004),(-0.020000000000000018,0.020000000000000004),(-0.020000000000000018,0.)));
#9964=IFCAXIS2PLACEMENT3D(#9965,#9966,#9967);
#9965=IFCCARTESIANPOINT((0.68257372342050071,0.060000000521540642,1.015000000372529));
#9966=IFCDIRECTION((0.,0.,1.));
#9967=IFCDIRECTION((1.,0.,0.));
#9968=IFCDIRECTION((0.,0.,1.));
#9969=IFCSHAPEREPRESENTATION(#11,'Body','SweptSolid',(#9905,#9914,#9950,#9959,#9960,#9923,#9932,#9941));
#9970=IFCCARTESIANPOINTLIST2D(((0.,0.),(0.,0.05000000074505806),(0.02500000037252903,0.05000000074505806),(0.02500000037252903,0.02500000037252903),(0.05000000074505806,0.02500000037252903),(0.05000000074505806,0.)));
#9971=IFCINDEXEDPOLYCURVE(#9970,(IFCLINEINDEX((1,2,3,4,5,6,1))),$);
#9972=IFCINDEXEDPOLYCURVE(#9973,(IFCLINEINDEX((1,2,3,4,5,6,1))),$);
#9973=IFCCARTESIANPOINTLIST2D(((0.75757372379302979,0.),(0.75757372379302979,0.05000000074505806),(0.73257372342050076,0.05000000074505806),(0.73257372342050076,0.02500000037252903),(0.70757372304797173,0.02500000037252903),(0.70757372304797173,0.)));
#9974=IFCDIRECTION((1.,0.));
#9975=IFCCARTESIANPOINT((0.060000000521540642,0.05000000074505806));
#9976=IFCAXIS2PLACEMENT2D(#9975,#9974);
#9977=IFCELLIPSE(#9976,0.67257372289896011,0.70757372304797173);
#9978=IFCCARTESIANPOINT((0.73257372342050076,0.05000000074505806));
#9979=IFCCARTESIANPOINT((0.060000000521540642,0.75757372379302979));
#9980=IFCTRIMMEDCURVE(#9977,(#9978),(#9979),.T.,.CARTESIAN.);
#9981=IFCCARTESIANPOINTLIST2D(((0.02500000037252903,0.05000000074505806),(0.060000000521540642,0.05000000074505806),(0.060000000521540642,0.75757372379302979),(0.02500000037252903,0.75757372379302979)));
#9982=IFCINDEXEDPOLYCURVE(#9981,(IFCLINEINDEX((1,2,3,4,1))),$);
#9983=IFCSHAPEREPRESENTATION(#24,'Body','Curve2D',(#9971,#9972,#9980,#9982));
#9984=IFCCARTESIANPOINTLIST2D(((0.,0.),(0.75757372379302979,0.),(0.75757372379302979,2.),(0.,2.)));
#9985=IFCINDEXEDPOLYCURVE(#9984,(IFCLINEINDEX((1,2,3,4,1))),$);
#9986=IFCARBITRARYCLOSEDPROFILEDEF(.AREA.,$,#9985);
#9987=IFCCARTESIANPOINT((0.,-0.60000002384185791,0.));
#9988=IFCDIRECTION((0.,-1.,0.));
#9989=IFCDIRECTION((1.,0.,0.));
#9990=IFCAXIS2PLACEMENT3D(#9987,#9988,#9989);
#9991=IFCDIRECTION((0.,0.,-1.));
#9992=IFCEXTRUDEDAREASOLID(#9986,#9990,#9991,1.2);
#9993=IFCSHAPEREPRESENTATION(#11,'Body','SweptSolid',(#9992));
#9999=IFCCARTESIANPOINT((3.6028877539033397,0.099999940313114877,0.));
#10000=IFCDIRECTION((0.,0.,1.));
#10001=IFCDIRECTION((-0.99999999999999611,8.7422776573472364E-08,0.));
#10002=IFCAXIS2PLACEMENT3D(#9999,#10000,#10001);
#10003=IFCLOCALPLACEMENT(#6616,#10002);
#10004=IFCCARTESIANPOINT((0.,0.,0.));
#10005=IFCDIRECTION((0.,0.,1.));
#10006=IFCDIRECTION((1.,2.6469779601696886E-23,0.));
#10007=IFCAXIS2PLACEMENT3D(#10004,#10005,#10006);
#10008=IFCLOCALPLACEMENT(#10003,#10007);
#10009=IFCDOORTYPE('2woab3rOX6U8lxVtnO_53F',$,'BR1-2F',$,$,(#10010),(#10012,#10020,#10098),$,$,.DOOR.,.SINGLE_SWING_LEFT.,$,$);
#10010=IFCPROPERTYSET('0IZAspoZH2Ff1Z1HsQ8w$_',$,'BBIM_Door',$,(#10011));
#10011=IFCPROPERTYSINGLEVALUE('Data',$,IFCTEXT('{"door_type": "SINGLE_SWING_LEFT", "overall_height": 2.0, "overall_width": 0.8532241582870483, "lining_properties": {"lining_depth": 0.05000000074505806, "lining_thickness": 0.05000000074505806, "lining_offset": 0.0, "lining_to_panel_offset_x": 0.02500000037252903, "lining_to_panel_offset_y": 0.02500000037252903, "transom_thickness": 0.0, "casing_thickness": 0.07500000298023224, "casing_depth": 0.004999999888241291, "threshold_thickness": 0.02500000037252903, "threshold_depth": 0.10000000149011612, "threshold_offset": 0.0}, "panel_properties": {"panel_depth": 0.03500000014901161, "panel_width_ratio": 1.0}}'),$);
#10012=IFCREPRESENTATIONMAP(#10013,#10586);
#10013=IFCAXIS2PLACEMENT3D(#10014,#10015,#10016);
#10014=IFCCARTESIANPOINT((0.,0.,0.));
#10015=IFCDIRECTION((0.,0.,1.));
#10016=IFCDIRECTION((1.,0.,0.));
#10020=IFCREPRESENTATIONMAP(#10021,#10659);
#10021=IFCAXIS2PLACEMENT3D(#10022,#10023,#10024);
#10022=IFCCARTESIANPOINT((0.,0.,0.));
#10023=IFCDIRECTION((0.,0.,1.));
#10024=IFCDIRECTION((1.,0.,0.));
#10098=IFCREPRESENTATIONMAP(#10099,#10673);
#10099=IFCAXIS2PLACEMENT3D(#10100,#10101,#10102);
#10100=IFCCARTESIANPOINT((0.,0.,0.));
#10101=IFCDIRECTION((0.,0.,1.));
#10102=IFCDIRECTION((1.,0.,0.));
#10117=IFCDOORTYPE('188sm2OTPEvQCd6ydoVLXc',$,'MBR-2F',$,$,(#10118),(#10120,#10128,#10206),$,$,.DOOR.,.SINGLE_SWING_LEFT.,$,$);
#10118=IFCPROPERTYSET('3yZ4g1mCf3IQJ2eGQwqdVX',$,'BBIM_Door',$,(#10119));
#10119=IFCPROPERTYSINGLEVALUE('Data',$,IFCTEXT('{"door_type": "SINGLE_SWING_LEFT", "overall_height": 2.0, "overall_width": 0.8565225601196289, "lining_properties": {"lining_depth": 0.05000000074505806, "lining_thickness": 0.05000000074505806, "lining_offset": 0.0, "lining_to_panel_offset_x": 0.02500000037252903, "lining_to_panel_offset_y": 0.02500000037252903, "transom_thickness": 0.0, "casing_thickness": 0.07500000298023224, "casing_depth": 0.004999999888241291, "threshold_thickness": 0.02500000037252903, "threshold_depth": 0.10000000149011612, "threshold_offset": 0.0}, "panel_properties": {"panel_depth": 0.03500000014901161, "panel_width_ratio": 1.0}}'),$);
#10120=IFCREPRESENTATIONMAP(#10121,#10766);
#10121=IFCAXIS2PLACEMENT3D(#10122,#10123,#10124);
#10122=IFCCARTESIANPOINT((0.,0.,0.));
#10123=IFCDIRECTION((0.,0.,1.));
#10124=IFCDIRECTION((1.,0.,0.));
#10128=IFCREPRESENTATIONMAP(#10129,#10839);
#10129=IFCAXIS2PLACEMENT3D(#10130,#10131,#10132);
#10130=IFCCARTESIANPOINT((0.,0.,0.));
#10131=IFCDIRECTION((0.,0.,1.));
#10132=IFCDIRECTION((1.,0.,0.));
#10206=IFCREPRESENTATIONMAP(#10207,#10857);
#10207=IFCAXIS2PLACEMENT3D(#10208,#10209,#10210);
#10208=IFCCARTESIANPOINT((0.,0.,0.));
#10209=IFCDIRECTION((0.,0.,1.));
#10210=IFCDIRECTION((1.,0.,0.));
#10225=IFCDOOR('0S43UmdLX6Ae0KYIToLzVZ',$,'Door',$,$,#10698,#10234,$,2.,0.85322415828704834,$,.SINGLE_SWING_LEFT.,$);
#10226=IFCRELDEFINESBYTYPE('3lTS5ERYT7YxCfzxgvHcY6',$,$,$,(#10225),#10009);
#10227=IFCCARTESIANPOINT((0.,0.,0.));
#10228=IFCDIRECTION((1.,0.,0.));
#10229=IFCDIRECTION((0.,1.,0.));
#10230=IFCDIRECTION((0.,0.,1.));
#10231=IFCCARTESIANTRANSFORMATIONOPERATOR3D(#10228,#10229,#10227,1.,#10230);
#10232=IFCMAPPEDITEM(#10012,#10231);
#10233=IFCSHAPEREPRESENTATION(#18,'Profile','MappedRepresentation',(#10232));
#10234=IFCPRODUCTDEFINITIONSHAPE($,$,(#10233,#10241,#10248));
#10235=IFCCARTESIANPOINT((0.,0.,0.));
#10236=IFCDIRECTION((1.,0.,0.));
#10237=IFCDIRECTION((0.,1.,0.));
#10238=IFCDIRECTION((0.,0.,1.));
#10239=IFCCARTESIANTRANSFORMATIONOPERATOR3D(#10236,#10237,#10235,1.,#10238);
#10240=IFCMAPPEDITEM(#10020,#10239);
#10241=IFCSHAPEREPRESENTATION(#11,'Body','MappedRepresentation',(#10240));
#10242=IFCCARTESIANPOINT((0.,0.,0.));
#10243=IFCDIRECTION((1.,0.,0.));
#10244=IFCDIRECTION((0.,1.,0.));
#10245=IFCDIRECTION((0.,0.,1.));
#10246=IFCCARTESIANTRANSFORMATIONOPERATOR3D(#10243,#10244,#10242,1.,#10245);
#10247=IFCMAPPEDITEM(#10098,#10246);
#10248=IFCSHAPEREPRESENTATION(#24,'Body','MappedRepresentation',(#10247));
#10249=IFCOPENINGELEMENT('2OEWjd7Uz9dwrWLNlFe5o$',$,'Opening',$,$,#10693,#10277,$,.OPENING.);
#10265=IFCCARTESIANPOINT((0.,0.,0.));
#10266=IFCDIRECTION((1.,0.,0.));
#10267=IFCDIRECTION((0.,0.,1.));
#10268=IFCAXIS2PLACEMENT3D(#10265,#10267,#10266);
#10269=IFCREPRESENTATIONMAP(#10268,#10683);
#10270=IFCCARTESIANPOINT((0.,0.,0.));
#10271=IFCDIRECTION((1.,0.,0.));
#10272=IFCDIRECTION((0.,1.,0.));
#10273=IFCDIRECTION((0.,0.,1.));
#10274=IFCCARTESIANTRANSFORMATIONOPERATOR3D(#10271,#10272,#10270,1.,#10273);
#10275=IFCMAPPEDITEM(#10269,#10274);
#10276=IFCSHAPEREPRESENTATION(#11,'Body','MappedRepresentation',(#10275));
#10277=IFCPRODUCTDEFINITIONSHAPE($,$,(#10276));
#10278=IFCRELVOIDSELEMENT('1nTVffNDf4Hf4nbag7px5e',$,$,$,#6968,#10249);
#10284=IFCRELFILLSELEMENT('0V89ZhPlfDh8jXM8HNe7cn',$,$,$,#10249,#10225);
#10338=IFCCARTESIANPOINTLIST2D(((0.,0.),(0.,2.),(0.85322415828704834,2.),(0.85322415828704834,0.),(0.82822415791451931,0.),(0.82822415791451931,1.974999999627471),(0.02500000037252903,1.974999999627471),(0.02500000037252903,0.)));
#10339=IFCINDEXEDPOLYCURVE(#10338,(IFCLINEINDEX((1,2,3,4,5,6,7,8,1))),$);
#10340=IFCARBITRARYCLOSEDPROFILEDEF(.AREA.,$,#10339);
#10341=IFCCARTESIANPOINT((0.,0.02500000037252903,0.));
#10342=IFCDIRECTION((0.,-1.,0.));
#10343=IFCDIRECTION((1.,0.,0.));
#10344=IFCAXIS2PLACEMENT3D(#10341,#10342,#10343);
#10345=IFCDIRECTION((0.,0.,-1.));
#10346=IFCEXTRUDEDAREASOLID(#10340,#10344,#10345,0.02500000037252903);
#10347=IFCCARTESIANPOINTLIST2D(((0.,0.),(0.,2.),(0.85322415828704834,2.),(0.85322415828704834,0.),(0.80322415754199028,0.),(0.80322415754199028,1.9499999992549419),(0.05000000074505806,1.9499999992549419),(0.05000000074505806,0.)));
#10348=IFCINDEXEDPOLYCURVE(#10347,(IFCLINEINDEX((1,2,3,4,5,6,7,8,1))),$);
#10349=IFCARBITRARYCLOSEDPROFILEDEF(.AREA.,$,#10348);
#10350=IFCCARTESIANPOINT((0.,0.,0.));
#10351=IFCDIRECTION((0.,-1.,0.));
#10352=IFCDIRECTION((1.,0.,0.));
#10353=IFCAXIS2PLACEMENT3D(#10350,#10351,#10352);
#10354=IFCDIRECTION((0.,0.,-1.));
#10355=IFCEXTRUDEDAREASOLID(#10349,#10353,#10354,0.02500000037252903);
#10356=IFCCARTESIANPOINTLIST2D(((0.,0.),(0.75322415679693222,0.),(0.75322415679693222,0.10000000149011612),(0.,0.10000000149011612)));
#10357=IFCINDEXEDPOLYCURVE(#10356,(IFCLINEINDEX((1,2,3,4,1))),$);
#10358=IFCARBITRARYCLOSEDPROFILEDEF(.AREA.,$,#10357);
#10359=IFCCARTESIANPOINT((0.05000000074505806,0.,0.));
#10360=IFCDIRECTION((0.,0.,1.));
#10361=IFCDIRECTION((1.,0.,0.));
#10362=IFCAXIS2PLACEMENT3D(#10359,#10360,#10361);
#10363=IFCDIRECTION((0.,0.,1.));
#10364=IFCEXTRUDEDAREASOLID(#10358,#10362,#10363,0.02500000037252903);
#10365=IFCCARTESIANPOINTLIST2D(((0.,0.),(0.,2.0250000022351742),(0.9032241627573967,2.0250000022351742),(0.9032241627573967,0.),(0.82822415977716446,0.),(0.82822415977716446,1.9499999992549419),(0.075000002980232239,1.9499999992549419),(0.075000002980232239,0.)));
#10366=IFCINDEXEDPOLYCURVE(#10365,(IFCLINEINDEX((1,2,3,4,5,6,7,8,1))),$);
#10367=IFCARBITRARYCLOSEDPROFILEDEF(.AREA.,$,#10366);
#10368=IFCCARTESIANPOINT((-0.025000002235174179,-0.004999999888241291,0.));
#10369=IFCDIRECTION((0.,-1.,0.));
#10370=IFCDIRECTION((1.,0.,0.));
#10371=IFCAXIS2PLACEMENT3D(#10368,#10369,#10370);
#10372=IFCDIRECTION((0.,0.,-1.));
#10373=IFCEXTRUDEDAREASOLID(#10367,#10371,#10372,0.004999999888241291);
#10374=IFCCARTESIANPOINTLIST2D(((0.,0.),(0.,2.0250000022351742),(0.9032241627573967,2.0250000022351742),(0.9032241627573967,0.),(0.85322416014969349,0.),(0.85322416014969349,1.974999999627471),(0.050000002607703209,1.974999999627471),(0.050000002607703209,0.)));
#10375=IFCINDEXEDPOLYCURVE(#10374,(IFCLINEINDEX((1,2,3,4,5,6,7,8,1))),$);
#10376=IFCARBITRARYCLOSEDPROFILEDEF(.AREA.,$,#10375);
#10377=IFCCARTESIANPOINT((-0.025000002235174179,0.05000000074505806,0.));
#10378=IFCDIRECTION((0.,-1.,0.));
#10379=IFCDIRECTION((1.,0.,0.));
#10380=IFCAXIS2PLACEMENT3D(#10377,#10378,#10379);
#10381=IFCDIRECTION((0.,0.,-1.));
#10382=IFCEXTRUDEDAREASOLID(#10376,#10380,#10381,0.004999999888241291);
#10383=IFCCARTESIANPOINTLIST2D(((0.,0.),(0.80322415754199028,0.),(0.80322415754199028,0.035000000149011612),(0.,0.035000000149011612)));
#10384=IFCINDEXEDPOLYCURVE(#10383,(IFCLINEINDEX((1,2,3,4,1))),$);
#10385=IFCARBITRARYCLOSEDPROFILEDEF(.AREA.,$,#10384);
#10386=IFCCARTESIANPOINT((0.02500000037252903,0.02500000037252903,0.02500000037252903));
#10387=IFCDIRECTION((0.,0.,1.));
#10388=IFCDIRECTION((1.,0.,0.));
#10389=IFCAXIS2PLACEMENT3D(#10386,#10387,#10388);
#10390=IFCDIRECTION((0.,0.,1.));
#10391=IFCEXTRUDEDAREASOLID(#10385,#10389,#10390,1.9499999992549419);
#10392=IFCCARTESIANPOINTLIST2D(((0.,0.),(0.,-0.040000000000000001),(-0.11999999999999988,-0.040000000000000001),(-0.11999999999999988,-0.02),(-0.020000000000000018,-0.02),(-0.020000000000000018,0.)));
#10393=IFCINDEXEDPOLYCURVE(#10392,(IFCLINEINDEX((1,2,3,4,5,6,1))),$);
#10394=IFCARBITRARYCLOSEDPROFILEDEF(.AREA.,$,#10393);
#10395=IFCCARTESIANPOINT((0.77822415791451927,0.02500000037252903,1.015000000372529));
#10396=IFCDIRECTION((0.,0.,1.));
#10397=IFCDIRECTION((1.,0.,0.));
#10398=IFCAXIS2PLACEMENT3D(#10395,#10396,#10397);
#10399=IFCDIRECTION((0.,0.,1.));
#10400=IFCEXTRUDEDAREASOLID(#10394,#10398,#10399,0.02);
#10401=IFCEXTRUDEDAREASOLID(#10402,#10405,#10409,0.02);
#10402=IFCARBITRARYCLOSEDPROFILEDEF(.AREA.,$,#10403);
#10403=IFCINDEXEDPOLYCURVE(#10404,(IFCLINEINDEX((1,2,3,4,5,6,1))),$);
#10404=IFCCARTESIANPOINTLIST2D(((0.,0.),(0.,0.040000000000000008),(-0.11999999999999988,0.040000000000000008),(-0.11999999999999988,0.020000000000000004),(-0.020000000000000018,0.020000000000000004),(-0.020000000000000018,0.)));
#10405=IFCAXIS2PLACEMENT3D(#10406,#10407,#10408);
#10406=IFCCARTESIANPOINT((0.77822415791451927,0.060000000521540642,1.015000000372529));
#10407=IFCDIRECTION((0.,0.,1.));
#10408=IFCDIRECTION((1.,0.,0.));
#10409=IFCDIRECTION((0.,0.,1.));
#10411=IFCSHAPEREPRESENTATION(#11,'Body','SweptSolid',(#10355,#10382,#10613,#10492,#10465,#10346,#10373,#10622,#10483,#10595,#10604,#10631,#10364,#10501,#10474));
#10412=IFCSHAPEASPECT((#10411),'Lining',$,.T.,#10234);
#10413=IFCSHAPEREPRESENTATION(#11,'Body','SweptSolid',(#10640,#10519,#10400,#10401,#10510,#10391,#10650,#10520,#10649));
#10414=IFCSHAPEASPECT((#10413),'Framing',$,.T.,#10234);
#10457=IFCCARTESIANPOINTLIST2D(((0.,0.),(0.,2.),(0.85322415828704834,2.),(0.85322415828704834,0.),(0.82822415791451931,0.),(0.82822415791451931,1.974999999627471),(0.02500000037252903,1.974999999627471),(0.02500000037252903,0.)));
#10458=IFCINDEXEDPOLYCURVE(#10457,(IFCLINEINDEX((1,2,3,4,5,6,7,8,1))),$);
#10459=IFCARBITRARYCLOSEDPROFILEDEF(.AREA.,$,#10458);
#10460=IFCCARTESIANPOINT((0.,0.02500000037252903,0.));
#10461=IFCDIRECTION((0.,-1.,0.));
#10462=IFCDIRECTION((1.,0.,0.));
#10463=IFCAXIS2PLACEMENT3D(#10460,#10461,#10462);
#10464=IFCDIRECTION((0.,0.,-1.));
#10465=IFCEXTRUDEDAREASOLID(#10459,#10463,#10464,0.02500000037252903);
#10466=IFCCARTESIANPOINTLIST2D(((0.,0.),(0.,2.),(0.85322415828704834,2.),(0.85322415828704834,0.),(0.80322415754199028,0.),(0.80322415754199028,1.9499999992549419),(0.05000000074505806,1.9499999992549419),(0.05000000074505806,0.)));
#10467=IFCINDEXEDPOLYCURVE(#10466,(IFCLINEINDEX((1,2,3,4,5,6,7,8,1))),$);
#10468=IFCARBITRARYCLOSEDPROFILEDEF(.AREA.,$,#10467);
#10469=IFCCARTESIANPOINT((0.,0.,0.));
#10470=IFCDIRECTION((0.,-1.,0.));
#10471=IFCDIRECTION((1.,0.,0.));
#10472=IFCAXIS2PLACEMENT3D(#10469,#10470,#10471);
#10473=IFCDIRECTION((0.,0.,-1.));
#10474=IFCEXTRUDEDAREASOLID(#10468,#10472,#10473,0.02500000037252903);
#10475=IFCCARTESIANPOINTLIST2D(((0.,0.),(0.75322415679693222,0.),(0.75322415679693222,0.10000000149011612),(0.,0.10000000149011612)));
#10476=IFCINDEXEDPOLYCURVE(#10475,(IFCLINEINDEX((1,2,3,4,1))),$);
#10477=IFCARBITRARYCLOSEDPROFILEDEF(.AREA.,$,#10476);
#10478=IFCCARTESIANPOINT((0.05000000074505806,0.,0.));
#10479=IFCDIRECTION((0.,0.,1.));
#10480=IFCDIRECTION((1.,0.,0.));
#10481=IFCAXIS2PLACEMENT3D(#10478,#10479,#10480);
#10482=IFCDIRECTION((0.,0.,1.));
#10483=IFCEXTRUDEDAREASOLID(#10477,#10481,#10482,0.02500000037252903);
#10484=IFCCARTESIANPOINTLIST2D(((0.,0.),(0.,2.0250000022351742),(0.9032241627573967,2.0250000022351742),(0.9032241627573967,0.),(0.82822415977716446,0.),(0.82822415977716446,1.9499999992549419),(0.075000002980232239,1.9499999992549419),(0.075000002980232239,0.)));
#10485=IFCINDEXEDPOLYCURVE(#10484,(IFCLINEINDEX((1,2,3,4,5,6,7,8,1))),$);
#10486=IFCARBITRARYCLOSEDPROFILEDEF(.AREA.,$,#10485);
#10487=IFCCARTESIANPOINT((-0.025000002235174179,-0.004999999888241291,0.));
#10488=IFCDIRECTION((0.,-1.,0.));
#10489=IFCDIRECTION((1.,0.,0.));
#10490=IFCAXIS2PLACEMENT3D(#10487,#10488,#10489);
#10491=IFCDIRECTION((0.,0.,-1.));
#10492=IFCEXTRUDEDAREASOLID(#10486,#10490,#10491,0.004999999888241291);
#10493=IFCCARTESIANPOINTLIST2D(((0.,0.),(0.,2.0250000022351742),(0.9032241627573967,2.0250000022351742),(0.9032241627573967,0.),(0.85322416014969349,0.),(0.85322416014969349,1.974999999627471),(0.050000002607703209,1.974999999627471),(0.050000002607703209,0.)));
#10494=IFCINDEXEDPOLYCURVE(#10493,(IFCLINEINDEX((1,2,3,4,5,6,7,8,1))),$);
#10495=IFCARBITRARYCLOSEDPROFILEDEF(.AREA.,$,#10494);
#10496=IFCCARTESIANPOINT((-0.025000002235174179,0.05000000074505806,0.));
#10497=IFCDIRECTION((0.,-1.,0.));
#10498=IFCDIRECTION((1.,0.,0.));
#10499=IFCAXIS2PLACEMENT3D(#10496,#10497,#10498);
#10500=IFCDIRECTION((0.,0.,-1.));
#10501=IFCEXTRUDEDAREASOLID(#10495,#10499,#10500,0.004999999888241291);
#10502=IFCCARTESIANPOINTLIST2D(((0.,0.),(0.80322415754199028,0.),(0.80322415754199028,0.035000000149011612),(0.,0.035000000149011612)));
#10503=IFCINDEXEDPOLYCURVE(#10502,(IFCLINEINDEX((1,2,3,4,1))),$);
#10504=IFCARBITRARYCLOSEDPROFILEDEF(.AREA.,$,#10503);
#10505=IFCCARTESIANPOINT((0.02500000037252903,0.02500000037252903,0.02500000037252903));
#10506=IFCDIRECTION((0.,0.,1.));
#10507=IFCDIRECTION((1.,0.,0.));
#10508=IFCAXIS2PLACEMENT3D(#10505,#10506,#10507);
#10509=IFCDIRECTION((0.,0.,1.));
#10510=IFCEXTRUDEDAREASOLID(#10504,#10508,#10509,1.9499999992549419);
#10511=IFCCARTESIANPOINTLIST2D(((0.,0.),(0.,-0.040000000000000001),(-0.11999999999999988,-0.040000000000000001),(-0.11999999999999988,-0.02),(-0.020000000000000018,-0.02),(-0.020000000000000018,0.)));
#10512=IFCINDEXEDPOLYCURVE(#10511,(IFCLINEINDEX((1,2,3,4,5,6,1))),$);
#10513=IFCARBITRARYCLOSEDPROFILEDEF(.AREA.,$,#10512);
#10514=IFCCARTESIANPOINT((0.77822415791451927,0.02500000037252903,1.015000000372529));
#10515=IFCDIRECTION((0.,0.,1.));
#10516=IFCDIRECTION((1.,0.,0.));
#10517=IFCAXIS2PLACEMENT3D(#10514,#10515,#10516);
#10518=IFCDIRECTION((0.,0.,1.));
#10519=IFCEXTRUDEDAREASOLID(#10513,#10517,#10518,0.02);
#10520=IFCEXTRUDEDAREASOLID(#10521,#10524,#10528,0.02);
#10521=IFCARBITRARYCLOSEDPROFILEDEF(.AREA.,$,#10522);
#10522=IFCINDEXEDPOLYCURVE(#10523,(IFCLINEINDEX((1,2,3,4,5,6,1))),$);
#10523=IFCCARTESIANPOINTLIST2D(((0.,0.),(0.,0.040000000000000008),(-0.11999999999999988,0.040000000000000008),(-0.11999999999999988,0.020000000000000004),(-0.020000000000000018,0.020000000000000004),(-0.020000000000000018,0.)));
#10524=IFCAXIS2PLACEMENT3D(#10525,#10526,#10527);
#10525=IFCCARTESIANPOINT((0.77822415791451927,0.060000000521540642,1.015000000372529));
#10526=IFCDIRECTION((0.,0.,1.));
#10527=IFCDIRECTION((1.,0.,0.));
#10528=IFCDIRECTION((0.,0.,1.));
#10584=IFCCARTESIANPOINTLIST3D(((0.,0.,0.),(0.85322415828704834,0.,0.),(0.85322415828704834,0.,2.),(0.,0.,2.)));
#10585=IFCINDEXEDPOLYCURVE(#10584,(IFCLINEINDEX((1,2,3,4,1))),$);
#10586=IFCSHAPEREPRESENTATION(#18,'Profile','Curve3D',(#10585));
#10587=IFCCARTESIANPOINTLIST2D(((0.,0.),(0.,2.),(0.85322415828704834,2.),(0.85322415828704834,0.),(0.82822415791451931,0.),(0.82822415791451931,1.974999999627471),(0.02500000037252903,1.974999999627471),(0.02500000037252903,0.)));
#10588=IFCINDEXEDPOLYCURVE(#10587,(IFCLINEINDEX((1,2,3,4,5,6,7,8,1))),$);
#10589=IFCARBITRARYCLOSEDPROFILEDEF(.AREA.,$,#10588);
#10590=IFCCARTESIANPOINT((0.,0.02500000037252903,0.));
#10591=IFCDIRECTION((0.,-1.,0.));
#10592=IFCDIRECTION((1.,0.,0.));
#10593=IFCAXIS2PLACEMENT3D(#10590,#10591,#10592);
#10594=IFCDIRECTION((0.,0.,-1.));
#10595=IFCEXTRUDEDAREASOLID(#10589,#10593,#10594,0.02500000037252903);
#10596=IFCCARTESIANPOINTLIST2D(((0.,0.),(0.,2.),(0.85322415828704834,2.),(0.85322415828704834,0.),(0.80322415754199028,0.),(0.80322415754199028,1.9499999992549419),(0.05000000074505806,1.9499999992549419),(0.05000000074505806,0.)));
#10597=IFCINDEXEDPOLYCURVE(#10596,(IFCLINEINDEX((1,2,3,4,5,6,7,8,1))),$);
#10598=IFCARBITRARYCLOSEDPROFILEDEF(.AREA.,$,#10597);
#10599=IFCCARTESIANPOINT((0.,0.,0.));
#10600=IFCDIRECTION((0.,-1.,0.));
#10601=IFCDIRECTION((1.,0.,0.));
#10602=IFCAXIS2PLACEMENT3D(#10599,#10600,#10601);
#10603=IFCDIRECTION((0.,0.,-1.));
#10604=IFCEXTRUDEDAREASOLID(#10598,#10602,#10603,0.02500000037252903);
#10605=IFCCARTESIANPOINTLIST2D(((0.,0.),(0.75322415679693222,0.),(0.75322415679693222,0.10000000149011612),(0.,0.10000000149011612)));
#10606=IFCINDEXEDPOLYCURVE(#10605,(IFCLINEINDEX((1,2,3,4,1))),$);
#10607=IFCARBITRARYCLOSEDPROFILEDEF(.AREA.,$,#10606);
#10608=IFCCARTESIANPOINT((0.05000000074505806,0.,0.));
#10609=IFCDIRECTION((0.,0.,1.));
#10610=IFCDIRECTION((1.,0.,0.));
#10611=IFCAXIS2PLACEMENT3D(#10608,#10609,#10610);
#10612=IFCDIRECTION((0.,0.,1.));
#10613=IFCEXTRUDEDAREASOLID(#10607,#10611,#10612,0.02500000037252903);
#10614=IFCCARTESIANPOINTLIST2D(((0.,0.),(0.,2.0250000022351742),(0.9032241627573967,2.0250000022351742),(0.9032241627573967,0.),(0.82822415977716446,0.),(0.82822415977716446,1.9499999992549419),(0.075000002980232239,1.9499999992549419),(0.075000002980232239,0.)));
#10615=IFCINDEXEDPOLYCURVE(#10614,(IFCLINEINDEX((1,2,3,4,5,6,7,8,1))),$);
#10616=IFCARBITRARYCLOSEDPROFILEDEF(.AREA.,$,#10615);
#10617=IFCCARTESIANPOINT((-0.025000002235174179,-0.004999999888241291,0.));
#10618=IFCDIRECTION((0.,-1.,0.));
#10619=IFCDIRECTION((1.,0.,0.));
#10620=IFCAXIS2PLACEMENT3D(#10617,#10618,#10619);
#10621=IFCDIRECTION((0.,0.,-1.));
#10622=IFCEXTRUDEDAREASOLID(#10616,#10620,#10621,0.004999999888241291);
#10623=IFCCARTESIANPOINTLIST2D(((0.,0.),(0.,2.0250000022351742),(0.9032241627573967,2.0250000022351742),(0.9032241627573967,0.),(0.85322416014969349,0.),(0.85322416014969349,1.974999999627471),(0.050000002607703209,1.974999999627471),(0.050000002607703209,0.)));
#10624=IFCINDEXEDPOLYCURVE(#10623,(IFCLINEINDEX((1,2,3,4,5,6,7,8,1))),$);
#10625=IFCARBITRARYCLOSEDPROFILEDEF(.AREA.,$,#10624);
#10626=IFCCARTESIANPOINT((-0.025000002235174179,0.05000000074505806,0.));
#10627=IFCDIRECTION((0.,-1.,0.));
#10628=IFCDIRECTION((1.,0.,0.));
#10629=IFCAXIS2PLACEMENT3D(#10626,#10627,#10628);
#10630=IFCDIRECTION((0.,0.,-1.));
#10631=IFCEXTRUDEDAREASOLID(#10625,#10629,#10630,0.004999999888241291);
#10632=IFCCARTESIANPOINTLIST2D(((0.,0.),(0.80322415754199028,0.),(0.80322415754199028,0.035000000149011612),(0.,0.035000000149011612)));
#10633=IFCINDEXEDPOLYCURVE(#10632,(IFCLINEINDEX((1,2,3,4,1))),$);
#10634=IFCARBITRARYCLOSEDPROFILEDEF(.AREA.,$,#10633);
#10635=IFCCARTESIANPOINT((0.02500000037252903,0.02500000037252903,0.02500000037252903));
#10636=IFCDIRECTION((0.,0.,1.));
#10637=IFCDIRECTION((1.,0.,0.));
#10638=IFCAXIS2PLACEMENT3D(#10635,#10636,#10637);
#10639=IFCDIRECTION((0.,0.,1.));
#10640=IFCEXTRUDEDAREASOLID(#10634,#10638,#10639,1.9499999992549419);
#10641=IFCCARTESIANPOINTLIST2D(((0.,0.),(0.,-0.040000000000000001),(-0.11999999999999988,-0.040000000000000001),(-0.11999999999999988,-0.02),(-0.020000000000000018,-0.02),(-0.020000000000000018,0.)));
#10642=IFCINDEXEDPOLYCURVE(#10641,(IFCLINEINDEX((1,2,3,4,5,6,1))),$);
#10643=IFCARBITRARYCLOSEDPROFILEDEF(.AREA.,$,#10642);
#10644=IFCCARTESIANPOINT((0.77822415791451927,0.02500000037252903,1.015000000372529));
#10645=IFCDIRECTION((0.,0.,1.));
#10646=IFCDIRECTION((1.,0.,0.));
#10647=IFCAXIS2PLACEMENT3D(#10644,#10645,#10646);
#10648=IFCDIRECTION((0.,0.,1.));
#10649=IFCEXTRUDEDAREASOLID(#10643,#10647,#10648,0.02);
#10650=IFCEXTRUDEDAREASOLID(#10651,#10654,#10658,0.02);
#10651=IFCARBITRARYCLOSEDPROFILEDEF(.AREA.,$,#10652);
#10652=IFCINDEXEDPOLYCURVE(#10653,(IFCLINEINDEX((1,2,3,4,5,6,1))),$);
#10653=IFCCARTESIANPOINTLIST2D(((0.,0.),(0.,0.040000000000000008),(-0.11999999999999988,0.040000000000000008),(-0.11999999999999988,0.020000000000000004),(-0.020000000000000018,0.020000000000000004),(-0.020000000000000018,0.)));
#10654=IFCAXIS2PLACEMENT3D(#10655,#10656,#10657);
#10655=IFCCARTESIANPOINT((0.77822415791451927,0.060000000521540642,1.015000000372529));
#10656=IFCDIRECTION((0.,0.,1.));
#10657=IFCDIRECTION((1.,0.,0.));
#10658=IFCDIRECTION((0.,0.,1.));
#10659=IFCSHAPEREPRESENTATION(#11,'Body','SweptSolid',(#10595,#10604,#10640,#10649,#10650,#10613,#10622,#10631));
#10660=IFCCARTESIANPOINTLIST2D(((0.,0.),(0.,0.05000000074505806),(0.02500000037252903,0.05000000074505806),(0.02500000037252903,0.02500000037252903),(0.05000000074505806,0.02500000037252903),(0.05000000074505806,0.)));
#10661=IFCINDEXEDPOLYCURVE(#10660,(IFCLINEINDEX((1,2,3,4,5,6,1))),$);
#10662=IFCINDEXEDPOLYCURVE(#10663,(IFCLINEINDEX((1,2,3,4,5,6,1))),$);
#10663=IFCCARTESIANPOINTLIST2D(((0.85322415828704834,0.),(0.85322415828704834,0.05000000074505806),(0.82822415791451931,0.05000000074505806),(0.82822415791451931,0.02500000037252903),(0.80322415754199028,0.02500000037252903),(0.80322415754199028,0.)));
#10664=IFCDIRECTION((1.,0.));
#10665=IFCCARTESIANPOINT((0.060000000521540642,0.05000000074505806));
#10666=IFCAXIS2PLACEMENT2D(#10665,#10664);
#10667=IFCELLIPSE(#10666,0.76822415739297867,0.80322415754199028);
#10668=IFCCARTESIANPOINT((0.82822415791451931,0.05000000074505806));
#10669=IFCCARTESIANPOINT((0.060000000521540642,0.85322415828704834));
#10670=IFCTRIMMEDCURVE(#10667,(#10668),(#10669),.T.,.CARTESIAN.);
#10671=IFCCARTESIANPOINTLIST2D(((0.02500000037252903,0.05000000074505806),(0.060000000521540642,0.05000000074505806),(0.060000000521540642,0.85322415828704834),(0.02500000037252903,0.85322415828704834)));
#10672=IFCINDEXEDPOLYCURVE(#10671,(IFCLINEINDEX((1,2,3,4,1))),$);
#10673=IFCSHAPEREPRESENTATION(#24,'Body','Curve2D',(#10661,#10662,#10670,#10672));
#10674=IFCCARTESIANPOINTLIST2D(((0.,0.),(0.85322415828704834,0.),(0.85322415828704834,2.),(0.,2.)));
#10675=IFCINDEXEDPOLYCURVE(#10674,(IFCLINEINDEX((1,2,3,4,1))),$);
#10676=IFCARBITRARYCLOSEDPROFILEDEF(.AREA.,$,#10675);
#10677=IFCCARTESIANPOINT((0.,-0.60000002384185791,0.));
#10678=IFCDIRECTION((0.,-1.,0.));
#10679=IFCDIRECTION((1.,0.,0.));
#10680=IFCAXIS2PLACEMENT3D(#10677,#10678,#10679);
#10681=IFCDIRECTION((0.,0.,-1.));
#10682=IFCEXTRUDEDAREASOLID(#10676,#10680,#10681,1.2);
#10683=IFCSHAPEREPRESENTATION(#11,'Body','SweptSolid',(#10682));
#10689=IFCCARTESIANPOINT((4.4417749243341422,0.014999312516082164,0.));
#10690=IFCDIRECTION((0.,0.,1.));
#10691=IFCDIRECTION((0.99999999999997147,-2.384185719961227E-07,0.));
#10692=IFCAXIS2PLACEMENT3D(#10689,#10690,#10691);
#10693=IFCLOCALPLACEMENT(#7088,#10692);
#10694=IFCCARTESIANPOINT((-4.4408920985006262E-16,-1.1102230246251565E-16,0.));
#10695=IFCDIRECTION((0.,0.,1.));
#10696=IFCDIRECTION((1.,0.,0.));
#10697=IFCAXIS2PLACEMENT3D(#10694,#10695,#10696);
#10698=IFCLOCALPLACEMENT(#10693,#10697);
#10699=IFCDOOR('3GRDM0jpD8O9g1unTY33Ff',$,'Door',$,$,#10882,#10708,$,2.,0.85652256011962891,$,.SINGLE_SWING_LEFT.,$);
#10700=IFCRELDEFINESBYTYPE('2FPtmvRBPF4B6VLVLSHX3P',$,$,$,(#10699),#10117);
#10701=IFCCARTESIANPOINT((0.,0.,0.));
#10702=IFCDIRECTION((1.,0.,0.));
#10703=IFCDIRECTION((0.,1.,0.));
#10704=IFCDIRECTION((0.,0.,1.));
#10705=IFCCARTESIANTRANSFORMATIONOPERATOR3D(#10702,#10703,#10701,1.,#10704);
#10706=IFCMAPPEDITEM(#10120,#10705);
#10707=IFCSHAPEREPRESENTATION(#18,'Profile','MappedRepresentation',(#10706));
#10708=IFCPRODUCTDEFINITIONSHAPE($,$,(#10707,#10715,#10722));
#10709=IFCCARTESIANPOINT((0.,0.,0.));
#10710=IFCDIRECTION((1.,0.,0.));
#10711=IFCDIRECTION((0.,1.,0.));
#10712=IFCDIRECTION((0.,0.,1.));
#10713=IFCCARTESIANTRANSFORMATIONOPERATOR3D(#10710,#10711,#10709,1.,#10712);
#10714=IFCMAPPEDITEM(#10128,#10713);
#10715=IFCSHAPEREPRESENTATION(#11,'Body','MappedRepresentation',(#10714));
#10716=IFCCARTESIANPOINT((0.,0.,0.));
#10717=IFCDIRECTION((1.,0.,0.));
#10718=IFCDIRECTION((0.,1.,0.));
#10719=IFCDIRECTION((0.,0.,1.));
#10720=IFCCARTESIANTRANSFORMATIONOPERATOR3D(#10717,#10718,#10716,1.,#10719);
#10721=IFCMAPPEDITEM(#10206,#10720);
#10722=IFCSHAPEREPRESENTATION(#24,'Body','MappedRepresentation',(#10721));
#10723=IFCOPENINGELEMENT('1qWiL8F4f8xwnFW_psNGwy',$,'Opening',$,$,#10877,#10751,$,.OPENING.);
#10739=IFCCARTESIANPOINT((0.,0.,0.));
#10740=IFCDIRECTION((1.,0.,0.));
#10741=IFCDIRECTION((0.,0.,1.));
#10742=IFCAXIS2PLACEMENT3D(#10739,#10741,#10740);
#10743=IFCREPRESENTATIONMAP(#10742,#10867);
#10744=IFCCARTESIANPOINT((0.,0.,0.));
#10745=IFCDIRECTION((1.,0.,0.));
#10746=IFCDIRECTION((0.,1.,0.));
#10747=IFCDIRECTION((0.,0.,1.));
#10748=IFCCARTESIANTRANSFORMATIONOPERATOR3D(#10745,#10746,#10744,1.,#10747);
#10749=IFCMAPPEDITEM(#10743,#10748);
#10750=IFCSHAPEREPRESENTATION(#11,'Body','MappedRepresentation',(#10749));
#10751=IFCPRODUCTDEFINITIONSHAPE($,$,(#10750));
#10752=IFCRELVOIDSELEMENT('0Fj1g5CPHA2f5bRrSIaT4h',$,$,$,#6968,#10723);
#10758=IFCRELFILLSELEMENT('1K4bRuya1DbPZvAmObkC2l',$,$,$,#10723,#10699);
#10764=IFCCARTESIANPOINTLIST3D(((0.,0.,0.),(0.85652256011962891,0.,0.),(0.85652256011962891,0.,2.),(0.,0.,2.)));
#10765=IFCINDEXEDPOLYCURVE(#10764,(IFCLINEINDEX((1,2,3,4,1))),$);
#10766=IFCSHAPEREPRESENTATION(#18,'Profile','Curve3D',(#10765));
#10767=IFCCARTESIANPOINTLIST2D(((0.,0.),(0.,2.),(0.85652256011962891,2.),(0.85652256011962891,0.),(0.83152255974709988,0.),(0.83152255974709988,1.974999999627471),(0.02500000037252903,1.974999999627471),(0.02500000037252903,0.)));
#10768=IFCINDEXEDPOLYCURVE(#10767,(IFCLINEINDEX((1,2,3,4,5,6,7,8,1))),$);
#10769=IFCARBITRARYCLOSEDPROFILEDEF(.AREA.,$,#10768);
#10770=IFCCARTESIANPOINT((0.,0.02500000037252903,0.));
#10771=IFCDIRECTION((0.,-1.,0.));
#10772=IFCDIRECTION((1.,0.,0.));
#10773=IFCAXIS2PLACEMENT3D(#10770,#10771,#10772);
#10774=IFCDIRECTION((0.,0.,-1.));
#10775=IFCEXTRUDEDAREASOLID(#10769,#10773,#10774,0.02500000037252903);
#10776=IFCCARTESIANPOINTLIST2D(((0.,0.),(0.,2.),(0.85652256011962891,2.),(0.85652256011962891,0.),(0.80652255937457085,0.),(0.80652255937457085,1.9499999992549419),(0.05000000074505806,1.9499999992549419),(0.05000000074505806,0.)));
#10777=IFCINDEXEDPOLYCURVE(#10776,(IFCLINEINDEX((1,2,3,4,5,6,7,8,1))),$);
#10778=IFCARBITRARYCLOSEDPROFILEDEF(.AREA.,$,#10777);
#10779=IFCCARTESIANPOINT((0.,0.,0.));
#10780=IFCDIRECTION((0.,-1.,0.));
#10781=IFCDIRECTION((1.,0.,0.));
#10782=IFCAXIS2PLACEMENT3D(#10779,#10780,#10781);
#10783=IFCDIRECTION((0.,0.,-1.));
#10784=IFCEXTRUDEDAREASOLID(#10778,#10782,#10783,0.02500000037252903);
#10785=IFCCARTESIANPOINTLIST2D(((0.,0.),(0.75652255862951279,0.),(0.75652255862951279,0.10000000149011612),(0.,0.10000000149011612)));
#10786=IFCINDEXEDPOLYCURVE(#10785,(IFCLINEINDEX((1,2,3,4,1))),$);
#10787=IFCARBITRARYCLOSEDPROFILEDEF(.AREA.,$,#10786);
#10788=IFCCARTESIANPOINT((0.05000000074505806,0.,0.));
#10789=IFCDIRECTION((0.,0.,1.));
#10790=IFCDIRECTION((1.,0.,0.));
#10791=IFCAXIS2PLACEMENT3D(#10788,#10789,#10790);
#10792=IFCDIRECTION((0.,0.,1.));
#10793=IFCEXTRUDEDAREASOLID(#10787,#10791,#10792,0.02500000037252903);
#10794=IFCCARTESIANPOINTLIST2D(((0.,0.),(0.,2.0250000022351742),(0.90652256458997726,2.0250000022351742),(0.90652256458997726,0.),(0.83152256160974503,0.),(0.83152256160974503,1.9499999992549419),(0.075000002980232239,1.9499999992549419),(0.075000002980232239,0.)));
#10795=IFCINDEXEDPOLYCURVE(#10794,(IFCLINEINDEX((1,2,3,4,5,6,7,8,1))),$);
#10796=IFCARBITRARYCLOSEDPROFILEDEF(.AREA.,$,#10795);
#10797=IFCCARTESIANPOINT((-0.025000002235174179,-0.004999999888241291,0.));
#10798=IFCDIRECTION((0.,-1.,0.));
#10799=IFCDIRECTION((1.,0.,0.));
#10800=IFCAXIS2PLACEMENT3D(#10797,#10798,#10799);
#10801=IFCDIRECTION((0.,0.,-1.));
#10802=IFCEXTRUDEDAREASOLID(#10796,#10800,#10801,0.004999999888241291);
#10803=IFCCARTESIANPOINTLIST2D(((0.,0.),(0.,2.0250000022351742),(0.90652256458997726,2.0250000022351742),(0.90652256458997726,0.),(0.85652256198227406,0.),(0.85652256198227406,1.974999999627471),(0.050000002607703209,1.974999999627471),(0.050000002607703209,0.)));
#10804=IFCINDEXEDPOLYCURVE(#10803,(IFCLINEINDEX((1,2,3,4,5,6,7,8,1))),$);
#10805=IFCARBITRARYCLOSEDPROFILEDEF(.AREA.,$,#10804);
#10806=IFCCARTESIANPOINT((-0.025000002235174179,0.05000000074505806,0.));
#10807=IFCDIRECTION((0.,-1.,0.));
#10808=IFCDIRECTION((1.,0.,0.));
#10809=IFCAXIS2PLACEMENT3D(#10806,#10807,#10808);
#10810=IFCDIRECTION((0.,0.,-1.));
#10811=IFCEXTRUDEDAREASOLID(#10805,#10809,#10810,0.004999999888241291);
#10812=IFCCARTESIANPOINTLIST2D(((0.,0.),(0.80652255937457085,0.),(0.80652255937457085,0.035000000149011612),(0.,0.035000000149011612)));
#10813=IFCINDEXEDPOLYCURVE(#10812,(IFCLINEINDEX((1,2,3,4,1))),$);
#10814=IFCARBITRARYCLOSEDPROFILEDEF(.AREA.,$,#10813);
#10815=IFCCARTESIANPOINT((0.02500000037252903,0.02500000037252903,0.02500000037252903));
#10816=IFCDIRECTION((0.,0.,1.));
#10817=IFCDIRECTION((1.,0.,0.));
#10818=IFCAXIS2PLACEMENT3D(#10815,#10816,#10817);
#10819=IFCDIRECTION((0.,0.,1.));
#10820=IFCEXTRUDEDAREASOLID(#10814,#10818,#10819,1.9499999992549419);
#10821=IFCCARTESIANPOINTLIST2D(((0.,0.),(0.,-0.040000000000000001),(-0.11999999999999988,-0.040000000000000001),(-0.11999999999999988,-0.02),(-0.020000000000000018,-0.02),(-0.020000000000000018,0.)));
#10822=IFCINDEXEDPOLYCURVE(#10821,(IFCLINEINDEX((1,2,3,4,5,6,1))),$);
#10823=IFCARBITRARYCLOSEDPROFILEDEF(.AREA.,$,#10822);
#10824=IFCCARTESIANPOINT((0.78152255974709983,0.02500000037252903,1.015000000372529));
#10825=IFCDIRECTION((0.,0.,1.));
#10826=IFCDIRECTION((1.,0.,0.));
#10827=IFCAXIS2PLACEMENT3D(#10824,#10825,#10826);
#10828=IFCDIRECTION((0.,0.,1.));
#10829=IFCEXTRUDEDAREASOLID(#10823,#10827,#10828,0.02);
#10830=IFCEXTRUDEDAREASOLID(#10831,#10834,#10838,0.02);
#10831=IFCARBITRARYCLOSEDPROFILEDEF(.AREA.,$,#10832);
#10832=IFCINDEXEDPOLYCURVE(#10833,(IFCLINEINDEX((1,2,3,4,5,6,1))),$);
#10833=IFCCARTESIANPOINTLIST2D(((0.,0.),(0.,0.040000000000000008),(-0.11999999999999988,0.040000000000000008),(-0.11999999999999988,0.020000000000000004),(-0.020000000000000018,0.020000000000000004),(-0.020000000000000018,0.)));
#10834=IFCAXIS2PLACEMENT3D(#10835,#10836,#10837);
#10835=IFCCARTESIANPOINT((0.78152255974709983,0.060000000521540642,1.015000000372529));
#10836=IFCDIRECTION((0.,0.,1.));
#10837=IFCDIRECTION((1.,0.,0.));
#10838=IFCDIRECTION((0.,0.,1.));
#10839=IFCSHAPEREPRESENTATION(#11,'Body','SweptSolid',(#10775,#10784,#10820,#10829,#10830,#10793,#10802,#10811));
#10840=IFCSHAPEREPRESENTATION(#11,'Body','SweptSolid',(#10775,#10784,#10793,#10802,#10811));
#10841=IFCSHAPEASPECT((#10840),'Lining',$,.T.,#10708);
#10842=IFCSHAPEREPRESENTATION(#11,'Body','SweptSolid',(#10820,#10829,#10830));
#10843=IFCSHAPEASPECT((#10842),'Framing',$,.T.,#10708);
#10844=IFCCARTESIANPOINTLIST2D(((0.,0.),(0.,0.05000000074505806),(0.02500000037252903,0.05000000074505806),(0.02500000037252903,0.02500000037252903),(0.05000000074505806,0.02500000037252903),(0.05000000074505806,0.)));
#10845=IFCINDEXEDPOLYCURVE(#10844,(IFCLINEINDEX((1,2,3,4,5,6,1))),$);
#10846=IFCINDEXEDPOLYCURVE(#10847,(IFCLINEINDEX((1,2,3,4,5,6,1))),$);
#10847=IFCCARTESIANPOINTLIST2D(((0.85652256011962891,0.),(0.85652256011962891,0.05000000074505806),(0.83152255974709988,0.05000000074505806),(0.83152255974709988,0.02500000037252903),(0.80652255937457085,0.02500000037252903),(0.80652255937457085,0.)));
#10848=IFCDIRECTION((1.,0.));
#10849=IFCCARTESIANPOINT((0.060000000521540642,0.05000000074505806));
#10850=IFCAXIS2PLACEMENT2D(#10849,#10848);
#10851=IFCELLIPSE(#10850,0.77152255922555923,0.80652255937457085);
#10852=IFCCARTESIANPOINT((0.83152255974709988,0.05000000074505806));
#10853=IFCCARTESIANPOINT((0.060000000521540642,0.85652256011962891));
#10854=IFCTRIMMEDCURVE(#10851,(#10852),(#10853),.T.,.CARTESIAN.);
#10855=IFCCARTESIANPOINTLIST2D(((0.02500000037252903,0.05000000074505806),(0.060000000521540642,0.05000000074505806),(0.060000000521540642,0.85652256011962891),(0.02500000037252903,0.85652256011962891)));
#10856=IFCINDEXEDPOLYCURVE(#10855,(IFCLINEINDEX((1,2,3,4,1))),$);
#10857=IFCSHAPEREPRESENTATION(#24,'Body','Curve2D',(#10845,#10846,#10854,#10856));
#10858=IFCCARTESIANPOINTLIST2D(((0.,0.),(0.85652256011962891,0.),(0.85652256011962891,2.),(0.,2.)));
#10859=IFCINDEXEDPOLYCURVE(#10858,(IFCLINEINDEX((1,2,3,4,1))),$);
#10860=IFCARBITRARYCLOSEDPROFILEDEF(.AREA.,$,#10859);
#10861=IFCCARTESIANPOINT((0.,-0.60000002384185791,0.));
#10862=IFCDIRECTION((0.,-1.,0.));
#10863=IFCDIRECTION((1.,0.,0.));
#10864=IFCAXIS2PLACEMENT3D(#10861,#10862,#10863);
#10865=IFCDIRECTION((0.,0.,-1.));
#10866=IFCEXTRUDEDAREASOLID(#10860,#10864,#10865,1.2);
#10867=IFCSHAPEREPRESENTATION(#11,'Body','SweptSolid',(#10866));
#10873=IFCCARTESIANPOINT((4.0417102111144345,0.099999529075265492,0.));
#10874=IFCDIRECTION((0.,0.,1.));
#10875=IFCDIRECTION((-0.99999999999997868,2.0663207322967565E-07,0.));
#10876=IFCAXIS2PLACEMENT3D(#10873,#10874,#10875);
#10877=IFCLOCALPLACEMENT(#7088,#10876);
#10878=IFCCARTESIANPOINT((-4.4408920985006262E-16,0.,0.));
#10879=IFCDIRECTION((0.,0.,1.));
#10880=IFCDIRECTION((1.,0.,0.));
#10881=IFCAXIS2PLACEMENT3D(#10878,#10879,#10880);
#10882=IFCLOCALPLACEMENT(#10877,#10881);
#10883=IFCCARTESIANPOINT((0.,0.,0.));
#10884=IFCDIRECTION((0.,0.,1.));
#10885=IFCDIRECTION((1.,0.,0.));
#10886=IFCAXIS2PLACEMENT3D(#10883,#10884,#10885);
#10887=IFCLOCALPLACEMENT(#8611,#10886);
#10888=IFCCARTESIANPOINT((-8.8817841970012523E-16,4.4408920985006262E-16,0.));
#10889=IFCDIRECTION((0.,0.,1.));
#10890=IFCDIRECTION((1.,0.,0.));
#10891=IFCAXIS2PLACEMENT3D(#10888,#10889,#10890);
#10892=IFCLOCALPLACEMENT(#8596,#10891);
#10893=IFCCARTESIANPOINT((-4.4408920985006262E-16,0.,0.));
#10894=IFCDIRECTION((0.,0.,1.));
#10895=IFCDIRECTION((1.,0.,0.));
#10896=IFCAXIS2PLACEMENT3D(#10893,#10894,#10895);
#10897=IFCLOCALPLACEMENT(#8719,#10896);
#10898=IFCSLABTYPE('0yu5rRCIb4Suv9XNijtOa6',$,'Roof Slab',$,$,(#10899),$,$,$,.FLOOR.);
#10899=IFCPROPERTYSET('0$KvNh7OzFdAljloTrK3Su',$,'EPset_Parametric',$,(#10900));
#10900=IFCPROPERTYSINGLEVALUE('LayerSetDirection',$,IFCLABEL('AXIS3'),$);
#10901=IFCRELASSOCIATESMATERIAL('0CxcW_7K9AlhfZEJ6OrKcF',$,$,$,(#10898),#10902);
#10902=IFCMATERIALLAYERSET((#10903),$,$);
#10903=IFCMATERIALLAYER(#110,0.10000000000000001,$,$,$,$,$);
#10905=IFCRELDEFINESBYTYPE('3HK4Cnw7jCofW$XKS$_Rmw',$,$,$,(#11040),#10898);
#10927=IFCBUILDINGSTOREY('0FQiNgI3L1I9yQ1n_utSpo',$,'Roof',$,$,#10948,$,$,$,$);
#10944=IFCCARTESIANPOINT((0.,0.,6.));
#10945=IFCDIRECTION((0.,0.,1.));
#10946=IFCDIRECTION((1.,0.,0.));
#10947=IFCAXIS2PLACEMENT3D(#10944,#10945,#10946);
#10948=IFCLOCALPLACEMENT(#56,#10947);
#11040=IFCSLAB('13Td9faq1DMhSzhQDp5A5C',$,'Slab',$,$,#11371,#11055,$,$);
#11041=IFCRELCONTAINEDINSPATIALSTRUCTURE('1wUF1iydn3mAVhfhtmEznQ',$,$,$,(#11040,#11063),#10927);
#11042=IFCMATERIALLAYERSETUSAGE(#10902,.AXIS3.,.NEGATIVE.,-0.10000000149011612,$);
#11043=IFCRELASSOCIATESMATERIAL('1JS02ntzj7jvOBXdRA3MPo',$,$,$,(#11040),#11042);
#11049=IFCCARTESIANPOINTLIST2D(((0.,0.),(-4.0110583305358887,4.768371582031268E-07),(-4.0110583305358887,-0.98000001907348999),(-7.5210580825805664,-0.97999858856201538),(-7.5210580825805664,-8.1399993896484677),(-3.9673843383789062,-8.1399984359741513),(-3.9673843383789062,-8.7234096527099947),(-2.4000015258789062,-8.7234096527099947),(-2.4000015258789062,-9.6333217620849965),(2.288818359375E-05,-9.6333217620849965),(2.384185791015625E-05,-2.0980834960937578E-05),(0.,0.)));
#11050=IFCINDEXEDPOLYCURVE(#11049,$,$);
#11051=IFCDIRECTION((0.,-8.7422776573475858E-08,-1.));
#11052=IFCARBITRARYCLOSEDPROFILEDEF(.AREA.,$,#11050);
#11053=IFCEXTRUDEDAREASOLID(#11052,#11062,#11051,0.10000000000000001);
#11054=IFCSHAPEREPRESENTATION(#11,'Body','SweptSolid',(#11053));
#11055=IFCPRODUCTDEFINITIONSHAPE($,$,(#11054));
#11056=IFCPROPERTYSET('0orRi1ZJ98z8UvYVT2AFT7',$,'EPset_Parametric',$,(#11058));
#11057=IFCRELDEFINESBYPROPERTIES('21p4iM$In8iA1_SKgNRHtS',$,$,$,(#11040),#11056);
#11058=IFCPROPERTYSINGLEVALUE('Engine',$,IFCLABEL('Bonsai.DumbLayer3'),$);
#11059=IFCCARTESIANPOINT((0.,-8.7422780126189537E-09,-0.10000000149011612));
#11060=IFCDIRECTION((0.,0.,1.));
#11061=IFCDIRECTION((1.,0.,0.));
#11062=IFCAXIS2PLACEMENT3D(#11059,#11060,#11061);
#11063=IFCROOF('2Hm_kTyuj5vRq6S7DXwAn$',$,'Roof',$,$,#11376,#11072,$,$);
#11064=IFCRELDEFINESBYTYPE('3LZZXP3yjDwhCM0WiT2u0G',$,$,$,(#11063),#5722);
#11065=IFCCARTESIANPOINT((0.,0.,0.));
#11066=IFCDIRECTION((1.,0.,0.));
#11067=IFCDIRECTION((0.,1.,0.));
#11068=IFCDIRECTION((0.,0.,1.));
#11069=IFCCARTESIANTRANSFORMATIONOPERATOR3D(#11066,#11067,#11065,1.,#11068);
#11070=IFCMAPPEDITEM(#5752,#11069);
#11071=IFCSHAPEREPRESENTATION(#11,'Body','MappedRepresentation',(#11070));
#11072=IFCPRODUCTDEFINITIONSHAPE($,$,(#11071,#11079));
#11073=IFCCARTESIANPOINT((0.,0.,0.));
#11074=IFCDIRECTION((1.,0.,0.));
#11075=IFCDIRECTION((0.,1.,0.));
#11076=IFCDIRECTION((0.,0.,1.));
#11077=IFCCARTESIANTRANSFORMATIONOPERATOR3D(#11074,#11075,#11073,1.,#11076);
#11078=IFCMAPPEDITEM(#5780,#11077);
#11079=IFCSHAPEREPRESENTATION(#13,'Box','MappedRepresentation',(#11078));
#11085=IFCDOORTYPE('1HyZGzmy1DevBklGSTL$6H',$,'Balcony-2F',$,$,(#11086),(#11088,#11096,#11165,#11177),$,$,.DOOR.,.SINGLE_SWING_LEFT.,$,$);
#11086=IFCPROPERTYSET('3cO3Yjd5zFuBf52zC1UrSB',$,'BBIM_Door',$,(#11087));
#11087=IFCPROPERTYSINGLEVALUE('Data',$,IFCTEXT('{"door_type": "SLIDING_TO_RIGHT", "overall_height": 2.0, "overall_width": 2.043360471725464, "lining_properties": {"lining_depth": 0.05000000074505806, "lining_thickness": 0.05000000074505806, "lining_offset": 0.0, "transom_thickness": 0.0, "casing_thickness": 0.07500000298023224, "casing_depth": 0.004999999888241291, "threshold_thickness": 0.02500000037252903, "threshold_depth": 0.10000000149011612, "threshold_offset": 0.0}, "panel_properties": {"panel_depth": 0.03500000014901161, "panel_width_ratio": 1.0}}'),$);
#11088=IFCREPRESENTATIONMAP(#11089,#11261);
#11089=IFCAXIS2PLACEMENT3D(#11090,#11091,#11092);
#11090=IFCCARTESIANPOINT((0.,0.,0.));
#11091=IFCDIRECTION((0.,0.,1.));
#11092=IFCDIRECTION((1.,0.,0.));
#11096=IFCREPRESENTATIONMAP(#11097,#11325);
#11097=IFCAXIS2PLACEMENT3D(#11098,#11099,#11100);
#11098=IFCCARTESIANPOINT((0.,0.,0.));
#11099=IFCDIRECTION((0.,0.,1.));
#11100=IFCDIRECTION((1.,0.,0.));
#11165=IFCREPRESENTATIONMAP(#11166,#11336);
#11166=IFCAXIS2PLACEMENT3D(#11167,#11168,#11169);
#11167=IFCCARTESIANPOINT((0.,0.,0.));
#11168=IFCDIRECTION((0.,0.,1.));
#11169=IFCDIRECTION((1.,0.,0.));
#11177=IFCREPRESENTATIONMAP(#11178,#11341);
#11178=IFCAXIS2PLACEMENT3D(#11179,#11180,#11181);
#11179=IFCCARTESIANPOINT((0.,0.,0.));
#11180=IFCDIRECTION((0.,0.,1.));
#11181=IFCDIRECTION((1.,0.,0.));
#11187=IFCDOOR('3T$lsurFL9gQsQEk$JCfjD',$,'Door',$,$,#11366,#11196,$,2.,2.0433604717254639,$,.SLIDING_TO_RIGHT.,$);
#11188=IFCRELDEFINESBYTYPE('2BomVVvfH4GRjtfz4XT4YJ',$,$,$,(#11187),#11085);
#11189=IFCCARTESIANPOINT((0.,0.,0.));
#11190=IFCDIRECTION((1.,0.,0.));
#11191=IFCDIRECTION((0.,1.,0.));
#11192=IFCDIRECTION((0.,0.,1.));
#11193=IFCCARTESIANTRANSFORMATIONOPERATOR3D(#11190,#11191,#11189,1.,#11192);
#11194=IFCMAPPEDITEM(#11088,#11193);
#11195=IFCSHAPEREPRESENTATION(#18,'Profile','MappedRepresentation',(#11194));
#11196=IFCPRODUCTDEFINITIONSHAPE($,$,(#11195,#11203,#11210,#11217));
#11197=IFCCARTESIANPOINT((0.,0.,0.));
#11198=IFCDIRECTION((1.,0.,0.));
#11199=IFCDIRECTION((0.,1.,0.));
#11200=IFCDIRECTION((0.,0.,1.));
#11201=IFCCARTESIANTRANSFORMATIONOPERATOR3D(#11198,#11199,#11197,1.,#11200);
#11202=IFCMAPPEDITEM(#11096,#11201);
#11203=IFCSHAPEREPRESENTATION(#11,'Body','MappedRepresentation',(#11202));
#11204=IFCCARTESIANPOINT((0.,0.,0.));
#11205=IFCDIRECTION((1.,0.,0.));
#11206=IFCDIRECTION((0.,1.,0.));
#11207=IFCDIRECTION((0.,0.,1.));
#11208=IFCCARTESIANTRANSFORMATIONOPERATOR3D(#11205,#11206,#11204,1.,#11207);
#11209=IFCMAPPEDITEM(#11165,#11208);
#11210=IFCSHAPEREPRESENTATION(#24,'Body','MappedRepresentation',(#11209));
#11211=IFCCARTESIANPOINT((0.,0.,0.));
#11212=IFCDIRECTION((1.,0.,0.));
#11213=IFCDIRECTION((0.,1.,0.));
#11214=IFCDIRECTION((0.,0.,1.));
#11215=IFCCARTESIANTRANSFORMATIONOPERATOR3D(#11212,#11213,#11211,1.,#11214);
#11216=IFCMAPPEDITEM(#11177,#11215);
#11217=IFCSHAPEREPRESENTATION(#25,'Annotation','MappedRepresentation',(#11216));
#11218=IFCOPENINGELEMENT('2njE0BRTr0mh0VGKf4B2e$',$,'Opening',$,$,#11361,#11246,$,.OPENING.);
#11234=IFCCARTESIANPOINT((0.,0.,0.));
#11235=IFCDIRECTION((1.,0.,0.));
#11236=IFCDIRECTION((0.,0.,1.));
#11237=IFCAXIS2PLACEMENT3D(#11234,#11236,#11235);
#11238=IFCREPRESENTATIONMAP(#11237,#11351);
#11239=IFCCARTESIANPOINT((0.,0.,0.));
#11240=IFCDIRECTION((1.,0.,0.));
#11241=IFCDIRECTION((0.,1.,0.));
#11242=IFCDIRECTION((0.,0.,1.));
#11243=IFCCARTESIANTRANSFORMATIONOPERATOR3D(#11240,#11241,#11239,1.,#11242);
#11244=IFCMAPPEDITEM(#11238,#11243);
#11245=IFCSHAPEREPRESENTATION(#11,'Body','MappedRepresentation',(#11244));
#11246=IFCPRODUCTDEFINITIONSHAPE($,$,(#11245));
#11247=IFCRELVOIDSELEMENT('3cxWKCCer0le1peD3raFDb',$,$,$,#5920,#11218);
#11253=IFCRELFILLSELEMENT('1ReJKpk7T9oBDJgJtqhZIQ',$,$,$,#11218,#11187);
#11259=IFCCARTESIANPOINTLIST3D(((0.,0.,0.),(2.0433604717254639,0.,0.),(2.0433604717254639,0.,2.),(0.,0.,2.)));
#11260=IFCINDEXEDPOLYCURVE(#11259,(IFCLINEINDEX((1,2,3,4,1))),$);
#11261=IFCSHAPEREPRESENTATION(#18,'Profile','Curve3D',(#11260));
#11262=IFCCARTESIANPOINTLIST2D(((0.,0.),(0.,2.),(2.0433604717254639,2.),(2.0433604717254639,0.),(1.9933604709804058,0.),(1.9933604709804058,1.9499999992549419),(0.05000000074505806,1.9499999992549419),(0.05000000074505806,0.)));
#11263=IFCINDEXEDPOLYCURVE(#11262,(IFCLINEINDEX((1,2,3,4,5,6,7,8,1))),$);
#11264=IFCARBITRARYCLOSEDPROFILEDEF(.AREA.,$,#11263);
#11265=IFCCARTESIANPOINT((0.,0.,0.));
#11266=IFCDIRECTION((0.,-1.,0.));
#11267=IFCDIRECTION((1.,0.,0.));
#11268=IFCAXIS2PLACEMENT3D(#11265,#11266,#11267);
#11269=IFCDIRECTION((0.,0.,-1.));
#11270=IFCEXTRUDEDAREASOLID(#11264,#11268,#11269,0.05000000074505806);
#11271=IFCCARTESIANPOINTLIST2D(((0.,0.),(1.9433604702353477,0.),(1.9433604702353477,0.10000000149011612),(0.,0.10000000149011612)));
#11272=IFCINDEXEDPOLYCURVE(#11271,(IFCLINEINDEX((1,2,3,4,1))),$);
#11273=IFCARBITRARYCLOSEDPROFILEDEF(.AREA.,$,#11272);
#11274=IFCCARTESIANPOINT((0.05000000074505806,0.,0.));
#11275=IFCDIRECTION((0.,0.,1.));
#11276=IFCDIRECTION((1.,0.,0.));
#11277=IFCAXIS2PLACEMENT3D(#11274,#11275,#11276);
#11278=IFCDIRECTION((0.,0.,1.));
#11279=IFCEXTRUDEDAREASOLID(#11273,#11277,#11278,0.02500000037252903);
#11280=IFCCARTESIANPOINTLIST2D(((0.,0.),(0.,2.0250000022351742),(2.0933604761958122,2.0250000022351742),(2.0933604761958122,0.),(2.01836047321558,0.),(2.01836047321558,1.9499999992549419),(0.075000002980232239,1.9499999992549419),(0.075000002980232239,0.)));
#11281=IFCINDEXEDPOLYCURVE(#11280,(IFCLINEINDEX((1,2,3,4,5,6,7,8,1))),$);
#11282=IFCARBITRARYCLOSEDPROFILEDEF(.AREA.,$,#11281);
#11283=IFCCARTESIANPOINT((-0.025000002235174179,-0.004999999888241291,0.));
#11284=IFCDIRECTION((0.,-1.,0.));
#11285=IFCDIRECTION((1.,0.,0.));
#11286=IFCAXIS2PLACEMENT3D(#11283,#11284,#11285);
#11287=IFCDIRECTION((0.,0.,-1.));
#11288=IFCEXTRUDEDAREASOLID(#11282,#11286,#11287,0.004999999888241291);
#11289=IFCCARTESIANPOINTLIST2D(((0.,0.),(0.,2.0250000022351742),(2.0933604761958122,2.0250000022351742),(2.0933604761958122,0.),(2.01836047321558,0.),(2.01836047321558,1.9499999992549419),(0.075000002980232239,1.9499999992549419),(0.075000002980232239,0.)));
#11290=IFCINDEXEDPOLYCURVE(#11289,(IFCLINEINDEX((1,2,3,4,5,6,7,8,1))),$);
#11291=IFCARBITRARYCLOSEDPROFILEDEF(.AREA.,$,#11290);
#11292=IFCCARTESIANPOINT((-0.025000002235174179,0.05000000074505806,0.));
#11293=IFCDIRECTION((0.,-1.,0.));
#11294=IFCDIRECTION((1.,0.,0.));
#11295=IFCAXIS2PLACEMENT3D(#11292,#11293,#11294);
#11296=IFCDIRECTION((0.,0.,-1.));
#11297=IFCEXTRUDEDAREASOLID(#11291,#11295,#11296,0.004999999888241291);
#11298=IFCCARTESIANPOINTLIST2D(((0.,0.),(1.9433604702353477,0.),(1.9433604702353477,0.035000000149011612),(0.,0.035000000149011612)));
#11299=IFCINDEXEDPOLYCURVE(#11298,(IFCLINEINDEX((1,2,3,4,1))),$);
#11300=IFCARBITRARYCLOSEDPROFILEDEF(.AREA.,$,#11299);
#11301=IFCCARTESIANPOINT((0.05000000074505806,-0.035000000149011612,0.02500000037252903));
#11302=IFCDIRECTION((0.,0.,1.));
#11303=IFCDIRECTION((1.,0.,0.));
#11304=IFCAXIS2PLACEMENT3D(#11301,#11302,#11303);
#11305=IFCDIRECTION((0.,0.,1.));
#11306=IFCEXTRUDEDAREASOLID(#11300,#11304,#11305,1.9249999988824129);
#11307=IFCCARTESIANPOINTLIST2D(((0.,0.),(0.,-0.040000000000000001),(0.12,-0.040000000000000001),(0.12,-0.02),(0.02,-0.02),(0.02,0.)));
#11308=IFCINDEXEDPOLYCURVE(#11307,(IFCLINEINDEX((1,2,3,4,5,6,1))),$);
#11309=IFCARBITRARYCLOSEDPROFILEDEF(.AREA.,$,#11308);
#11310=IFCCARTESIANPOINT((0.10000000074505806,-0.035000000149011612,1.015000000372529));
#11311=IFCDIRECTION((0.,0.,1.));
#11312=IFCDIRECTION((1.,0.,0.));
#11313=IFCAXIS2PLACEMENT3D(#11310,#11311,#11312);
#11314=IFCDIRECTION((0.,0.,1.));
#11315=IFCEXTRUDEDAREASOLID(#11309,#11313,#11314,0.02);
#11316=IFCEXTRUDEDAREASOLID(#11317,#11320,#11324,0.02);
#11317=IFCARBITRARYCLOSEDPROFILEDEF(.AREA.,$,#11318);
#11318=IFCINDEXEDPOLYCURVE(#11319,(IFCLINEINDEX((1,2,3,4,5,6,1))),$);
#11319=IFCCARTESIANPOINTLIST2D(((0.,0.),(0.,0.040000000000000008),(0.11999999999999998,0.040000000000000008),(0.11999999999999998,0.020000000000000004),(0.020000000000000004,0.020000000000000004),(0.020000000000000004,0.)));
#11320=IFCAXIS2PLACEMENT3D(#11321,#11322,#11323);
#11321=IFCCARTESIANPOINT((0.10000000074505806,0.,1.015000000372529));
#11322=IFCDIRECTION((0.,0.,1.));
#11323=IFCDIRECTION((1.,0.,0.));
#11324=IFCDIRECTION((0.,0.,1.));
#11325=IFCSHAPEREPRESENTATION(#11,'Body','SweptSolid',(#11270,#11306,#11315,#11316,#11279,#11288,#11297));
#11326=IFCSHAPEREPRESENTATION(#11,'Body','SweptSolid',(#11270,#11279,#11288,#11297));
#11327=IFCSHAPEASPECT((#11326),'Lining',$,.T.,#11196);
#11328=IFCSHAPEREPRESENTATION(#11,'Body','SweptSolid',(#11306,#11315,#11316));
#11329=IFCSHAPEASPECT((#11328),'Framing',$,.T.,#11196);
#11330=IFCCARTESIANPOINTLIST2D(((0.,0.),(0.05000000074505806,0.),(0.05000000074505806,0.05000000074505806),(0.,0.05000000074505806)));
#11331=IFCINDEXEDPOLYCURVE(#11330,(IFCLINEINDEX((1,2,3,4,1))),$);
#11332=IFCINDEXEDPOLYCURVE(#11333,(IFCLINEINDEX((1,2,3,4,1))),$);
#11333=IFCCARTESIANPOINTLIST2D(((2.0433604717254639,0.),(1.9933604709804058,0.),(1.9933604709804058,0.05000000074505806),(2.0433604717254639,0.05000000074505806)));
#11334=IFCCARTESIANPOINTLIST2D(((2.9650407060980797,-0.035000000149011612),(1.0216802358627319,-0.035000000149011612),(1.0216802358627319,0.),(2.9650407060980797,0.)));
#11335=IFCINDEXEDPOLYCURVE(#11334,(IFCLINEINDEX((1,2,3,4,1))),$);
#11336=IFCSHAPEREPRESENTATION(#24,'Body','Curve2D',(#11331,#11332,#11335));
#11337=IFCCARTESIANPOINTLIST2D(((0.73017616532742968,-0.081587428267465345),(1.3131843063980342,-0.081587428267465345)));
#11338=IFCINDEXEDPOLYCURVE(#11337,$,$);
#11339=IFCCARTESIANPOINTLIST2D(((0.76017616532742971,-0.050529142855162856),(0.73017616532742968,-0.081587428267465345),(0.76017616532742971,-0.11264571367976783)));
#11340=IFCINDEXEDPOLYCURVE(#11339,$,$);
#11341=IFCSHAPEREPRESENTATION(#25,'Annotation','Curve2D',(#11338,#11340));
#11342=IFCCARTESIANPOINTLIST2D(((0.,0.),(2.0433604717254639,0.),(2.0433604717254639,2.),(0.,2.)));
#11343=IFCINDEXEDPOLYCURVE(#11342,(IFCLINEINDEX((1,2,3,4,1))),$);
#11344=IFCARBITRARYCLOSEDPROFILEDEF(.AREA.,$,#11343);
#11345=IFCCARTESIANPOINT((0.,-0.60000002384185791,0.));
#11346=IFCDIRECTION((0.,-1.,0.));
#11347=IFCDIRECTION((1.,0.,0.));
#11348=IFCAXIS2PLACEMENT3D(#11345,#11346,#11347);
#11349=IFCDIRECTION((0.,0.,-1.));
#11350=IFCEXTRUDEDAREASOLID(#11344,#11348,#11349,1.2);
#11351=IFCSHAPEREPRESENTATION(#11,'Body','SweptSolid',(#11350));
#11357=IFCCARTESIANPOINT((3.3962547380224875,0.10000004857664346,0.));
#11358=IFCDIRECTION((0.,0.,1.));
#11359=IFCDIRECTION((-0.99999999999999623,8.742277657347239E-08,0.));
#11360=IFCAXIS2PLACEMENT3D(#11357,#11358,#11359);
#11361=IFCLOCALPLACEMENT(#6309,#11360);
#11362=IFCCARTESIANPOINT((4.4408920985006262E-16,-2.2204460492503131E-16,0.));
#11363=IFCDIRECTION((0.,0.,1.));
#11364=IFCDIRECTION((1.,0.,0.));
#11365=IFCAXIS2PLACEMENT3D(#11362,#11363,#11364);
#11366=IFCLOCALPLACEMENT(#11361,#11365);
#11367=IFCCARTESIANPOINT((4.2294082641601562,6.5099697113037109,0.099999904632568359));
#11368=IFCDIRECTION((3.2584142672929097E-07,1.5099567463038449E-07,0.99999999999993561));
#11369=IFCDIRECTION((0.99999999999987121,-3.8941436741874429E-07,-3.2584136988585109E-07));
#11370=IFCAXIS2PLACEMENT3D(#11367,#11368,#11369);
#11371=IFCLOCALPLACEMENT(#10948,#11370);
#11372=IFCCARTESIANPOINT((0.46572518348693848,1.6624207496643066,0.10154247283935547));
#11373=IFCDIRECTION((0.,0.,1.));
#11374=IFCDIRECTION((1.,0.,0.));
#11375=IFCAXIS2PLACEMENT3D(#11372,#11373,#11374);
#11376=IFCLOCALPLACEMENT(#10948,#11375);
#11377=IFCCOVERINGTYPE('02nb_xTdfD9PSllse0zOiY',$,'FL-1-GF',$,$,(#11381),$,$,$,.FLOORING.);
#11378=IFCMATERIALLAYERSET((#11400,#11401),$,$);
#11379=IFCRELASSOCIATESMATERIAL('1UiZPi0hLDW8HayEbc2wE1',$,$,$,(#11377),#11378);
#11381=IFCPROPERTYSET('2zD43ukR17TfGTMDtMZPuv',$,'EPset_Parametric',$,(#11382));
#11382=IFCPROPERTYSINGLEVALUE('LayerSetDirection',$,IFCLABEL('AXIS3'),$);
#11383=IFCCOVERING('2HTgEy5$X7C8$3Xbe5o_tu',$,'Covering',$,$,#11406,#11397,$,$);
#11384=IFCRELDEFINESBYTYPE('14fdCrbkv0NgD58a6oduQc',$,$,$,(#11383),#11377);
#11385=IFCMATERIALLAYERSETUSAGE(#11378,.AXIS3.,.POSITIVE.,0.,$);
#11386=IFCRELASSOCIATESMATERIAL('17AJNSs0HEJ8xmqIWNh63i',$,$,$,(#11383),#11385);
#11387=IFCCARTESIANPOINTLIST2D(((-2.0436429977416992,2.071746826171875),(1.2163567543029785,2.071746826171875),(1.2163567543029785,-6.8482532501220703),(-2.5836429595947266,-6.8482532501220703),(-2.5936429500579834,-4.3382530212402344),(-2.5936429500579834,-1.6882529258728027),(-4.0416431427001953,-1.6882529258728027),(-4.0916428565979004,-1.6882529258728027),(-4.0916428565979004,-0.93125295639038086),(-4.0916428565979004,-0.88125300407409668),(-2.0436429977416992,-0.88125300407409668),(-2.0436429977416992,0.55174684524536133),(-2.0436429977416992,0.60174703598022461),(-2.0436429977416992,0.65174674987792969)));
#11388=IFCINDEXEDPOLYCURVE(#11387,(IFCLINEINDEX((1,2,3,4,5,6,7,8,9,10,11,12,13,14,1))),$);
#11389=IFCARBITRARYCLOSEDPROFILEDEF(.AREA.,$,#11388);
#11390=IFCCARTESIANPOINT((0.,0.,0.));
#11391=IFCDIRECTION((0.,0.,1.));
#11392=IFCDIRECTION((1.,0.,0.));
#11393=IFCAXIS2PLACEMENT3D(#11390,#11391,#11392);
#11394=IFCDIRECTION((0.,0.,1.));
#11395=IFCEXTRUDEDAREASOLID(#11389,#11393,#11394,0.09999999962747097);
#11396=IFCSHAPEREPRESENTATION(#11,'Body','SweptSolid',(#11395));
#11397=IFCPRODUCTDEFINITIONSHAPE($,$,(#11396));
#11398=IFCMATERIAL('screed',$,'cement');
#11399=IFCMATERIAL('parquet',$,'wood');
#11400=IFCMATERIALLAYER(#11398,0.070000000298023224,$,$,$,$,$);
#11401=IFCMATERIALLAYER(#11399,0.029999999329447746,$,$,$,$,$);
#11402=IFCCARTESIANPOINT((2.9116430282592773,4.3382530212402344,0.));
#11403=IFCDIRECTION((0.,0.,1.));
#11404=IFCDIRECTION((1.,0.,0.));
#11405=IFCAXIS2PLACEMENT3D(#11402,#11403,#11404);
#11406=IFCLOCALPLACEMENT(#62,#11405);
#11407=IFCSTAIRFLIGHTTYPE('0mgbTRE_b7LO0ZLLIoqUjp',$,'Stair-1',$,$,(#11408,#11410),(#11452,#13424),$,$,.STRAIGHT.);
#11408=IFCPROPERTYSET('34MnVRvfT8R8ZP2W_URlrK',$,'BBIM_Stair',$,(#11409));
#11409=IFCPROPERTYSINGLEVALUE('Data',$,IFCTEXT('{"stair_type": "GENERIC", "width": 0.8766669034957886, "height": 1.7999999523162842, "number_of_treads": 7, "tread_run": 0.18442115187644958, "nosing_length": 0.0, "nosing_depth": 0.0, "custom_first_last_tread_run": [null, null], "custom_tread_lock": true}'),$);
#11410=IFCPROPERTYSET('0NU2gzMTnBIhMny4FEt7N7',$,'Pset_StairFlightCommon',$,(#11411,#11412,#11413,#11414,#11415));
#11411=IFCPROPERTYSINGLEVALUE('NumberOfRiser',$,IFCCOUNTMEASURE(8.),$);
#11412=IFCPROPERTYSINGLEVALUE('NumberOfTreads',$,IFCCOUNTMEASURE(7.),$);
#11413=IFCPROPERTYSINGLEVALUE('RiserHeight',$,IFCPOSITIVELENGTHMEASURE(0.22499999403953552),$);
#11414=IFCPROPERTYSINGLEVALUE('TreadLength',$,IFCPOSITIVELENGTHMEASURE(0.25),$);
#11415=IFCPROPERTYSINGLEVALUE('NosingLength',$,IFCLENGTHMEASURE(0.),$);
#11448=IFCCARTESIANPOINT((0.,0.,0.));
#11449=IFCDIRECTION((1.,0.,0.));
#11450=IFCDIRECTION((0.,0.,1.));
#11451=IFCAXIS2PLACEMENT3D(#11448,#11450,#11449);
#11452=IFCREPRESENTATIONMAP(#11451,#13415);
#11453=IFCSTAIRFLIGHT('3UrUMwifP3tfO$h6KgP_v1',$,'StairFlight',$,$,#13824,#11462,$,8,7,0.22499999403953552,0.25,.STRAIGHT.);
#11454=IFCRELDEFINESBYTYPE('3sqBSRWH56mwVmuBCtkE3t',$,$,$,(#11453),#11407);
#11462=IFCPRODUCTDEFINITIONSHAPE($,$,(#11469,#13431));
#11463=IFCCARTESIANPOINT((0.,0.,0.));
#11464=IFCDIRECTION((1.,0.,0.));
#11465=IFCDIRECTION((0.,1.,0.));
#11466=IFCDIRECTION((0.,0.,1.));
#11467=IFCCARTESIANTRANSFORMATIONOPERATOR3D(#11464,#11465,#11463,1.,#11466);
#11468=IFCMAPPEDITEM(#11452,#11467);
#11469=IFCSHAPEREPRESENTATION(#11,'Body','MappedRepresentation',(#11468));
#11519=IFCSLABTYPE('0Rz4_RnYrB4AUXv4cJVmco',$,'Slab Landing 1',$,$,(#11523),$,$,$,.LANDING.);
#11520=IFCMATERIALLAYERSET((#11522),$,$);
#11521=IFCRELASSOCIATESMATERIAL('0yqfLlkU1Eshw1a_dyfEaz',$,$,$,(#11519),#11520);
#11522=IFCMATERIALLAYER(#110,1.7999999523162842,$,$,$,$,$);
#11523=IFCPROPERTYSET('2wfLw_ftDBfhfS1bxxE7ZG',$,'EPset_Parametric',$,(#11524));
#11524=IFCPROPERTYSINGLEVALUE('LayerSetDirection',$,IFCLABEL('AXIS3'),$);
#11572=IFCSLAB('06W91WsJzAmgQFXVrKglTI',$,'Slab',$,$,#12098,#11587,$,$);
#11573=IFCRELDEFINESBYTYPE('1MJRZhJtDD7B1gj5z3kM1P',$,$,$,(#11572),#11519);
#11574=IFCMATERIALLAYERSETUSAGE(#11520,.AXIS3.,.POSITIVE.,-0.10000000149011612,$);
#11575=IFCRELASSOCIATESMATERIAL('0I1PN5UZXAHPbHIzPU_bNa',$,$,$,(#11572),#11574);
#11583=IFCDIRECTION((0.,0.,1.));
#11585=IFCEXTRUDEDAREASOLID(#12800,#11594,#11583,1.7999999523162842);
#11586=IFCSHAPEREPRESENTATION(#11,'Body','SweptSolid',(#11585));
#11587=IFCPRODUCTDEFINITIONSHAPE($,$,(#11586));
#11588=IFCPROPERTYSET('2ne2vhQjH5Wu5IW9EeT4jU',$,'EPset_Parametric',$,(#11590));
#11589=IFCRELDEFINESBYPROPERTIES('1HBUmXZG55RQ$9I1JDVp9e',$,$,$,(#11572),#11588);
#11590=IFCPROPERTYSINGLEVALUE('Engine',$,IFCLABEL('Bonsai.DumbLayer3'),$);
#11591=IFCCARTESIANPOINT((-0.,-0.,-0.10000000149011612));
#11592=IFCDIRECTION((0.,0.,1.));
#11593=IFCDIRECTION((1.,0.,0.));
#11594=IFCAXIS2PLACEMENT3D(#11591,#11592,#11593);
#11595=IFCRAILINGTYPE('0WyMvyKJrAXfczflcYWWch',$,'balcony-1',$,$,(#11596,#11598),(#11627,#11671),$,$,.USERDEFINED.);
#11596=IFCPROPERTYSET('0qVkKE58vDlgcKfgvrLDPn',$,'BBIM_Railing',$,(#11597));
#11597=IFCPROPERTYSINGLEVALUE('Data',$,IFCTEXT('{"railing_type": "FRAMELESS_PANEL", "height": 1.0, "thickness": 0.05000000074505806, "spacing": 0.05000000074505806, "path_data": {"edges": [[0, 1], [1, 2]], "verts": [[-1.0, 0.0, 0.0], [0.0, 0.0, 0.0], [1.0, 0.0, 0.0]]}}'),$);
#11598=IFCPROPERTYSET('33UZMsqmP8EAoTLr9Ebj5M',$,'Pset_RailingCommon',$,(#11599));
#11599=IFCPROPERTYSINGLEVALUE('Height',$,IFCPOSITIVELENGTHMEASURE(1.),$);
#11623=IFCCARTESIANPOINT((0.,0.,0.));
#11624=IFCDIRECTION((1.,0.,0.));
#11625=IFCDIRECTION((0.,0.,1.));
#11626=IFCAXIS2PLACEMENT3D(#11623,#11625,#11624);
#11627=IFCREPRESENTATIONMAP(#11626,#11662);
#11628=IFCINDEXEDPOLYGONALFACE((2,3,4));
#11629=IFCINDEXEDPOLYGONALFACE((2,4,1));
#11630=IFCINDEXEDPOLYGONALFACE((6,7,8));
#11631=IFCINDEXEDPOLYGONALFACE((6,8,5));
#11632=IFCINDEXEDPOLYGONALFACE((12,9,10));
#11633=IFCINDEXEDPOLYGONALFACE((12,10,11));
#11634=IFCINDEXEDPOLYGONALFACE((13,14,9));
#11635=IFCINDEXEDPOLYGONALFACE((13,9,12));
#11636=IFCINDEXEDPOLYGONALFACE((18,15,16));
#11637=IFCINDEXEDPOLYGONALFACE((18,16,17));
#11638=IFCINDEXEDPOLYGONALFACE((19,20,15));
#11639=IFCINDEXEDPOLYGONALFACE((19,15,18));
#11640=IFCINDEXEDPOLYGONALFACE((18,8,7));
#11641=IFCINDEXEDPOLYGONALFACE((18,7,19));
#11642=IFCINDEXEDPOLYGONALFACE((17,8,18));
#11643=IFCINDEXEDPOLYGONALFACE((16,5,8));
#11644=IFCINDEXEDPOLYGONALFACE((16,8,17));
#11645=IFCINDEXEDPOLYGONALFACE((2,9,14));
#11646=IFCINDEXEDPOLYGONALFACE((1,10,9));
#11647=IFCINDEXEDPOLYGONALFACE((1,9,2));
#11648=IFCINDEXEDPOLYGONALFACE((6,15,20));
#11649=IFCINDEXEDPOLYGONALFACE((5,16,15));
#11650=IFCINDEXEDPOLYGONALFACE((5,15,6));
#11651=IFCINDEXEDPOLYGONALFACE((10,1,4));
#11652=IFCINDEXEDPOLYGONALFACE((10,4,11));
#11653=IFCINDEXEDPOLYGONALFACE((2,13,3));
#11654=IFCINDEXEDPOLYGONALFACE((2,14,13));
#11655=IFCINDEXEDPOLYGONALFACE((6,19,7));
#11656=IFCINDEXEDPOLYGONALFACE((6,20,19));
#11657=IFCINDEXEDPOLYGONALFACE((12,4,3));
#11658=IFCINDEXEDPOLYGONALFACE((12,3,13));
#11659=IFCINDEXEDPOLYGONALFACE((11,4,12));
#11660=IFCCARTESIANPOINTLIST3D(((-0.02500000037252903,-0.02500000037252903,1.),(-0.02500000037252903,0.02500000037252903,1.),(-0.97500002384185791,0.02500000037252903,1.),(-0.97500002384185791,-0.02500000037252903,1.),(0.97500002384185791,-0.02500000037252903,1.),(0.97500002384185791,0.02500000037252903,1.),(0.02500000037252903,0.02500000037252903,1.),(0.02500000037252903,-0.02500000037252903,1.),(-0.02500000037252903,0.,0.),(-0.02500000037252903,-0.02500000037252903,0.),(-0.97500002384185791,-0.02500000037252903,0.),(-0.97500002384185791,0.,0.),(-0.97500002384185791,0.02500000037252903,0.),(-0.02500000037252903,0.02500000037252903,0.),(0.97500002384185791,0.,0.),(0.97500002384185791,-0.02500000037252903,0.),(0.02500000037252903,-0.02500000037252903,0.),(0.02500000037252903,0.,0.),(0.02500000037252903,0.02500000037252903,0.),(0.97500002384185791,0.02500000037252903,0.)));
#11661=IFCPOLYGONALFACESET(#11660,.T.,(#11628,#11629,#11630,#11631,#11632,#11633,#11634,#11635,#11636,#11637,#11638,#11639,#11640,#11641,#11642,#11643,#11644,#11645,#11646,#11647,#11648,#11649,#11650,#11651,#11652,#11653,#11654,#11655,#11656,#11657,#11658,#11659),$);
#11662=IFCSHAPEREPRESENTATION(#11,'Body','Tessellation',(#11661));
#11664=IFCCARTESIANPOINT((-0.97500002384185791,-0.02500000037252903,0.));
#11665=IFCBOUNDINGBOX(#11664,1.9500000476837158,0.05000000074505806,1.);
#11666=IFCSHAPEREPRESENTATION(#13,'Box','BoundingBox',(#11665));
#11667=IFCCARTESIANPOINT((0.,0.,0.));
#11668=IFCDIRECTION((1.,0.,0.));
#11669=IFCDIRECTION((0.,0.,1.));
#11670=IFCAXIS2PLACEMENT3D(#11667,#11669,#11668);
#11671=IFCREPRESENTATIONMAP(#11670,#11666);
#11672=IFCRAILING('3HB8_CJT58FQHrvx9KuJFV',$,'Railing',$,$,#11698,#11681,$,$);
#11673=IFCRELDEFINESBYTYPE('0cdl2oyvH4qQzXN8bh8uWb',$,$,$,(#11672,#11699,#11720),#11595);
#11674=IFCCARTESIANPOINT((0.,0.,0.));
#11675=IFCDIRECTION((1.,0.,0.));
#11676=IFCDIRECTION((0.,1.,0.));
#11677=IFCDIRECTION((0.,0.,1.));
#11678=IFCCARTESIANTRANSFORMATIONOPERATOR3D(#11675,#11676,#11674,1.,#11677);
#11679=IFCMAPPEDITEM(#11627,#11678);
#11680=IFCSHAPEREPRESENTATION(#11,'Body','MappedRepresentation',(#11679));
#11681=IFCPRODUCTDEFINITIONSHAPE($,$,(#11680,#11688));
#11682=IFCCARTESIANPOINT((0.,0.,0.));
#11683=IFCDIRECTION((1.,0.,0.));
#11684=IFCDIRECTION((0.,1.,0.));
#11685=IFCDIRECTION((0.,0.,1.));
#11686=IFCCARTESIANTRANSFORMATIONOPERATOR3D(#11683,#11684,#11682,1.,#11685);
#11687=IFCMAPPEDITEM(#11671,#11686);
#11688=IFCSHAPEREPRESENTATION(#13,'Box','MappedRepresentation',(#11687));
#11694=IFCCARTESIANPOINT((0.85440665483474731,-3.1050286293029785,0.));
#11695=IFCDIRECTION((0.,0.,1.));
#11696=IFCDIRECTION((1.,0.,0.));
#11697=IFCAXIS2PLACEMENT3D(#11694,#11695,#11696);
#11698=IFCLOCALPLACEMENT(#5698,#11697);
#11699=IFCRAILING('1KKCwF8cPBoO7otV3dpj4I',$,'Railing',$,$,#11700,#11712,$,$);
#11700=IFCLOCALPLACEMENT(#5698,#11701);
#11701=IFCAXIS2PLACEMENT3D(#11702,#11703,#11704);
#11702=IFCCARTESIANPOINT((0.85440665483474731,-3.1050286293029785,0.));
#11703=IFCDIRECTION((0.,0.,1.));
#11704=IFCDIRECTION((1.,0.,0.));
#11705=IFCCARTESIANPOINT((0.,0.,0.));
#11706=IFCDIRECTION((1.,0.,0.));
#11707=IFCDIRECTION((0.,1.,0.));
#11708=IFCDIRECTION((0.,0.,1.));
#11709=IFCCARTESIANTRANSFORMATIONOPERATOR3D(#11706,#11707,#11705,1.,#11708);
#11710=IFCMAPPEDITEM(#11627,#11709);
#11711=IFCSHAPEREPRESENTATION(#11,'Body','MappedRepresentation',(#11710));
#11712=IFCPRODUCTDEFINITIONSHAPE($,$,(#11711,#11719));
#11713=IFCCARTESIANPOINT((0.,0.,0.));
#11714=IFCDIRECTION((1.,0.,0.));
#11715=IFCDIRECTION((0.,1.,0.));
#11716=IFCDIRECTION((0.,0.,1.));
#11717=IFCCARTESIANTRANSFORMATIONOPERATOR3D(#11714,#11715,#11713,1.,#11716);
#11718=IFCMAPPEDITEM(#11671,#11717);
#11719=IFCSHAPEREPRESENTATION(#13,'Box','MappedRepresentation',(#11718));
#11720=IFCRAILING('2H4U0n_WPEUQofbTMiQOMe',$,'Railing',$,$,#12083,#11733,$,$);
#11726=IFCCARTESIANPOINT((0.,0.,0.));
#11727=IFCDIRECTION((1.,0.,0.));
#11728=IFCDIRECTION((0.,1.,0.));
#11729=IFCDIRECTION((0.,0.,1.));
#11730=IFCCARTESIANTRANSFORMATIONOPERATOR3D(#11727,#11728,#11726,1.,#11729);
#11731=IFCMAPPEDITEM(#11627,#11730);
#11732=IFCSHAPEREPRESENTATION(#11,'Body','MappedRepresentation',(#11731));
#11733=IFCPRODUCTDEFINITIONSHAPE($,$,(#11732,#11740));
#11734=IFCCARTESIANPOINT((0.,0.,0.));
#11735=IFCDIRECTION((1.,0.,0.));
#11736=IFCDIRECTION((0.,1.,0.));
#11737=IFCDIRECTION((0.,0.,1.));
#11738=IFCCARTESIANTRANSFORMATIONOPERATOR3D(#11735,#11736,#11734,1.,#11737);
#11739=IFCMAPPEDITEM(#11671,#11738);
#11740=IFCSHAPEREPRESENTATION(#13,'Box','MappedRepresentation',(#11739));
#11741=IFCRAILINGTYPE('0Xv1ELiR54c8McTCKf7YWC',$,'balcony-2',$,$,(#11742,#11744),(#11746,#11861),$,$,.USERDEFINED.);
#11742=IFCPROPERTYSET('0BcIBFNiz5CPbiIhgBF$0Q',$,'BBIM_Railing',$,(#11743));
#11743=IFCPROPERTYSINGLEVALUE('Data',$,IFCTEXT('{"railing_type": "FRAMELESS_PANEL", "height": 1.0, "thickness": 0.05000000074505806, "spacing": 0.05000000074505806, "path_data": {"edges": [[0, 1], [1, 2]], "verts": [[-0.1400318145751953, 0.0, 0.0], [0.0, 0.0, 0.0], [1.0, 0.0, 0.0]]}}'),$);
#11744=IFCPROPERTYSET('30f2KHoovEW8pWVkzDCwtm',$,'Pset_RailingCommon',$,(#11745));
#11745=IFCPROPERTYSINGLEVALUE('Height',$,IFCPOSITIVELENGTHMEASURE(1.),$);
#11746=IFCREPRESENTATIONMAP(#11747,#11852);
#11747=IFCAXIS2PLACEMENT3D(#11748,#11749,#11750);
#11748=IFCCARTESIANPOINT((0.,0.,0.));
#11749=IFCDIRECTION((0.,0.,1.));
#11750=IFCDIRECTION((1.,0.,0.));
#11816=IFCRAILING('3Owqq2XWP87fNAFc_BGzN6',$,'Railing',$,'FRAMELESS_PANEL',#12088,#11825,$,.USERDEFINED.);
#11817=IFCRELDEFINESBYTYPE('1I04sDWnjBehfqtAb9vzhD',$,$,$,(#11816),#11741);
#11818=IFCCARTESIANPOINT((0.,0.,0.));
#11819=IFCDIRECTION((1.,0.,0.));
#11820=IFCDIRECTION((0.,1.,0.));
#11821=IFCDIRECTION((0.,0.,1.));
#11822=IFCCARTESIANTRANSFORMATIONOPERATOR3D(#11819,#11820,#11818,1.,#11821);
#11823=IFCMAPPEDITEM(#11746,#11822);
#11824=IFCSHAPEREPRESENTATION(#11,'Body','MappedRepresentation',(#11823));
#11825=IFCPRODUCTDEFINITIONSHAPE($,$,(#11824,#11868));
#11838=IFCINDEXEDPOLYGONALFACE((16,19,18,17));
#11839=IFCINDEXEDPOLYGONALFACE((20,23,22,21));
#11840=IFCINDEXEDPOLYGONALFACE((5,11,10,4,8,9));
#11841=IFCINDEXEDPOLYGONALFACE((7,15,14,6,12,13));
#11842=IFCINDEXEDPOLYGONALFACE((12,22,23,13));
#11843=IFCINDEXEDPOLYGONALFACE((6,14,21,22,12));
#11844=IFCINDEXEDPOLYGONALFACE((15,20,21,14));
#11845=IFCINDEXEDPOLYGONALFACE((5,9,19,16,11));
#11846=IFCINDEXEDPOLYGONALFACE((7,13,23,20,15));
#11847=IFCINDEXEDPOLYGONALFACE((11,16,17,10));
#11848=IFCINDEXEDPOLYGONALFACE((8,18,19,9));
#11849=IFCINDEXEDPOLYGONALFACE((10,17,18,8,4));
#11850=IFCCARTESIANPOINTLIST3D(((-0.14003181457519531,0.,0.),(0.,0.,0.),(1.,0.,0.),(-0.11503181606531143,0.,0.),(-0.02500000037252903,0.,0.),(0.02500000037252903,0.,0.),(0.97500002384185791,0.,0.),(-0.11503181606531143,0.02500000037252903,0.),(-0.02500000037252903,0.02500000037252903,0.),(-0.11503181606531143,-0.02500000037252903,0.),(-0.02500000037252903,-0.02500000037252903,0.),(0.02500000037252903,0.02500000037252903,0.),(0.97500002384185791,0.02500000037252903,0.),(0.02500000037252903,-0.02500000037252903,0.),(0.97500002384185791,-0.02500000037252903,0.),(-0.02500000037252903,-0.02500000037252903,1.),(-0.11503181606531143,-0.02500000037252903,1.),(-0.11503181606531143,0.02500000037252903,1.),(-0.02500000037252903,0.02500000037252903,1.),(0.97500002384185791,-0.02500000037252903,1.),(0.02500000037252903,-0.02500000037252903,1.),(0.02500000037252903,0.02500000037252903,1.),(0.97500002384185791,0.02500000037252903,1.)));
#11851=IFCPOLYGONALFACESET(#11850,.F.,(#11838,#11839,#11840,#11841,#11842,#11843,#11844,#11845,#11846,#11847,#11848,#11849),$);
#11852=IFCSHAPEREPRESENTATION(#11,'Body','Tessellation',(#11851));
#11854=IFCCARTESIANPOINT((-0.14003181457519531,-0.02500000037252903,0.));
#11855=IFCBOUNDINGBOX(#11854,1.1400318145751953,0.05000000074505806,1.);
#11856=IFCSHAPEREPRESENTATION(#13,'Box','BoundingBox',(#11855));
#11857=IFCCARTESIANPOINT((0.,0.,0.));
#11858=IFCDIRECTION((1.,0.,0.));
#11859=IFCDIRECTION((0.,0.,1.));
#11860=IFCAXIS2PLACEMENT3D(#11857,#11859,#11858);
#11861=IFCREPRESENTATIONMAP(#11860,#11856);
#11862=IFCCARTESIANPOINT((0.,0.,0.));
#11863=IFCDIRECTION((1.,0.,0.));
#11864=IFCDIRECTION((0.,1.,0.));
#11865=IFCDIRECTION((0.,0.,1.));
#11866=IFCCARTESIANTRANSFORMATIONOPERATOR3D(#11863,#11864,#11862,1.,#11865);
#11867=IFCMAPPEDITEM(#11861,#11866);
#11868=IFCSHAPEREPRESENTATION(#13,'Box','MappedRepresentation',(#11867));
#11869=IFCRAILINGTYPE('3QPXdEyH98oP0ueSpMYb0h',$,'balcony-3',$,$,(#11870,#11872),(#11874,#12071),$,$,.USERDEFINED.);
#11870=IFCPROPERTYSET('2I4C_viGTBuPHq6rLFRj8B',$,'BBIM_Railing',$,(#11871));
#11871=IFCPROPERTYSINGLEVALUE('Data',$,IFCTEXT('{"railing_type": "FRAMELESS_PANEL", "height": 1.0, "thickness": 0.05000000074505806, "spacing": 0.05000000074505806, "path_data": {"edges": [[0, 1], [1, 2]], "verts": [[-0.5250005722045898, 2.478363603586331e-05, 0.0], [0.0, 0.0, 0.0], [1.0, 0.0, 0.0]]}}'),$);
#11872=IFCPROPERTYSET('3qh23EwGX9_we8aw91umi5',$,'Pset_RailingCommon',$,(#11873));
#11873=IFCPROPERTYSINGLEVALUE('Height',$,IFCPOSITIVELENGTHMEASURE(1.),$);
#11874=IFCREPRESENTATIONMAP(#11875,#12062);
#11875=IFCAXIS2PLACEMENT3D(#11876,#11877,#11878);
#11876=IFCCARTESIANPOINT((0.,0.,0.));
#11877=IFCDIRECTION((0.,0.,1.));
#11878=IFCDIRECTION((1.,0.,0.));
#11902=IFCRAILING('1ZhdmNBMj8lQyJiMko7BDV',$,'Railing',$,'FRAMELESS_PANEL',#12093,#11911,$,.USERDEFINED.);
#11903=IFCRELDEFINESBYTYPE('2lX8U$53P4ZAJFYy26Bg2V',$,$,$,(#11902),#11869);
#11904=IFCCARTESIANPOINT((0.,0.,0.));
#11905=IFCDIRECTION((1.,0.,0.));
#11906=IFCDIRECTION((0.,1.,0.));
#11907=IFCDIRECTION((0.,0.,1.));
#11908=IFCCARTESIANTRANSFORMATIONOPERATOR3D(#11905,#11906,#11904,1.,#11907);
#11909=IFCMAPPEDITEM(#11874,#11908);
#11910=IFCSHAPEREPRESENTATION(#11,'Body','MappedRepresentation',(#11909));
#11911=IFCPRODUCTDEFINITIONSHAPE($,$,(#11910,#12078));
#12048=IFCINDEXEDPOLYGONALFACE((16,19,18,17));
#12049=IFCINDEXEDPOLYGONALFACE((20,23,22,21));
#12050=IFCINDEXEDPOLYGONALFACE((5,11,10,4,8,9));
#12051=IFCINDEXEDPOLYGONALFACE((7,15,14,6,12,13));
#12052=IFCINDEXEDPOLYGONALFACE((5,9,19,16,11));
#12053=IFCINDEXEDPOLYGONALFACE((12,22,23,13));
#12054=IFCINDEXEDPOLYGONALFACE((6,14,21,22,12));
#12055=IFCINDEXEDPOLYGONALFACE((15,20,21,14));
#12056=IFCINDEXEDPOLYGONALFACE((7,13,23,20,15));
#12057=IFCINDEXEDPOLYGONALFACE((11,16,17,10));
#12058=IFCINDEXEDPOLYGONALFACE((8,18,19,9));
#12059=IFCINDEXEDPOLYGONALFACE((4,10,17,18,8));
#12060=IFCCARTESIANPOINTLIST3D(((-0.52500057220458984,2.478363603586331E-05,0.),(0.,0.,0.),(1.,0.,0.),(-0.50000059604644775,2.3603464796906337E-05,0.),(-0.025000002235174179,1.1801719210779993E-06,0.),(0.02500000037252903,0.,0.),(0.97500002384185791,0.,0.),(-0.49999940395355225,0.025023603811860085,0.),(-0.024998821318149567,0.025001181289553642,0.),(-0.50000178813934326,-0.024976396933197975,0.),(-0.025001183152198792,-0.024998819455504417,0.),(0.02500000037252903,0.02500000037252903,0.),(0.97500002384185791,0.02500000037252903,0.),(0.02500000037252903,-0.02500000037252903,0.),(0.97500002384185791,-0.02500000037252903,0.),(-0.025001183152198792,-0.024998819455504417,1.),(-0.50000178813934326,-0.024976396933197975,1.),(-0.49999940395355225,0.025023603811860085,1.),(-0.024998821318149567,0.025001181289553642,1.),(0.97500002384185791,-0.02500000037252903,1.),(0.02500000037252903,-0.02500000037252903,1.),(0.02500000037252903,0.02500000037252903,1.),(0.97500002384185791,0.02500000037252903,1.)));
#12061=IFCPOLYGONALFACESET(#12060,.F.,(#12048,#12049,#12050,#12051,#12052,#12053,#12054,#12055,#12056,#12057,#12058,#12059),$);
#12062=IFCSHAPEREPRESENTATION(#11,'Body','Tessellation',(#12061));
#12064=IFCCARTESIANPOINT((-0.52500057220458984,-0.02500000037252903,0.));
#12065=IFCBOUNDINGBOX(#12064,1.5250005722045898,0.050023604184389114,1.);
#12066=IFCSHAPEREPRESENTATION(#13,'Box','BoundingBox',(#12065));
#12067=IFCCARTESIANPOINT((0.,0.,0.));
#12068=IFCDIRECTION((1.,0.,0.));
#12069=IFCDIRECTION((0.,0.,1.));
#12070=IFCAXIS2PLACEMENT3D(#12067,#12069,#12068);
#12071=IFCREPRESENTATIONMAP(#12070,#12066);
#12072=IFCCARTESIANPOINT((0.,0.,0.));
#12073=IFCDIRECTION((1.,0.,0.));
#12074=IFCDIRECTION((0.,1.,0.));
#12075=IFCDIRECTION((0.,0.,1.));
#12076=IFCCARTESIANTRANSFORMATIONOPERATOR3D(#12073,#12074,#12072,1.,#12075);
#12077=IFCMAPPEDITEM(#12071,#12076);
#12078=IFCSHAPEREPRESENTATION(#13,'Box','MappedRepresentation',(#12077));
#12079=IFCCARTESIANPOINT((-1.1471505165100098,-3.1050286293029785,0.));
#12080=IFCDIRECTION((0.,0.,1.));
#12081=IFCDIRECTION((1.,0.,0.));
#12082=IFCAXIS2PLACEMENT3D(#12079,#12080,#12081);
#12083=IFCLOCALPLACEMENT(#5698,#12082);
#12084=IFCCARTESIANPOINT((-3.1516196727752686,-3.1050286293029785,0.));
#12085=IFCDIRECTION((0.,0.,1.));
#12086=IFCDIRECTION((1.,0.,0.));
#12087=IFCAXIS2PLACEMENT3D(#12084,#12085,#12086);
#12088=IFCLOCALPLACEMENT(#5698,#12087);
#12089=IFCCARTESIANPOINT((-3.2665858268737793,-2.6050281524658203,0.));
#12090=IFCDIRECTION((0.,0.,1.));
#12091=IFCDIRECTION((-6.4378305845197312E-05,0.99999999792771699,0.));
#12092=IFCAXIS2PLACEMENT3D(#12089,#12090,#12091);
#12093=IFCLOCALPLACEMENT(#5698,#12092);
#12094=IFCCARTESIANPOINT((3.3076772689819336,0.54792308807373047,0.20377776026725769));
#12095=IFCDIRECTION((0.,0.,1.));
#12096=IFCDIRECTION((1.,0.,0.));
#12097=IFCAXIS2PLACEMENT3D(#12094,#12095,#12096);
#12098=IFCLOCALPLACEMENT(#62,#12097);
#12105=IFCSTAIRFLIGHTTYPE('1SC7xNRgn1B8RB3z6_JSDp',$,'stair-2',$,$,(#12106,#12108),(#12114,#12832),$,$,.STRAIGHT.);
#12106=IFCPROPERTYSET('2sEB8mK2LAwOm_JG4epP_d',$,'BBIM_Stair',$,(#12107));
#12107=IFCPROPERTYSINGLEVALUE('Data',$,IFCTEXT('{"stair_type": "GENERIC", "width": 0.8556337356567383, "height": 1.2000000476837158, "number_of_treads": 7, "tread_run": 0.18442115187644958, "nosing_length": 0.0, "nosing_depth": 0.0, "custom_first_last_tread_run": [null, null], "custom_tread_lock": true}'),$);
#12108=IFCPROPERTYSET('0dFUnyzFnEGPO9R9SiPmib',$,'Pset_StairFlightCommon',$,(#12109,#12110,#12111,#12112,#12113));
#12109=IFCPROPERTYSINGLEVALUE('NumberOfRiser',$,IFCCOUNTMEASURE(8.),$);
#12110=IFCPROPERTYSINGLEVALUE('NumberOfTreads',$,IFCCOUNTMEASURE(7.),$);
#12111=IFCPROPERTYSINGLEVALUE('RiserHeight',$,IFCPOSITIVELENGTHMEASURE(0.15000000596046448),$);
#12112=IFCPROPERTYSINGLEVALUE('TreadLength',$,IFCPOSITIVELENGTHMEASURE(0.25),$);
#12113=IFCPROPERTYSINGLEVALUE('NosingLength',$,IFCLENGTHMEASURE(0.),$);
#12114=IFCREPRESENTATIONMAP(#12115,#12823);
#12115=IFCAXIS2PLACEMENT3D(#12116,#12117,#12118);
#12116=IFCCARTESIANPOINT((0.,0.,0.));
#12117=IFCDIRECTION((0.,0.,1.));
#12118=IFCDIRECTION((1.,0.,0.));
#12150=IFCSTAIRFLIGHT('1eBDRjj5H5Y9UU2b7gu2Na',$,'StairFlight',$,$,#13829,#12159,$,8,7,0.15000000596046448,0.25,.STRAIGHT.);
#12151=IFCRELDEFINESBYTYPE('2I5pY8LufAAPPTbUhOqPPL',$,$,$,(#12150),#12105);
#12152=IFCCARTESIANPOINT((0.,0.,0.));
#12153=IFCDIRECTION((1.,0.,0.));
#12154=IFCDIRECTION((0.,1.,0.));
#12155=IFCDIRECTION((0.,0.,1.));
#12156=IFCCARTESIANTRANSFORMATIONOPERATOR3D(#12153,#12154,#12152,1.,#12155);
#12157=IFCMAPPEDITEM(#12114,#12156);
#12158=IFCSHAPEREPRESENTATION(#11,'Body','MappedRepresentation',(#12157));
#12159=IFCPRODUCTDEFINITIONSHAPE($,$,(#12158,#12839));
#12220=IFCSLABTYPE('0DVYqxkiTENQ2$LMuxF$bh',$,'Slab Landing 2',$,$,(#12221),$,$,$,.LANDING.);
#12221=IFCPROPERTYSET('0kpNvb$KT70OtiiVKcxNHu',$,'EPset_Parametric',$,(#12222));
#12222=IFCPROPERTYSINGLEVALUE('LayerSetDirection',$,IFCLABEL('AXIS3'),$);
#12223=IFCRELASSOCIATESMATERIAL('1yEFWRptrAlPpIg6WWdAGL',$,$,$,(#12220),#12224);
#12224=IFCMATERIALLAYERSET((#12225),$,$);
#12225=IFCMATERIALLAYER(#110,1.7999999523162842,$,$,$,$,$);
#12227=IFCRELDEFINESBYTYPE('0rmH86MFXEEeTCkdOwCBnO',$,$,$,(#12271),#12220);
#12271=IFCSLAB('2f54CZvjz6v9SzuhrRb$Nv',$,'Slab',$,$,#12936,#12285,$,$);
#12272=IFCMATERIALLAYERSETUSAGE(#12224,.AXIS3.,.POSITIVE.,-1.7999999523162842,$);
#12273=IFCRELASSOCIATESMATERIAL('1D7$o4qVb9BgEwfMvt4YuJ',$,$,$,(#12271),#12272);
#12281=IFCDIRECTION((0.,0.,1.));
#12283=IFCEXTRUDEDAREASOLID(#12842,#12292,#12281,1.7999999523162842);
#12284=IFCSHAPEREPRESENTATION(#11,'Body','SweptSolid',(#12283));
#12285=IFCPRODUCTDEFINITIONSHAPE($,$,(#12284));
#12286=IFCPROPERTYSET('05mO4cjYnBtAK9mlfJfXZg',$,'EPset_Parametric',$,(#12288));
#12287=IFCRELDEFINESBYPROPERTIES('3Xm4fO6iH3RhdUvbzhywbS',$,$,$,(#12271),#12286);
#12288=IFCPROPERTYSINGLEVALUE('Engine',$,IFCLABEL('Bonsai.DumbLayer3'),$);
#12289=IFCCARTESIANPOINT((-0.,-0.,-1.7999999523162842));
#12290=IFCDIRECTION((0.,0.,1.));
#12291=IFCDIRECTION((1.,0.,0.));
#12292=IFCAXIS2PLACEMENT3D(#12289,#12290,#12291);
#12400=IFCRAILINGTYPE('1rf6bOTm56zxdrlwSZEcHG',$,'stair rail 1',$,$,(#12401,#12403),(#12405,#12560),$,$,.USERDEFINED.);
#12401=IFCPROPERTYSET('3SstO8Re5CZhE6zouu2SuC',$,'BBIM_Railing',$,(#12402));
#12402=IFCPROPERTYSINGLEVALUE('Data',$,IFCTEXT('{"railing_type": "FRAMELESS_PANEL", "height": 1.0, "thickness": 0.05000000074505806, "spacing": 0.05000000074505806, "path_data": {"edges": [[0, 1], [1, 2]], "verts": [[-1.0, 0.0, 0.0], [-0.23731517791748047, 0.0, 0.8999999761581421], [0.5003695487976074, 0.0, 1.7999999523162842]]}}'),$);
#12403=IFCPROPERTYSET('3hPd1XTX55igD2b4JyjTNG',$,'Pset_RailingCommon',$,(#12404));
#12404=IFCPROPERTYSINGLEVALUE('Height',$,IFCPOSITIVELENGTHMEASURE(1.),$);
#12405=IFCREPRESENTATIONMAP(#12406,#12551);
#12406=IFCAXIS2PLACEMENT3D(#12407,#12408,#12409);
#12407=IFCCARTESIANPOINT((0.,0.,0.));
#12408=IFCDIRECTION((0.,0.,1.));
#12409=IFCDIRECTION((1.,0.,0.));
#12453=IFCRAILING('0iYNGzaNvA3PtDZ86klYu8',$,'Railing',$,'FRAMELESS_PANEL',#13809,#12462,$,.USERDEFINED.);
#12454=IFCRELDEFINESBYTYPE('1zjINPigD8EeoeHgCOZnDi',$,$,$,(#12453,#12573),#12400);
#12455=IFCCARTESIANPOINT((0.,0.,0.));
#12456=IFCDIRECTION((1.,0.,0.));
#12457=IFCDIRECTION((0.,1.,0.));
#12458=IFCDIRECTION((0.,0.,1.));
#12459=IFCCARTESIANTRANSFORMATIONOPERATOR3D(#12456,#12457,#12455,1.,#12458);
#12460=IFCMAPPEDITEM(#12405,#12459);
#12461=IFCSHAPEREPRESENTATION(#11,'Body','MappedRepresentation',(#12460));
#12462=IFCPRODUCTDEFINITIONSHAPE($,$,(#12461,#12567));
#12537=IFCINDEXEDPOLYGONALFACE((16,19,18,17));
#12538=IFCINDEXEDPOLYGONALFACE((20,23,22,21));
#12539=IFCINDEXEDPOLYGONALFACE((5,11,10,4,8,9));
#12540=IFCINDEXEDPOLYGONALFACE((7,15,14,6,12,13));
#12541=IFCINDEXEDPOLYGONALFACE((6,14,21,22,12));
#12542=IFCINDEXEDPOLYGONALFACE((15,20,21,14));
#12543=IFCINDEXEDPOLYGONALFACE((5,9,19,16,11));
#12544=IFCINDEXEDPOLYGONALFACE((7,13,23,20,15));
#12545=IFCINDEXEDPOLYGONALFACE((11,16,17,10));
#12546=IFCINDEXEDPOLYGONALFACE((8,18,19,9));
#12547=IFCINDEXEDPOLYGONALFACE((12,22,23,13));
#12548=IFCINDEXEDPOLYGONALFACE((10,17,18,8,4));
#12549=IFCCARTESIANPOINTLIST3D(((-1.,0.,0.),(-0.23731517791748047,0.,0.89999997615814209),(0.50036954879760742,0.,1.7999999523162842),(-0.97500002384185791,0.,0.029501046985387802),(-0.26231518387794495,0.,0.87049895524978638),(-0.21231517195701599,0.,0.93050080537796021),(0.47536954283714294,0.,1.7694990634918213),(-0.97500002384185791,0.02500000037252903,0.029501046985387802),(-0.26231518387794495,0.02500000037252903,0.87049895524978638),(-0.97500002384185791,-0.02500000037252903,0.029501046985387802),(-0.26231518387794495,-0.02500000037252903,0.87049895524978638),(-0.21231517195701599,0.02500000037252903,0.93050080537796021),(0.47536954283714294,0.02500000037252903,1.7694990634918213),(-0.21231517195701599,-0.02500000037252903,0.93050080537796021),(0.47536954283714294,-0.02500000037252903,1.7694990634918213),(-0.26231518387794495,-0.02500000037252903,1.8704988956451416),(-0.97500002384185791,-0.02500000037252903,1.0295010805130005),(-0.97500002384185791,0.02500000037252903,1.0295010805130005),(-0.26231518387794495,0.02500000037252903,1.8704988956451416),(0.47536954283714294,-0.02500000037252903,2.7694990634918213),(-0.21231517195701599,-0.02500000037252903,1.9305007457733154),(-0.21231517195701599,0.02500000037252903,1.9305007457733154),(0.47536954283714294,0.02500000037252903,2.7694990634918213)));
#12550=IFCPOLYGONALFACESET(#12549,.F.,(#12537,#12538,#12539,#12540,#12541,#12542,#12543,#12544,#12545,#12546,#12547,#12548),$);
#12551=IFCSHAPEREPRESENTATION(#11,'Body','Tessellation',(#12550));
#12553=IFCCARTESIANPOINT((-1.,-0.02500000037252903,0.));
#12554=IFCBOUNDINGBOX(#12553,1.5003695487976074,0.05000000074505806,2.7694990634918213);
#12555=IFCSHAPEREPRESENTATION(#13,'Box','BoundingBox',(#12554));
#12556=IFCCARTESIANPOINT((0.,0.,0.));
#12557=IFCDIRECTION((1.,0.,0.));
#12558=IFCDIRECTION((0.,0.,1.));
#12559=IFCAXIS2PLACEMENT3D(#12556,#12558,#12557);
#12560=IFCREPRESENTATIONMAP(#12559,#12555);
#12561=IFCCARTESIANPOINT((0.,0.,0.));
#12562=IFCDIRECTION((1.,0.,0.));
#12563=IFCDIRECTION((0.,1.,0.));
#12564=IFCDIRECTION((0.,0.,1.));
#12565=IFCCARTESIANTRANSFORMATIONOPERATOR3D(#12562,#12563,#12561,1.,#12564);
#12566=IFCMAPPEDITEM(#12560,#12565);
#12567=IFCSHAPEREPRESENTATION(#13,'Box','MappedRepresentation',(#12566));
#12573=IFCRAILING('2Ib3cpVlj17uHZ2IhK0AC6',$,'Railing',$,'FRAMELESS_PANEL',#13013,#12586,$,.USERDEFINED.);
#12579=IFCCARTESIANPOINT((0.,0.,0.));
#12580=IFCDIRECTION((1.,0.,0.));
#12581=IFCDIRECTION((0.,1.,0.));
#12582=IFCDIRECTION((0.,0.,1.));
#12583=IFCCARTESIANTRANSFORMATIONOPERATOR3D(#12580,#12581,#12579,1.,#12582);
#12584=IFCMAPPEDITEM(#12405,#12583);
#12585=IFCSHAPEREPRESENTATION(#11,'Body','MappedRepresentation',(#12584));
#12586=IFCPRODUCTDEFINITIONSHAPE($,$,(#12585,#12593));
#12587=IFCCARTESIANPOINT((0.,0.,0.));
#12588=IFCDIRECTION((1.,0.,0.));
#12589=IFCDIRECTION((0.,1.,0.));
#12590=IFCDIRECTION((0.,0.,1.));
#12591=IFCCARTESIANTRANSFORMATIONOPERATOR3D(#12588,#12589,#12587,1.,#12590);
#12592=IFCMAPPEDITEM(#12560,#12591);
#12593=IFCSHAPEREPRESENTATION(#13,'Box','MappedRepresentation',(#12592));
#12594=IFCRAILINGTYPE('1KzulZaDf7kRgwQ2Nds4QE',$,'stair rail landing',$,$,(#12595,#12597),(#12626,#13538),$,$,.USERDEFINED.);
#12595=IFCPROPERTYSET('03rYJc5Z17aPaAYUxKU37J',$,'BBIM_Railing',$,(#12596));
#12596=IFCPROPERTYSINGLEVALUE('Data',$,IFCTEXT('{"railing_type": "FRAMELESS_PANEL", "height": 1.0, "thickness": 0.05000000074505806, "spacing": 0.05000000074505806, "path_data": {"edges": [[0, 1]], "verts": [[0.850501537322998, 0.0, 0.0], [-0.0033757686614990234, 0.0, 0.0]]}}'),$);
#12597=IFCPROPERTYSET('0qB64Yp0X5bv5SbTAvL4qf',$,'Pset_RailingCommon',$,(#12598));
#12598=IFCPROPERTYSINGLEVALUE('Height',$,IFCPOSITIVELENGTHMEASURE(1.),$);
#12622=IFCCARTESIANPOINT((0.,0.,0.));
#12623=IFCDIRECTION((1.,0.,0.));
#12624=IFCDIRECTION((0.,0.,1.));
#12625=IFCAXIS2PLACEMENT3D(#12622,#12624,#12623);
#12626=IFCREPRESENTATIONMAP(#12625,#13529);
#12765=IFCRAILINGTYPE('0CGxx9banAI9wBBckja9AI',$,'stair rail 2',$,$,(#12766,#12768),(#12770,#12975),$,$,.USERDEFINED.);
#12766=IFCPROPERTYSET('16bBbbeYn2oxP6VcAA3B6_',$,'BBIM_Railing',$,(#12767));
#12767=IFCPROPERTYSINGLEVALUE('Data',$,IFCTEXT('{"railing_type": "FRAMELESS_PANEL", "height": 1.0, "thickness": 0.05000000074505806, "spacing": 0.05000000074505806, "path_data": {"edges": [[0, 1], [1, 2]], "verts": [[-1.0, 0.02500009536743164, 0.0], [-0.23731516301631927, 0.02499985694885254, 0.6295009851455688], [0.5003694295883179, 0.02499985694885254, 1.2295010089874268]]}}'),$);
#12768=IFCPROPERTYSET('1ShQpxsHT9mx3JmM9Ys4cp',$,'Pset_RailingCommon',$,(#12769));
#12769=IFCPROPERTYSINGLEVALUE('Height',$,IFCPOSITIVELENGTHMEASURE(1.),$);
#12770=IFCREPRESENTATIONMAP(#12771,#12966);
#12771=IFCAXIS2PLACEMENT3D(#12772,#12773,#12774);
#12772=IFCCARTESIANPOINT((0.,0.,0.));
#12773=IFCDIRECTION((0.,0.,1.));
#12774=IFCDIRECTION((1.,0.,0.));
#12798=IFCCARTESIANPOINTLIST2D(((0.82550144195556641,-0.059650182723999023),(0.82550144195556641,1.7254221439361572),(0.,1.7237989902496338),(0.,-0.065010786056518555),(0.82550144195556641,-0.059650182723999023)));
#12799=IFCINDEXEDPOLYCURVE(#12798,$,$);
#12800=IFCARBITRARYCLOSEDPROFILEDEF(.AREA.,$,#12799);
#12801=IFCINDEXEDPOLYGONALFACE((2,1,18,17,16,15,14,13,12,11,10,9,8,7,6,5,4,3));
#12802=IFCINDEXEDPOLYGONALFACE((19,20,21,22,23,24,25,26,27,28,29,30,31,32,33,34,35,36));
#12803=IFCINDEXEDPOLYGONALFACE((7,8,25,24));
#12804=IFCINDEXEDPOLYGONALFACE((15,16,33,32));
#12805=IFCINDEXEDPOLYGONALFACE((8,9,26,25));
#12806=IFCINDEXEDPOLYGONALFACE((1,2,19,36));
#12807=IFCINDEXEDPOLYGONALFACE((16,17,34,33));
#12808=IFCINDEXEDPOLYGONALFACE((9,10,27,26));
#12809=IFCINDEXEDPOLYGONALFACE((2,3,20,19));
#12810=IFCINDEXEDPOLYGONALFACE((17,18,35,34));
#12811=IFCINDEXEDPOLYGONALFACE((10,11,28,27));
#12812=IFCINDEXEDPOLYGONALFACE((3,4,21,20));
#12813=IFCINDEXEDPOLYGONALFACE((18,1,36,35));
#12814=IFCINDEXEDPOLYGONALFACE((11,12,29,28));
#12815=IFCINDEXEDPOLYGONALFACE((4,5,22,21));
#12816=IFCINDEXEDPOLYGONALFACE((12,13,30,29));
#12817=IFCINDEXEDPOLYGONALFACE((5,6,23,22));
#12818=IFCINDEXEDPOLYGONALFACE((13,14,31,30));
#12819=IFCINDEXEDPOLYGONALFACE((6,7,24,23));
#12820=IFCINDEXEDPOLYGONALFACE((14,15,32,31));
#12821=IFCCARTESIANPOINTLIST3D(((0.,0.,0.),(0.,0.,0.15000000596046448),(0.18442115187644958,0.,0.15000000596046448),(0.18442115187644958,0.,0.30000001192092896),(0.36884230375289917,0.,0.30000001192092896),(0.36884230375289917,0.,0.45000001788139343),(0.55326342582702637,0.,0.45000001788139343),(0.55326342582702637,0.,0.60000002384185791),(0.73768460750579834,0.,0.60000002384185791),(0.73768460750579834,0.,0.75),(0.92210578918457031,0.,0.75),(0.92210578918457031,0.,0.89999997615814209),(1.1065269708633423,0.,0.89999997615814209),(1.1065269708633423,0.,1.0499999523162842),(1.2909481525421143,0.,1.0499999523162842),(1.2909481525421143,0.,1.1999999284744263),(1.4753693342208862,0.,1.1999999284744263),(1.4753693342208862,0.,0.),(0.,0.85563373565673828,0.15000000596046448),(0.18442115187644958,0.85563373565673828,0.15000000596046448),(0.18442115187644958,0.85563373565673828,0.30000001192092896),(0.36884230375289917,0.85563373565673828,0.30000001192092896),(0.36884230375289917,0.85563373565673828,0.45000001788139343),(0.55326342582702637,0.85563373565673828,0.45000001788139343),(0.55326342582702637,0.85563373565673828,0.60000002384185791),(0.73768460750579834,0.85563373565673828,0.60000002384185791),(0.73768460750579834,0.85563373565673828,0.75),(0.92210578918457031,0.85563373565673828,0.75),(0.92210578918457031,0.85563373565673828,0.89999997615814209),(1.1065269708633423,0.85563373565673828,0.89999997615814209),(1.1065269708633423,0.85563373565673828,1.0499999523162842),(1.2909481525421143,0.85563373565673828,1.0499999523162842),(1.2909481525421143,0.85563373565673828,1.1999999284744263),(1.4753693342208862,0.85563373565673828,1.1999999284744263),(1.4753693342208862,0.85563373565673828,0.),(0.,0.85563373565673828,0.)));
#12822=IFCPOLYGONALFACESET(#12821,.T.,(#12801,#12802,#12803,#12804,#12805,#12806,#12807,#12808,#12809,#12810,#12811,#12812,#12813,#12814,#12815,#12816,#12817,#12818,#12819,#12820),$);
#12823=IFCSHAPEREPRESENTATION(#11,'Body','Tessellation',(#12822));
#12825=IFCCARTESIANPOINT((0.,0.,0.));
#12826=IFCBOUNDINGBOX(#12825,1.4753693342208862,0.85563373565673828,1.1999999284744263);
#12827=IFCSHAPEREPRESENTATION(#13,'Box','BoundingBox',(#12826));
#12828=IFCCARTESIANPOINT((0.,0.,0.));
#12829=IFCDIRECTION((1.,0.,0.));
#12830=IFCDIRECTION((0.,0.,1.));
#12831=IFCAXIS2PLACEMENT3D(#12828,#12830,#12829);
#12832=IFCREPRESENTATIONMAP(#12831,#12827);
#12833=IFCCARTESIANPOINT((0.,0.,0.));
#12834=IFCDIRECTION((1.,0.,0.));
#12835=IFCDIRECTION((0.,1.,0.));
#12836=IFCDIRECTION((0.,0.,1.));
#12837=IFCCARTESIANTRANSFORMATIONOPERATOR3D(#12834,#12835,#12833,1.,#12836);
#12838=IFCMAPPEDITEM(#12832,#12837);
#12839=IFCSHAPEREPRESENTATION(#13,'Box','MappedRepresentation',(#12838));
#12840=IFCCARTESIANPOINTLIST2D(((-1.4753693342208862,-0.028607726097106934),(-1.4753695726394653,0.82702600955963135),(-2.384185791015625E-07,0.82702648639678955),(0.,-0.02860724925994873),(-1.4753693342208862,-0.028607726097106934)));
#12841=IFCINDEXEDPOLYCURVE(#12840,$,$);
#12842=IFCARBITRARYCLOSEDPROFILEDEF(.AREA.,$,#12841);
#12843=IFCRAILING('1PCmHjRZv5TAIzOulVdLws',$,'Railing',$,'FRAMELESS_PANEL',#13814,#12852,$,.USERDEFINED.);
#12844=IFCRELDEFINESBYTYPE('3Pu$c_b3LCgPUhqAiRdpqB',$,$,$,(#12843,#12983),#12765);
#12845=IFCCARTESIANPOINT((0.,0.,0.));
#12846=IFCDIRECTION((1.,0.,0.));
#12847=IFCDIRECTION((0.,1.,0.));
#12848=IFCDIRECTION((0.,0.,1.));
#12849=IFCCARTESIANTRANSFORMATIONOPERATOR3D(#12846,#12847,#12845,1.,#12848);
#12850=IFCMAPPEDITEM(#12770,#12849);
#12851=IFCSHAPEREPRESENTATION(#11,'Body','MappedRepresentation',(#12850));
#12852=IFCPRODUCTDEFINITIONSHAPE($,$,(#12851,#12982));
#12932=IFCCARTESIANPOINT((3.3076770305633545,1.4446955919265747,1.9037777185440063));
#12933=IFCDIRECTION((0.,0.,1.));
#12934=IFCDIRECTION((1.,0.,0.));
#12935=IFCAXIS2PLACEMENT3D(#12932,#12933,#12934);
#12936=IFCLOCALPLACEMENT(#62,#12935);
#12952=IFCINDEXEDPOLYGONALFACE((16,19,18,17));
#12953=IFCINDEXEDPOLYGONALFACE((20,23,22,21));
#12954=IFCINDEXEDPOLYGONALFACE((5,11,10,4,8,9));
#12955=IFCINDEXEDPOLYGONALFACE((7,15,14,6,12,13));
#12956=IFCINDEXEDPOLYGONALFACE((5,9,19,16,11));
#12957=IFCINDEXEDPOLYGONALFACE((12,22,23,13));
#12958=IFCINDEXEDPOLYGONALFACE((6,14,21,22,12));
#12959=IFCINDEXEDPOLYGONALFACE((15,20,21,14));
#12960=IFCINDEXEDPOLYGONALFACE((7,13,23,20,15));
#12961=IFCINDEXEDPOLYGONALFACE((11,16,17,10));
#12962=IFCINDEXEDPOLYGONALFACE((8,18,19,9));
#12963=IFCINDEXEDPOLYGONALFACE((4,10,17,18,8));
#12964=IFCCARTESIANPOINTLIST3D(((-1.,0.025000095367431641,0.),(-0.23731516301631927,0.024999856948852539,0.62950098514556885),(0.50036942958831787,0.024999856948852539,1.2295010089874268),(-0.97500002384185791,0.025000087916851044,0.020634375512599945),(-0.26231515407562256,0.024999864399433136,0.60886663198471069),(-0.2123151570558548,0.024999856948852539,0.64983487129211426),(0.47536942362785339,0.024999856948852539,1.2091671228408813),(-0.97500002384185791,0.050000086426734924,0.020634375512599945),(-0.26231515407562256,0.049999862909317017,0.60886663198471069),(-0.97500002384185791,8.754432201385498E-08,0.020634375512599945),(-0.26231515407562256,-1.3597309589385986E-07,0.60886663198471069),(-0.2123151570558548,0.04999985545873642,0.64983487129211426),(0.47536942362785339,0.04999985545873642,1.2091671228408813),(-0.2123151570558548,-1.4342367649078369E-07,0.64983487129211426),(0.47536942362785339,-1.4342367649078369E-07,1.2091671228408813),(-0.26231515407562256,-1.3597309589385986E-07,1.6088666915893555),(-0.97500002384185791,8.754432201385498E-08,1.0206344127655029),(-0.97500002384185791,0.050000086426734924,1.0206344127655029),(-0.26231515407562256,0.049999862909317017,1.6088666915893555),(0.47536942362785339,-1.4342367649078369E-07,2.2091670036315918),(-0.2123151570558548,-1.4342367649078369E-07,1.6498348712921143),(-0.2123151570558548,0.04999985545873642,1.6498348712921143),(0.47536942362785339,0.04999985545873642,2.2091670036315918)));
#12965=IFCPOLYGONALFACESET(#12964,.F.,(#12952,#12953,#12954,#12955,#12956,#12957,#12958,#12959,#12960,#12961,#12962,#12963),$);
#12966=IFCSHAPEREPRESENTATION(#11,'Body','Tessellation',(#12965));
#12968=IFCCARTESIANPOINT((-1.,-1.4342367649078369E-07,0.));
#12969=IFCBOUNDINGBOX(#12968,1.5003694295883179,0.050000227987766266,2.2091670036315918);
#12970=IFCSHAPEREPRESENTATION(#13,'Box','BoundingBox',(#12969));
#12971=IFCCARTESIANPOINT((0.,0.,0.));
#12972=IFCDIRECTION((1.,0.,0.));
#12973=IFCDIRECTION((0.,0.,1.));
#12974=IFCAXIS2PLACEMENT3D(#12971,#12973,#12972);
#12975=IFCREPRESENTATIONMAP(#12974,#12970);
#12976=IFCCARTESIANPOINT((0.,0.,0.));
#12977=IFCDIRECTION((1.,0.,0.));
#12978=IFCDIRECTION((0.,1.,0.));
#12979=IFCDIRECTION((0.,0.,1.));
#12980=IFCCARTESIANTRANSFORMATIONOPERATOR3D(#12977,#12978,#12976,1.,#12979);
#12981=IFCMAPPEDITEM(#12975,#12980);
#12982=IFCSHAPEREPRESENTATION(#13,'Box','MappedRepresentation',(#12981));
#12983=IFCRAILING('0DsFmC8UP9XgOPVHy0V0hp',$,'Railing',$,'FRAMELESS_PANEL',#13023,#12996,$,.USERDEFINED.);
#12989=IFCCARTESIANPOINT((0.,0.,0.));
#12990=IFCDIRECTION((1.,0.,0.));
#12991=IFCDIRECTION((0.,1.,0.));
#12992=IFCDIRECTION((0.,0.,1.));
#12993=IFCCARTESIANTRANSFORMATIONOPERATOR3D(#12990,#12991,#12989,1.,#12992);
#12994=IFCMAPPEDITEM(#12770,#12993);
#12995=IFCSHAPEREPRESENTATION(#11,'Body','MappedRepresentation',(#12994));
#12996=IFCPRODUCTDEFINITIONSHAPE($,$,(#12995,#13003));
#12997=IFCCARTESIANPOINT((0.,0.,0.));
#12998=IFCDIRECTION((1.,0.,0.));
#12999=IFCDIRECTION((0.,1.,0.));
#13000=IFCDIRECTION((0.,0.,1.));
#13001=IFCCARTESIANTRANSFORMATIONOPERATOR3D(#12998,#12999,#12997,1.,#13000);
#13002=IFCMAPPEDITEM(#12975,#13001);
#13003=IFCSHAPEREPRESENTATION(#13,'Box','MappedRepresentation',(#13002));
#13009=IFCCARTESIANPOINT((2.8073077201843262,1.3475629091262817,-0.28799194097518921));
#13010=IFCDIRECTION((0.,0.,1.));
#13011=IFCDIRECTION((1.,0.,0.));
#13012=IFCAXIS2PLACEMENT3D(#13009,#13010,#13011);
#13013=IFCLOCALPLACEMENT(#62,#13012);
#13019=IFCCARTESIANPOINT((2.332676887512207,1.4660879373550415,1.4608725309371948));
#13020=IFCDIRECTION((0.,0.,1.));
#13021=IFCDIRECTION((-0.99999999999992428,-3.8941436741876494E-07,0.));
#13022=IFCAXIS2PLACEMENT3D(#13019,#13020,#13021);
#13023=IFCLOCALPLACEMENT(#62,#13022);
#13024=IFCSLABTYPE('1HWPXICJz8PewoBMmp4M4t',$,'test slab',$,$,(#13025),$,$,$,.FLOOR.);
#13025=IFCPROPERTYSET('15UnITlnzDfehpRkVl6sTi',$,'EPset_Parametric',$,(#13026));
#13026=IFCPROPERTYSINGLEVALUE('LayerSetDirection',$,IFCLABEL('AXIS3'),$);
#13027=IFCRELASSOCIATESMATERIAL('02ptCfd0n2mxWXXmX9kJ5o',$,$,$,(#13024),#13028);
#13028=IFCMATERIALLAYERSET((#13029),$,$);
#13029=IFCMATERIALLAYER(#110,0.10000000000000001,$,$,$,$,$);
#13075=IFCDOCUMENTINFORMATION('X','BBIM_Cost_Documents','Bonsai internal document containing references to cost CSV files',$,$,$,$,$,$,$,$,$,$,$,$,$,$);
#13076=IFCRELASSOCIATESDOCUMENT('2GyxzR0Bf22hVPEKTmjHW7',$,$,$,(#1),#13075);
#13177=IFCOPENINGELEMENT('2tIEdujGj2l8EQ5s_vtzwC',$,'Cube',$,$,#13201,#13195,$,$);
#13183=IFCINDEXEDPOLYGONALFACE((1,2,4,3));
#13184=IFCINDEXEDPOLYGONALFACE((3,4,8,7));
#13185=IFCINDEXEDPOLYGONALFACE((7,8,6,5));
#13186=IFCINDEXEDPOLYGONALFACE((5,6,2,1));
#13187=IFCINDEXEDPOLYGONALFACE((3,7,5,1));
#13188=IFCINDEXEDPOLYGONALFACE((8,4,2,6));
#13189=IFCCARTESIANPOINTLIST3D(((-1.1461626291275024,-0.89807778596878052,-1.),(-1.1461626291275024,-0.89807778596878052,1.),(-1.1461626291275024,0.89807778596878052,-1.),(-1.1461626291275024,0.89807778596878052,1.),(1.1461626291275024,-0.89807778596878052,-1.),(1.1461626291275024,-0.89807778596878052,1.),(1.1461626291275024,0.89807778596878052,-1.),(1.1461626291275024,0.89807778596878052,1.)));
#13190=IFCPOLYGONALFACESET(#13189,.T.,(#13183,#13184,#13185,#13186,#13187,#13188),$);
#13191=IFCSHAPEREPRESENTATION(#11,'Body','Tessellation',(#13190));
#13192=IFCCARTESIANPOINT((-1.1461626291275024,-0.89807778596878052,-1.));
#13193=IFCBOUNDINGBOX(#13192,2.2923252582550049,1.796155571937561,2.);
#13194=IFCSHAPEREPRESENTATION(#13,'Box','BoundingBox',(#13193));
#13195=IFCPRODUCTDEFINITIONSHAPE($,$,(#13194,#13191));
#13196=IFCRELVOIDSELEMENT('2MbSsApD97NubtweJbPFca',$,$,$,#6516,#13177);
#13197=IFCCARTESIANPOINT((-1.2509372234344482,-5.136325478553772,0.34651660919189453));
#13198=IFCDIRECTION((0.,0.,1.));
#13199=IFCDIRECTION((1.,0.,0.));
#13200=IFCAXIS2PLACEMENT3D(#13197,#13198,#13199);
#13201=IFCLOCALPLACEMENT(#6524,#13200);
#13202=IFCRAILINGTYPE('0u7Xcg7vn7bQq2ber2K6Uj',$,'2nd floor stairs - 1',$,$,(#13203,#13205),(#13207,#13300),$,$,.USERDEFINED.);
#13203=IFCPROPERTYSET('0L8FyJ8qT8UOva$H4undTC',$,'BBIM_Railing',$,(#13204));
#13204=IFCPROPERTYSINGLEVALUE('Data',$,IFCTEXT('{"railing_type": "FRAMELESS_PANEL", "height": 1.0, "thickness": 0.05000000074505806, "spacing": 0.05000000074505806, "path_data": {"edges": [[0, 1], [1, 2]], "verts": [[-1.322098970413208, 0.0, 0.0], [0.0, 0.0, 0.0], [1.0, 0.0, 0.0]]}}'),$);
#13205=IFCPROPERTYSET('2t63xAn5r4seMYicsAQ3fm',$,'Pset_RailingCommon',$,(#13206));
#13206=IFCPROPERTYSINGLEVALUE('Height',$,IFCPOSITIVELENGTHMEASURE(1.),$);
#13207=IFCREPRESENTATIONMAP(#13208,#13291);
#13208=IFCAXIS2PLACEMENT3D(#13209,#13210,#13211);
#13209=IFCCARTESIANPOINT((0.,0.,0.));
#13210=IFCDIRECTION((0.,0.,1.));
#13211=IFCDIRECTION((1.,0.,0.));
#13277=IFCINDEXEDPOLYGONALFACE((16,19,18,17));
#13278=IFCINDEXEDPOLYGONALFACE((20,23,22,21));
#13279=IFCINDEXEDPOLYGONALFACE((5,11,10,4,8,9));
#13280=IFCINDEXEDPOLYGONALFACE((7,15,14,6,12,13));
#13281=IFCINDEXEDPOLYGONALFACE((5,9,19,16,11));
#13282=IFCINDEXEDPOLYGONALFACE((12,22,23,13));
#13283=IFCINDEXEDPOLYGONALFACE((6,14,21,22,12));
#13284=IFCINDEXEDPOLYGONALFACE((15,20,21,14));
#13285=IFCINDEXEDPOLYGONALFACE((7,13,23,20,15));
#13286=IFCINDEXEDPOLYGONALFACE((11,16,17,10));
#13287=IFCINDEXEDPOLYGONALFACE((8,18,19,9));
#13288=IFCINDEXEDPOLYGONALFACE((4,10,17,18,8));
#13289=IFCCARTESIANPOINTLIST3D(((-1.322098970413208,0.,0.),(0.,0.,0.),(1.,0.,0.),(-1.2970989942550659,0.,0.),(-0.02500000037252903,0.,0.),(0.02500000037252903,0.,0.),(0.97500002384185791,0.,0.),(-1.2970989942550659,0.02500000037252903,0.),(-0.02500000037252903,0.02500000037252903,0.),(-1.2970989942550659,-0.02500000037252903,0.),(-0.02500000037252903,-0.02500000037252903,0.),(0.02500000037252903,0.02500000037252903,0.),(0.97500002384185791,0.02500000037252903,0.),(0.02500000037252903,-0.02500000037252903,0.),(0.97500002384185791,-0.02500000037252903,0.),(-0.02500000037252903,-0.02500000037252903,1.),(-1.2970989942550659,-0.02500000037252903,1.),(-1.2970989942550659,0.02500000037252903,1.),(-0.02500000037252903,0.02500000037252903,1.),(0.97500002384185791,-0.02500000037252903,1.),(0.02500000037252903,-0.02500000037252903,1.),(0.02500000037252903,0.02500000037252903,1.),(0.97500002384185791,0.02500000037252903,1.)));
#13290=IFCPOLYGONALFACESET(#13289,.F.,(#13277,#13278,#13279,#13280,#13281,#13282,#13283,#13284,#13285,#13286,#13287,#13288),$);
#13291=IFCSHAPEREPRESENTATION(#11,'Body','Tessellation',(#13290));
#13293=IFCCARTESIANPOINT((-1.322098970413208,-0.02500000037252903,0.));
#13294=IFCBOUNDINGBOX(#13293,2.322098970413208,0.05000000074505806,1.);
#13295=IFCSHAPEREPRESENTATION(#13,'Box','BoundingBox',(#13294));
#13296=IFCCARTESIANPOINT((0.,0.,0.));
#13297=IFCDIRECTION((1.,0.,0.));
#13298=IFCDIRECTION((0.,0.,1.));
#13299=IFCAXIS2PLACEMENT3D(#13296,#13298,#13297);
#13300=IFCREPRESENTATIONMAP(#13299,#13295);
#13308=IFCRAILINGTYPE('2cAhhu2BzFHwJxW4n4DZRA',$,'2nd floor stairs -2',$,$,(#13309,#13311),(#13313,#13385),$,$,.USERDEFINED.);
#13309=IFCPROPERTYSET('2_u_cel3n1$hoDOUuMVPJ7',$,'BBIM_Railing',$,(#13310));
#13310=IFCPROPERTYSINGLEVALUE('Data',$,IFCTEXT('{"railing_type": "FRAMELESS_PANEL", "height": 1.0, "thickness": 0.05000000074505806, "spacing": 0.05000000074505806, "path_data": {"edges": [[0, 1], [1, 2]], "verts": [[0.056379079818725586, -6.025518928254314e-08, 0.0], [0.0, 0.0, 0.0], [1.0, 0.0, 0.0]]}}'),$);
#13311=IFCPROPERTYSET('2onP8YSffCnxbXvyS1pNiL',$,'Pset_RailingCommon',$,(#13312));
#13312=IFCPROPERTYSINGLEVALUE('Height',$,IFCPOSITIVELENGTHMEASURE(1.),$);
#13313=IFCREPRESENTATIONMAP(#13314,#13376);
#13314=IFCAXIS2PLACEMENT3D(#13315,#13316,#13317);
#13315=IFCCARTESIANPOINT((0.,0.,0.));
#13316=IFCDIRECTION((0.,0.,1.));
#13317=IFCDIRECTION((1.,0.,0.));
#13363=IFCINDEXEDPOLYGONALFACE((17,15,14,13));
#13364=IFCINDEXEDPOLYGONALFACE((16,18,17,15));
#13365=IFCINDEXEDPOLYGONALFACE((5,9,8,4,7,11));
#13366=IFCINDEXEDPOLYGONALFACE((6,12,11,5,9,10));
#13367=IFCINDEXEDPOLYGONALFACE((5,11,15,17,9));
#13368=IFCINDEXEDPOLYGONALFACE((9,17,18,10));
#13369=IFCINDEXEDPOLYGONALFACE((12,16,15,11));
#13370=IFCINDEXEDPOLYGONALFACE((6,10,18,16,12));
#13371=IFCINDEXEDPOLYGONALFACE((9,17,13,8));
#13372=IFCINDEXEDPOLYGONALFACE((7,14,15,11));
#13373=IFCINDEXEDPOLYGONALFACE((4,8,13,14,7));
#13374=IFCCARTESIANPOINTLIST3D(((0.056379079818725586,-6.0255189282543142E-08,0.),(0.,0.,0.),(1.,0.,0.),(0.031379081308841705,-3.3536416310653294E-08,0.),(0.025000002235174179,-2.6718771195533009E-08,0.),(0.97500002384185791,0.,0.),(0.031379055231809616,-0.025000033900141716,0.),(0.031379107385873795,0.024999966844916344,0.),(0.02500000037252903,0.02500000037252903,0.),(0.97500002384185791,0.02500000037252903,0.),(0.02500000037252903,-0.02500000037252903,0.),(0.97500002384185791,-0.02500000037252903,0.),(0.031379107385873795,0.024999966844916344,1.),(0.031379055231809616,-0.025000033900141716,1.),(0.02499997615814209,-0.025000026449561119,1.),(0.97500002384185791,-0.02500000037252903,1.),(0.02500000037252903,0.02500000037252903,1.),(0.97500002384185791,0.02500000037252903,1.)));
#13375=IFCPOLYGONALFACESET(#13374,.F.,(#13363,#13364,#13365,#13366,#13367,#13368,#13369,#13370,#13371,#13372,#13373),$);
#13376=IFCSHAPEREPRESENTATION(#11,'Body','Tessellation',(#13375));
#13378=IFCCARTESIANPOINT((0.,-0.025000033900141716,0.));
#13379=IFCBOUNDINGBOX(#13378,1.,0.050000034272670746,1.);
#13380=IFCSHAPEREPRESENTATION(#13,'Box','BoundingBox',(#13379));
#13381=IFCCARTESIANPOINT((0.,0.,0.));
#13382=IFCDIRECTION((1.,0.,0.));
#13383=IFCDIRECTION((0.,0.,1.));
#13384=IFCAXIS2PLACEMENT3D(#13381,#13383,#13382);
#13385=IFCREPRESENTATIONMAP(#13384,#13380);
#13393=IFCINDEXEDPOLYGONALFACE((2,1,18,17,16,15,14,13,12,11,10,9,8,7,6,5,4,3));
#13394=IFCINDEXEDPOLYGONALFACE((19,20,21,22,23,24,25,26,27,28,29,30,31,32,33,34,35,36));
#13395=IFCINDEXEDPOLYGONALFACE((15,16,33,32));
#13396=IFCINDEXEDPOLYGONALFACE((8,9,26,25));
#13397=IFCINDEXEDPOLYGONALFACE((1,2,19,36));
#13398=IFCINDEXEDPOLYGONALFACE((16,17,34,33));
#13399=IFCINDEXEDPOLYGONALFACE((9,10,27,26));
#13400=IFCINDEXEDPOLYGONALFACE((2,3,20,19));
#13401=IFCINDEXEDPOLYGONALFACE((17,18,35,34));
#13402=IFCINDEXEDPOLYGONALFACE((10,11,28,27));
#13403=IFCINDEXEDPOLYGONALFACE((3,4,21,20));
#13404=IFCINDEXEDPOLYGONALFACE((18,1,36,35));
#13405=IFCINDEXEDPOLYGONALFACE((11,12,29,28));
#13406=IFCINDEXEDPOLYGONALFACE((4,5,22,21));
#13407=IFCINDEXEDPOLYGONALFACE((12,13,30,29));
#13408=IFCINDEXEDPOLYGONALFACE((5,6,23,22));
#13409=IFCINDEXEDPOLYGONALFACE((13,14,31,30));
#13410=IFCINDEXEDPOLYGONALFACE((6,7,24,23));
#13411=IFCINDEXEDPOLYGONALFACE((14,15,32,31));
#13412=IFCINDEXEDPOLYGONALFACE((7,8,25,24));
#13413=IFCCARTESIANPOINTLIST3D(((0.,0.,0.),(0.,0.,0.22499999403953552),(0.18442115187644958,0.,0.22499999403953552),(0.18442115187644958,0.,0.44999998807907104),(0.36884230375289917,0.,0.44999998807907104),(0.36884230375289917,0.,0.67499995231628418),(0.55326342582702637,0.,0.67499995231628418),(0.55326342582702637,0.,0.89999997615814209),(0.73768460750579834,0.,0.89999997615814209),(0.73768460750579834,0.,1.125),(0.92210578918457031,0.,1.125),(0.92210578918457031,0.,1.3500000238418579),(1.1065269708633423,0.,1.3500000238418579),(1.1065269708633423,0.,1.5750000476837158),(1.2909481525421143,0.,1.5750000476837158),(1.2909481525421143,0.,1.8000000715255737),(1.4753693342208862,0.,1.8000000715255737),(1.4753693342208862,0.,0.),(0.,0.87666690349578857,0.22499999403953552),(0.18442115187644958,0.87666690349578857,0.22499999403953552),(0.18442115187644958,0.87666690349578857,0.44999998807907104),(0.36884230375289917,0.87666690349578857,0.44999998807907104),(0.36884230375289917,0.87666690349578857,0.67499995231628418),(0.55326342582702637,0.87666690349578857,0.67499995231628418),(0.55326342582702637,0.87666690349578857,0.89999997615814209),(0.73768460750579834,0.87666690349578857,0.89999997615814209),(0.73768460750579834,0.87666690349578857,1.125),(0.92210578918457031,0.87666690349578857,1.125),(0.92210578918457031,0.87666690349578857,1.3500000238418579),(1.1065269708633423,0.87666690349578857,1.3500000238418579),(1.1065269708633423,0.87666690349578857,1.5750000476837158),(1.2909481525421143,0.87666690349578857,1.5750000476837158),(1.2909481525421143,0.87666690349578857,1.8000000715255737),(1.4753693342208862,0.87666690349578857,1.8000000715255737),(1.4753693342208862,0.87666690349578857,0.),(0.,0.87666690349578857,0.)));
#13414=IFCPOLYGONALFACESET(#13413,.T.,(#13393,#13394,#13395,#13396,#13397,#13398,#13399,#13400,#13401,#13402,#13403,#13404,#13405,#13406,#13407,#13408,#13409,#13410,#13411,#13412),$);
#13415=IFCSHAPEREPRESENTATION(#11,'Body','Tessellation',(#13414));
#13417=IFCCARTESIANPOINT((0.,0.,0.));
#13418=IFCBOUNDINGBOX(#13417,1.4753693342208862,0.87666690349578857,1.8000000715255737);
#13419=IFCSHAPEREPRESENTATION(#13,'Box','BoundingBox',(#13418));
#13420=IFCCARTESIANPOINT((0.,0.,0.));
#13421=IFCDIRECTION((1.,0.,0.));
#13422=IFCDIRECTION((0.,0.,1.));
#13423=IFCAXIS2PLACEMENT3D(#13420,#13422,#13421);
#13424=IFCREPRESENTATIONMAP(#13423,#13419);
#13425=IFCCARTESIANPOINT((0.,0.,0.));
#13426=IFCDIRECTION((1.,0.,0.));
#13427=IFCDIRECTION((0.,1.,0.));
#13428=IFCDIRECTION((0.,0.,1.));
#13429=IFCCARTESIANTRANSFORMATIONOPERATOR3D(#13426,#13427,#13425,1.,#13428);
#13430=IFCMAPPEDITEM(#13424,#13429);
#13431=IFCSHAPEREPRESENTATION(#13,'Box','MappedRepresentation',(#13430));
#13432=IFCRAILING('2YNXGlahj8FBiREK1wPm03',$,'Railing',$,'FRAMELESS_PANEL',#13819,#13441,$,.USERDEFINED.);
#13433=IFCRELDEFINESBYTYPE('23f89UW6L16fHVb3xYdkW_',$,$,$,(#13432,#13830),#12594);
#13434=IFCCARTESIANPOINT((0.,0.,0.));
#13435=IFCDIRECTION((1.,0.,0.));
#13436=IFCDIRECTION((0.,1.,0.));
#13437=IFCDIRECTION((0.,0.,1.));
#13438=IFCCARTESIANTRANSFORMATIONOPERATOR3D(#13435,#13436,#13434,1.,#13437);
#13439=IFCMAPPEDITEM(#12626,#13438);
#13440=IFCSHAPEREPRESENTATION(#11,'Body','MappedRepresentation',(#13439));
#13441=IFCPRODUCTDEFINITIONSHAPE($,$,(#13440,#13545));
#13521=IFCINDEXEDPOLYGONALFACE((9,12,11,10));
#13522=IFCINDEXEDPOLYGONALFACE((4,8,7,3,5,6));
#13523=IFCINDEXEDPOLYGONALFACE((8,9,10,7));
#13524=IFCINDEXEDPOLYGONALFACE((6,12,9,8,4));
#13525=IFCINDEXEDPOLYGONALFACE((5,11,12,6));
#13526=IFCINDEXEDPOLYGONALFACE((3,7,10,11,5));
#13527=IFCCARTESIANPOINTLIST3D(((0.85050153732299805,0.,0.),(-0.0033757686614990234,0.,0.),(0.82550156116485596,0.,0.),(0.021624233573675156,0.,0.),(0.82550156116485596,-0.02500000037252903,0.),(0.021624233573675156,-0.02500000037252903,0.),(0.82550156116485596,0.02500000037252903,0.),(0.021624233573675156,0.02500000037252903,0.),(0.021624233573675156,0.02500000037252903,1.),(0.82550156116485596,0.02500000037252903,1.),(0.82550156116485596,-0.02500000037252903,1.),(0.021624233573675156,-0.02500000037252903,1.)));
#13528=IFCPOLYGONALFACESET(#13527,.F.,(#13521,#13522,#13523,#13524,#13525,#13526),$);
#13529=IFCSHAPEREPRESENTATION(#11,'Body','Tessellation',(#13528));
#13531=IFCCARTESIANPOINT((-0.0033757686614990234,-0.02500000037252903,0.));
#13532=IFCBOUNDINGBOX(#13531,0.85387730598449707,0.05000000074505806,1.);
#13533=IFCSHAPEREPRESENTATION(#13,'Box','BoundingBox',(#13532));
#13534=IFCCARTESIANPOINT((0.,0.,0.));
#13535=IFCDIRECTION((1.,0.,0.));
#13536=IFCDIRECTION((0.,0.,1.));
#13537=IFCAXIS2PLACEMENT3D(#13534,#13536,#13535);
#13538=IFCREPRESENTATIONMAP(#13537,#13533);
#13539=IFCCARTESIANPOINT((0.,0.,0.));
#13540=IFCDIRECTION((1.,0.,0.));
#13541=IFCDIRECTION((0.,1.,0.));
#13542=IFCDIRECTION((0.,0.,1.));
#13543=IFCCARTESIANTRANSFORMATIONOPERATOR3D(#13540,#13541,#13539,1.,#13542);
#13544=IFCMAPPEDITEM(#13538,#13543);
#13545=IFCSHAPEREPRESENTATION(#13,'Box','MappedRepresentation',(#13544));
#13547=IFCWALLTYPE('1Cl9ikB1vDZu2Q5Z5QxeFp',$,'stair barrier 1',$,$,(#13548),$,$,$,.SOLIDWALL.);
#13548=IFCPROPERTYSET('05uUQYjPnBAhuTN0fpwJLH',$,'EPset_Parametric',$,(#13549));
#13549=IFCPROPERTYSINGLEVALUE('LayerSetDirection',$,IFCLABEL('AXIS2'),$);
#13550=IFCRELASSOCIATESMATERIAL('1zUu1JRk99yBQDviZr8U$2',$,$,$,(#13547),#13551);
#13551=IFCMATERIALLAYERSET((#13552),$,$);
#13552=IFCMATERIALLAYER(#110,0.10000000000000001,$,$,$,$,$);
#13669=IFCWALL('2dy4R1LQr5CeUAkAoeprkc',$,'Wall',$,$,#13681,#13676,$,$);
#13670=IFCRELDEFINESBYTYPE('1z01YD1uH5ag__pHud3PHG',$,$,$,(#13669,#13708),#13547);
#13671=IFCMATERIALLAYERSETUSAGE(#13551,.AXIS2.,.POSITIVE.,0.,$);
#13672=IFCRELASSOCIATESMATERIAL('3MMYdWbgbCvxgsg8iX$d1w',$,$,$,(#13669),#13671);
#13676=IFCPRODUCTDEFINITIONSHAPE($,$,(#13791,#13788));
#13677=IFCCARTESIANPOINT((1.8296071290969849,2.2771730422973633,0.));
#13678=IFCDIRECTION((0.,0.,1.));
#13679=IFCDIRECTION((1.,0.,0.));
#13680=IFCAXIS2PLACEMENT3D(#13677,#13678,#13679);
#13681=IFCLOCALPLACEMENT(#5698,#13680);
#13692=IFCPROPERTYSET('1j6mmpHgz8E8PMRFlmPjxz',$,'EPset_Parametric',$,(#13694));
#13693=IFCRELDEFINESBYPROPERTIES('0AEREw2o1F8BkI_sLrsF8j',$,$,$,(#13669),#13692);
#13694=IFCPROPERTYSINGLEVALUE('Engine',$,IFCLABEL('Bonsai.DumbLayer2'),$);
#13708=IFCWALL('2HCM$EDj93C9s7BADFD7Gw',$,'Wall',$,$,#13750,#13714,$,$);
#13709=IFCMATERIALLAYERSETUSAGE(#13551,.AXIS2.,.POSITIVE.,0.,$);
#13710=IFCRELASSOCIATESMATERIAL('0x0ZEEQQLCVuuUYjYABT0A',$,$,$,(#13708),#13709);
#13714=IFCPRODUCTDEFINITIONSHAPE($,$,(#13764,#13761));
#13730=IFCPROPERTYSET('0hNODpB710xf8ROZOLbQg$',$,'EPset_Parametric',$,(#13732));
#13731=IFCRELDEFINESBYPROPERTIES('2MOxmFqRT64h1gXz1vRmgx',$,$,$,(#13708),#13730);
#13732=IFCPROPERTYSINGLEVALUE('Engine',$,IFCLABEL('Bonsai.DumbLayer2'),$);
#13746=IFCCARTESIANPOINT((1.7323073148727417,1.419597864151001,0.));
#13747=IFCDIRECTION((0.,0.,1.));
#13748=IFCDIRECTION((7.5497901264043109E-08,-0.99999999999999711,0.));
#13749=IFCAXIS2PLACEMENT3D(#13746,#13747,#13748);
#13750=IFCLOCALPLACEMENT(#5698,#13749);
#13751=IFCRELCONNECTSPATHELEMENTS('0_Sw_JNJHFzRMh6FT0v7FC',$,$,$,$,#13708,#7218,(),(),.ATPATH.,.ATEND.);
#13752=IFCCARTESIANPOINTLIST2D(((0.,0.),(0.,0.10000000000000001),(0.9213987664380372,0.10000000000000001),(0.92139875888824707,0.)));
#13753=IFCINDEXEDPOLYCURVE(#13752,(IFCLINEINDEX((1,2,3,4,1))),$);
#13754=IFCARBITRARYCLOSEDPROFILEDEF(.AREA.,$,#13753);
#13755=IFCCARTESIANPOINT((0.,0.,0.));
#13756=IFCDIRECTION((0.,0.,1.));
#13757=IFCDIRECTION((1.,0.,0.));
#13758=IFCAXIS2PLACEMENT3D(#13755,#13756,#13757);
#13759=IFCDIRECTION((0.,0.,1.));
#13760=IFCEXTRUDEDAREASOLID(#13754,#13758,#13759,0.69999998807907104);
#13761=IFCSHAPEREPRESENTATION(#11,'Body','SweptSolid',(#13760));
#13762=IFCCARTESIANPOINTLIST2D(((0.,0.),(0.92139875888824707,0.)));
#13763=IFCINDEXEDPOLYCURVE(#13762,$,$);
#13764=IFCSHAPEREPRESENTATION(#23,'Axis','Curve2D',(#13763));
#13765=IFCCARTESIANPOINTLIST2D(((0.,-0.10000000000000001),(0.,0.),(3.7589399807053048,0.),(3.7589399731555146,-0.10000000000000001)));
#13766=IFCINDEXEDPOLYCURVE(#13765,(IFCLINEINDEX((1,2,3,4,1))),$);
#13767=IFCARBITRARYCLOSEDPROFILEDEF(.AREA.,$,#13766);
#13768=IFCCARTESIANPOINT((0.,0.,0.));
#13769=IFCDIRECTION((0.,0.,1.));
#13770=IFCDIRECTION((1.,0.,0.));
#13771=IFCAXIS2PLACEMENT3D(#13768,#13769,#13770);
#13772=IFCDIRECTION((0.,0.,1.));
#13773=IFCEXTRUDEDAREASOLID(#13767,#13771,#13772,3.);
#13774=IFCSHAPEREPRESENTATION(#11,'Body','SweptSolid',(#13773));
#13775=IFCCARTESIANPOINTLIST2D(((0.,0.),(3.8589399807053053,0.)));
#13776=IFCINDEXEDPOLYCURVE(#13775,$,$);
#13777=IFCSHAPEREPRESENTATION(#23,'Axis','Curve2D',(#13776));
#13778=IFCRELCONNECTSPATHELEMENTS('0oeSezV8fAWPunoYtISmh5',$,$,$,$,#13669,#6045,(),(),.ATPATH.,.ATEND.);
#13779=IFCCARTESIANPOINTLIST2D(((0.,0.),(0.,0.10000000000000001),(2.2997996429992269,0.10000000000000001),(2.2997996354494368,0.)));
#13780=IFCINDEXEDPOLYCURVE(#13779,(IFCLINEINDEX((1,2,3,4,1))),$);
#13781=IFCARBITRARYCLOSEDPROFILEDEF(.AREA.,$,#13780);
#13782=IFCCARTESIANPOINT((0.,0.,0.));
#13783=IFCDIRECTION((0.,0.,1.));
#13784=IFCDIRECTION((1.,0.,0.));
#13785=IFCAXIS2PLACEMENT3D(#13782,#13783,#13784);
#13786=IFCDIRECTION((0.,0.,1.));
#13787=IFCEXTRUDEDAREASOLID(#13781,#13785,#13786,0.69999998807907104);
#13788=IFCSHAPEREPRESENTATION(#11,'Body','SweptSolid',(#13787));
#13789=IFCCARTESIANPOINTLIST2D(((0.,0.),(2.3997996354494369,0.)));
#13790=IFCINDEXEDPOLYCURVE(#13789,$,$);
#13791=IFCSHAPEREPRESENTATION(#23,'Axis','Curve2D',(#13790));
#13792=IFCCARTESIANPOINTLIST2D(((0.,0.),(0.099999992450210157,0.10000000000000001),(9.5334092628036089,0.10000000000000001),(9.6334092616111207,0.)));
#13793=IFCINDEXEDPOLYCURVE(#13792,(IFCLINEINDEX((1,2,3,4,1))),$);
#13794=IFCARBITRARYCLOSEDPROFILEDEF(.AREA.,$,#13793);
#13795=IFCCARTESIANPOINT((0.,0.,0.));
#13796=IFCDIRECTION((0.,0.,1.));
#13797=IFCDIRECTION((1.,0.,0.));
#13798=IFCAXIS2PLACEMENT3D(#13795,#13796,#13797);
#13799=IFCDIRECTION((0.,0.,1.));
#13800=IFCEXTRUDEDAREASOLID(#13794,#13798,#13799,3.);
#13801=IFCSHAPEREPRESENTATION(#11,'Body','SweptSolid',(#13800));
#13802=IFCCARTESIANPOINTLIST2D(((0.,0.),(9.6334092616111207,0.)));
#13803=IFCINDEXEDPOLYCURVE(#13802,$,$);
#13804=IFCSHAPEREPRESENTATION(#23,'Axis','Curve2D',(#13803));
#13805=IFCCARTESIANPOINT((2.8073077201843262,0.53291225433349609,-0.2879922091960907));
#13806=IFCDIRECTION((0.,0.,1.));
#13807=IFCDIRECTION((1.,0.,0.));
#13808=IFCAXIS2PLACEMENT3D(#13805,#13806,#13807);
#13809=IFCLOCALPLACEMENT(#62,#13808);
#13810=IFCCARTESIANPOINT((2.332676887512207,2.2467217445373535,1.4608726501464844));
#13811=IFCDIRECTION((0.,0.,1.));
#13812=IFCDIRECTION((-0.99999999999992428,-3.8941436741876494E-07,0.));
#13813=IFCAXIS2PLACEMENT3D(#13810,#13811,#13812);
#13814=IFCLOCALPLACEMENT(#62,#13813);
#13815=IFCCARTESIANPOINT((3.2826774120330811,0.507912278175354,1.9037778377532959));
#13816=IFCDIRECTION((0.,0.,1.));
#13817=IFCDIRECTION((1.,0.,0.));
#13818=IFCAXIS2PLACEMENT3D(#13815,#13816,#13817);
#13819=IFCLOCALPLACEMENT(#62,#13818);
#13820=IFCCARTESIANPOINT((1.8323078155517578,0.49819910526275635,0.10377775877714157));
#13821=IFCDIRECTION((0.,0.,1.));
#13822=IFCDIRECTION((1.,0.,0.));
#13823=IFCAXIS2PLACEMENT3D(#13820,#13821,#13822);
#13824=IFCLOCALPLACEMENT(#62,#13823);
#13825=IFCCARTESIANPOINT((3.3076767921447754,2.2717220783233643,1.7999999523162842));
#13826=IFCDIRECTION((0.,0.,1.));
#13827=IFCDIRECTION((-0.99999999999992428,-3.8941436741876494E-07,0.));
#13828=IFCAXIS2PLACEMENT3D(#13825,#13826,#13827);
#13829=IFCLOCALPLACEMENT(#62,#13828);
#13830=IFCRAILING('0dc6zS1FD16RO48xO$pKxA',$,'Railing',$,'FRAMELESS_PANEL',#13855,#13843,$,.USERDEFINED.);
#13836=IFCCARTESIANPOINT((0.,0.,0.));
#13837=IFCDIRECTION((1.,0.,0.));
#13838=IFCDIRECTION((0.,1.,0.));
#13839=IFCDIRECTION((0.,0.,1.));
#13840=IFCCARTESIANTRANSFORMATIONOPERATOR3D(#13837,#13838,#13836,1.,#13839);
#13841=IFCMAPPEDITEM(#12626,#13840);
#13842=IFCSHAPEREPRESENTATION(#11,'Body','MappedRepresentation',(#13841));
#13843=IFCPRODUCTDEFINITIONSHAPE($,$,(#13842,#13850));
#13844=IFCCARTESIANPOINT((0.,0.,0.));
#13845=IFCDIRECTION((1.,0.,0.));
#13846=IFCDIRECTION((0.,1.,0.));
#13847=IFCDIRECTION((0.,0.,1.));
#13848=IFCCARTESIANTRANSFORMATIONOPERATOR3D(#13845,#13846,#13844,1.,#13847);
#13849=IFCMAPPEDITEM(#13538,#13848);
#13850=IFCSHAPEREPRESENTATION(#13,'Box','MappedRepresentation',(#13849));
#13851=IFCCARTESIANPOINT((3.2792551517486572,2.2483382225036621,1.9037778377532959));
#13852=IFCDIRECTION((0.,0.,1.));
#13853=IFCDIRECTION((1.,0.,0.));
#13854=IFCAXIS2PLACEMENT3D(#13851,#13852,#13853);
#13855=IFCLOCALPLACEMENT(#62,#13854);
ENDSEC;
END-ISO-10303-21;
